club_name,player_name,age,position,club_involved_name,fee,transfer_movement,transfer_period,fee_cleaned,league_name,year,season,country
Middlesbrough FC,Tommy Wright,26.0,Left Winger,Leicester,€910Th.,in,Summer,0.91,Premier League,1992,1992/1993,England
Middlesbrough FC,Jonathan Gittens,28.0,defence,Southampton,€250Th.,in,Summer,0.25,Premier League,1992,1992/1993,England
Norwich City,Mark Robins,22.0,Centre-Forward,Man Utd,€1.00m,in,Summer,1.0,Premier League,1992,1992/1993,England
Oldham Athletic,Ian Olney,22.0,Centre-Forward,Aston Villa,€894Th.,in,Summer,0.894,Premier League,1992,1992/1993,England
Oldham Athletic,Neil Pointon,27.0,Left-Back,Man City,€675Th.,in,Summer,0.675,Premier League,1992,1992/1993,England
Oldham Athletic,Steve Redmond,24.0,Centre-Back,Man City,€450Th.,in,Summer,0.45,Premier League,1992,1992/1993,England
Sheffield Wednesday,Mark Bright,30.0,Centre-Forward,Crystal Palace,€1.70m,in,Summer,1.7,Premier League,1992,1992/1993,England
Sheffield Wednesday,Chris Waddle,31.0,Attacking Midfield,Marseille,€1.50m,in,Summer,1.5,Premier League,1992,1992/1993,England
Wimbledon FC,Dean Holdsworth,23.0,Centre-Forward,Brentford,€1.00m,in,Summer,1.0,Premier League,1992,1992/1993,England
Wimbledon FC,Vinnie Jones,27.0,Defensive Midfield,Chelsea,€830Th.,in,Summer,0.83,Premier League,1992,1992/1993,England
Wimbledon FC,Greg Berry,21.0,midfield,Leyton Orient,€313Th.,in,Summer,0.313,Premier League,1992,1992/1993,England
Coventry City,Phil Babb,21.0,Centre-Back,Bradford,€735Th.,in,Summer,0.735,Premier League,1992,1992/1993,England
Coventry City,John Williams,24.0,Centre-Forward,Swansea,€300Th.,in,Summer,0.3,Premier League,1992,1992/1993,England
Manchester United,Dion Dublin,23.0,Centre-Forward,Cambridge Utd.,€1.50m,in,Summer,1.5,Premier League,1992,1992/1993,England
Manchester United,Pat McGibbon,18.0,Centre-Back,Portadown,€225Th.,in,Summer,0.225,Premier League,1992,1992/1993,England
Crystal Palace,Chris Armstrong,21.0,Centre-Forward,Millwall,€1.00m,in,Summer,1.0,Premier League,1992,1992/1993,England
Crystal Palace,Darren Patterson,22.0,Right-Back,Wigan,€340Th.,in,Summer,0.34,Premier League,1992,1992/1993,England
Nottingham Forest,Neil Webb,28.0,Central Midfield,Man Utd,€925Th.,in,Summer,0.925,Premier League,1992,1992/1993,England
Ipswich Town,Geraint Williams,30.0,Defensive Midfield,Derby,€750Th.,in,Summer,0.75,Premier League,1992,1992/1993,England
Arsenal FC,John Jensen,27.0,Central Midfield,Bröndby IF,€1.60m,in,Summer,1.6,Premier League,1992,1992/1993,England
Chelsea FC,Nigel Spackman,31.0,Central Midfield,Rangers,€600Th.,in,Summer,0.6,Premier League,1992,1992/1993,England
Chelsea FC,Anthony Barness,19.0,Right-Back,Charlton,€525Th.,in,Summer,0.525,Premier League,1992,1992/1993,England
Chelsea FC,David Hopkin,22.0,Right Midfield,Morton,€450Th.,in,Summer,0.45,Premier League,1992,1992/1993,England
Chelsea FC,Mick Harford,33.0,Centre-Forward,Luton,€350Th.,in,Summer,0.35,Premier League,1992,1992/1993,England
Chelsea FC,Mal Donaghy,34.0,Left-Back,Man Utd,€200Th.,in,Summer,0.2,Premier League,1992,1992/1993,England
Aston Villa,Dean Saunders,28.0,Centre-Forward,Liverpool,€2.85m,in,Summer,2.85,Premier League,1992,1992/1993,England
Aston Villa,Ray Houghton,30.0,Central Midfield,Liverpool,€1.08m,in,Summer,1.08,Premier League,1992,1992/1993,England
Leeds United,David Rocastle,25.0,Attacking Midfield,Arsenal,€2.40m,in,Summer,2.4,Premier League,1992,1992/1993,England
Leeds United,Kevin Sharp,18.0,Left-Back,AJ Auxerre U19,€90Th.,in,Summer,0.09,Premier League,1992,1992/1993,England
Sheffield United,Alan Kelly,23.0,Goalkeeper,Preston,€210Th.,in,Summer,0.21,Premier League,1992,1992/1993,England
Southampton FC,Perry Groves,27.0,Left Winger,Arsenal,€850Th.,in,Summer,0.85,Premier League,1992,1992/1993,England
Southampton FC,Ken Monkou,27.0,Centre-Back,Chelsea,€844Th.,in,Summer,0.844,Premier League,1992,1992/1993,England
Southampton FC,Kerry Dixon,30.0,Centre-Forward,Chelsea,€650Th.,in,Summer,0.65,Premier League,1992,1992/1993,England
Southampton FC,David Speedie,32.0,Centre-Forward,Blackburn,€600Th.,in,Summer,0.6,Premier League,1992,1992/1993,England
Blackburn Rovers,Alan Shearer,21.0,Centre-Forward,Southampton,€4.50m,in,Summer,4.5,Premier League,1992,1992/1993,England
Blackburn Rovers,Stuart Ripley,24.0,Right Winger,Middlesbrough,€2.00m,in,Summer,2.0,Premier League,1992,1992/1993,England
Blackburn Rovers,Tim Sherwood,23.0,Central Midfield,Norwich,€750Th.,in,Summer,0.75,Premier League,1992,1992/1993,England
Blackburn Rovers,Patrik Andersson,20.0,Centre-Back,Malmö FF,€500Th.,in,Summer,0.5,Premier League,1992,1992/1993,England
Blackburn Rovers,Lee Makel,19.0,Attacking Midfield,Newcastle,€240Th.,in,Summer,0.24,Premier League,1992,1992/1993,England
Blackburn Rovers,Wayne Burnett,20.0,midfield,Leyton Orient,€96Th.,in,Summer,0.096,Premier League,1992,1992/1993,England
Tottenham Hotspur,Teddy Sheringham,26.0,Centre-Forward,Nottm Forest,€3.15m,in,Summer,3.15,Premier League,1992,1992/1993,England
Tottenham Hotspur,Darren Anderton,20.0,Right Midfield,Portsmouth,€2.70m,in,Summer,2.7,Premier League,1992,1992/1993,England
Tottenham Hotspur,Jason Cundy,22.0,Centre-Back,Chelsea,€875Th.,in,Summer,0.875,Premier League,1992,1992/1993,England
Tottenham Hotspur,Neil Ruddock,24.0,Centre-Back,Southampton,€850Th.,in,Summer,0.85,Premier League,1992,1992/1993,England
Liverpool FC,Paul Stewart,27.0,Defensive Midfield,Spurs,€2.75m,in,Summer,2.75,Premier League,1992,1992/1993,England
Liverpool FC,David James,21.0,Goalkeeper,Watford,€1.40m,in,Summer,1.4,Premier League,1992,1992/1993,England
Everton FC,Paul Rideout,28.0,Centre-Forward,Rangers,€583Th.,in,Summer,0.583,Premier League,1992,1992/1993,England
Everton FC,Preki,29.0,Attacking Midfield,Storm,€120Th.,in,Summer,0.12,Premier League,1992,1992/1993,England
Middlesbrough FC,Derek Whyte,24.0,Centre-Back,Celtic,€1.25m,in,Winter,1.25,Premier League,1992,1992/1993,England
Middlesbrough FC,Craig Hignett,22.0,Right Winger,Crewe Alexandra,€750Th.,in,Winter,0.75,Premier League,1992,1992/1993,England
Middlesbrough FC,Richard Liburd,19.0,defence,Eastwood Town,€24Th.,in,Winter,0.024,Premier League,1992,1992/1993,England
Oldham Athletic,Darren Beckford,25.0,Centre-Forward,Norwich,€330Th.,in,Winter,0.33,Premier League,1992,1992/1993,England
Oldham Athletic,Mark Brennan,27.0,Central Midfield,Man City,€222Th.,in,Winter,0.222,Premier League,1992,1992/1993,England
Queens Park Rangers,Devon White,28.0,attack,Cambridge Utd.,€126Th.,in,Winter,0.126,Premier League,1992,1992/1993,England
Coventry City,Micky Quinn,30.0,Centre-Forward,Newcastle,€300Th.,in,Winter,0.3,Premier League,1992,1992/1993,England
Coventry City,David Rennie,28.0,Defensive Midfield,Birmingham,€120Th.,in,Winter,0.12,Premier League,1992,1992/1993,England
Manchester United,Eric Cantona,26.0,Second Striker,Leeds,€1.80m,in,Winter,1.8,Premier League,1992,1992/1993,England
Nottingham Forest,Robert Rosario,26.0,attack,Coventry,€485Th.,in,Winter,0.485,Premier League,1992,1992/1993,England
Arsenal FC,Martin Keown,26.0,Centre-Back,Everton,€3.00m,in,Winter,3.0,Premier League,1992,1992/1993,England
Chelsea FC,Dmitri Kharin,24.0,Goalkeeper,CSKA Moscow,€400Th.,in,Winter,0.4,Premier League,1992,1992/1993,England
Chelsea FC,Steve Livingstone,23.0,Centre-Forward,Blackburn,€400Th.,in,Winter,0.4,Premier League,1992,1992/1993,England
Leeds United,David Kerslake,26.0,Right-Back,Swindon Town,€625Th.,in,Winter,0.625,Premier League,1992,1992/1993,England
Leeds United,Mark Andrew Beeney,25.0,Goalkeeper,Brighton,€350Th.,in,Winter,0.35,Premier League,1992,1992/1993,England
Leeds United,Frank Strandli,20.0,Centre-Forward,IK Start,€350Th.,in,Winter,0.35,Premier League,1992,1992/1993,England
Sheffield United,Franz Carr,26.0,Right Winger,Newcastle,€150Th.,in,Winter,0.15,Premier League,1992,1992/1993,England
Southampton FC,Frankie Bennett,24.0,Centre-Forward,Halesowen,€9Th.,in,Winter,0.009,Premier League,1992,1992/1993,England
Blackburn Rovers,Graeme Le Saux,24.0,Left-Back,Chelsea,€1.05m,in,Winter,1.05,Premier League,1992,1992/1993,England
Blackburn Rovers,Henning Berg,23.0,Right-Back,Lillestrøm,€550Th.,in,Winter,0.55,Premier League,1992,1992/1993,England
Blackburn Rovers,Simon Ireland,20.0,midfield,Huddersfield,€252Th.,in,Winter,0.252,Premier League,1992,1992/1993,England
Aston Villa,Andy Townsend,29.0,Central Midfield,Chelsea,€2.40m,in,Summer,2.4,Premier League,1993,1993/1994,England
Aston Villa,Guy Whittingham,28.0,Centre-Forward,Portsmouth,€1.80m,in,Summer,1.8,Premier League,1993,1993/1994,England
Norwich City,Spencer Prior,22.0,Centre-Back,Southend United,€250Th.,in,Summer,0.25,Premier League,1993,1993/1994,England
Queens Park Rangers,Steve Yates,23.0,defence,Bristol Rovers,€820Th.,in,Summer,0.82,Premier League,1993,1993/1994,England
Sheffield Wednesday,Andy Sinton,27.0,Left Midfield,QPR,€3.35m,in,Summer,3.35,Premier League,1993,1993/1994,England
Sheffield Wednesday,Des Walker,27.0,Centre-Back,Sampdoria,€3.00m,in,Summer,3.0,Premier League,1993,1993/1994,England
Sheffield Wednesday,Andy Pearce,27.0,Centre-Back,Coventry,€600Th.,in,Summer,0.6,Premier League,1993,1993/1994,England
Sheffield Wednesday,Adem Poric,20.0,Central Midfield,St. George Saints,€72Th.,in,Summer,0.072,Premier League,1993,1993/1994,England
Wimbledon FC,Alan Kimble,26.0,Left-Back,Cambridge Utd.,€210Th.,in,Summer,0.21,Premier League,1993,1993/1994,England
Coventry City,Mick Harford,34.0,Centre-Forward,Sunderland,€225Th.,in,Summer,0.225,Premier League,1993,1993/1994,England
Coventry City,Paul Williams,23.0,defence,Stockport,€185Th.,in,Summer,0.185,Premier League,1993,1993/1994,England
Coventry City,Julian Darby,25.0,midfield,Bolton,€180Th.,in,Summer,0.18,Premier League,1993,1993/1994,England
Coventry City,Steve Morgan,24.0,Left-Back,Plymouth,€135Th.,in,Summer,0.135,Premier League,1993,1993/1994,England
Coventry City,John Gayle,29.0,Centre-Forward,Birmingham,€120Th.,in,Summer,0.12,Premier League,1993,1993/1994,England
Coventry City,Ally Pickering,26.0,defence,Rotherham,€100Th.,in,Summer,0.1,Premier League,1993,1993/1994,England
Manchester United,Roy Keane,21.0,Defensive Midfield,Nottm Forest,€8.50m,in,Summer,8.5,Premier League,1993,1993/1994,England
Newcastle United,Peter Beardsley,32.0,Second Striker,Everton,€1.70m,in,Summer,1.7,Premier League,1993,1993/1994,England
Newcastle United,Scott Sellars,27.0,Left Midfield,Leeds,€700Th.,in,Summer,0.7,Premier League,1993,1993/1994,England
Newcastle United,Mike Hooper,29.0,Goalkeeper,Liverpool,€628Th.,in,Summer,0.628,Premier League,1993,1993/1994,England
Newcastle United,Malcolm Allen,26.0,Centre-Forward,Millwall,€350Th.,in,Summer,0.35,Premier League,1993,1993/1994,England
Newcastle United,Alex Mathie,24.0,Centre-Forward,Morton,€320Th.,in,Summer,0.32,Premier League,1993,1993/1994,England
Newcastle United,Nikodimos Papavasiliou,22.0,Left Winger,OFI Crete FC,€180Th.,in,Summer,0.18,Premier League,1993,1993/1994,England
Newcastle United,Michael Jeffrey,21.0,Centre-Forward,Doncaster,€100Th.,in,Summer,0.1,Premier League,1993,1993/1994,England
Ipswich Town,Steve Sedgley,26.0,Central Midfield,Spurs,€1.25m,in,Summer,1.25,Premier League,1993,1993/1994,England
Ipswich Town,Ian Marshall,27.0,Centre-Forward,Oldham Athletic,€1.13m,in,Summer,1.13,Premier League,1993,1993/1994,England
Chelsea FC,Gavin Peacock,25.0,midfield,Newcastle,€1.70m,in,Summer,1.7,Premier League,1993,1993/1994,England
Chelsea FC,Mark Stein,27.0,Centre-Forward,Stoke City,€1.66m,in,Summer,1.66,Premier League,1993,1993/1994,England
Chelsea FC,Jakob Kjeldbjerg,23.0,Centre-Back,Silkeborg IF,€480Th.,in,Summer,0.48,Premier League,1993,1993/1994,England
Arsenal FC,Eddie McGoldrick,28.0,Right Winger,Crystal Palace,€1.28m,in,Summer,1.28,Premier League,1993,1993/1994,England
Leeds United,Brian Deane,25.0,Centre-Forward,Sheff Utd,€4.35m,in,Summer,4.35,Premier League,1993,1993/1994,England
West Ham United,Dale Gordon,26.0,Right Midfield,Rangers,€850Th.,in,Summer,0.85,Premier League,1993,1993/1994,England
West Ham United,Simon Webster,29.0,defence,Charlton,€650Th.,in,Summer,0.65,Premier League,1993,1993/1994,England
West Ham United,Lee Chapman,33.0,Centre-Forward,Portsmouth,€313Th.,in,Summer,0.313,Premier League,1993,1993/1994,England
West Ham United,Keith Rowland,21.0,Left-Back,Bournemouth,€165Th.,in,Summer,0.165,Premier League,1993,1993/1994,England
Swindon Town,Jan Aage Fjörtoft,26.0,Centre-Forward,Rapid Vienna,€700Th.,in,Summer,0.7,Premier League,1993,1993/1994,England
Swindon Town,Adrian Richard Whitbread,21.0,Centre-Back,Leyton Orient,€623Th.,in,Summer,0.623,Premier League,1993,1993/1994,England
Swindon Town,Andy Mutch,29.0,attack,Wolves,€310Th.,in,Summer,0.31,Premier League,1993,1993/1994,England
Sheffield United,Willie Falconer,27.0,Centre-Forward,Middlesbrough,€600Th.,in,Summer,0.6,Premier League,1993,1993/1994,England
Sheffield United,Rob Scott,19.0,Right-Back,Sutton Utd,€25Th.,in,Summer,0.025,Premier League,1993,1993/1994,England
Manchester City,Alan Kernaghan,26.0,Centre-Back,Middlesbrough,€2.40m,in,Summer,2.4,Premier League,1993,1993/1994,England
Manchester City,Carl Griffiths,21.0,Centre-Forward,Shrewsbury,€600Th.,in,Summer,0.6,Premier League,1993,1993/1994,England
Manchester City,Alfons Groenendijk,29.0,Defensive Midfield,Ajax,€341Th.,in,Summer,0.341,Premier League,1993,1993/1994,England
Southampton FC,Paul Allen,30.0,Right Midfield,Spurs,€660Th.,in,Summer,0.66,Premier League,1993,1993/1994,England
Southampton FC,Simon Charlton,21.0,Left-Back,Huddersfield,€350Th.,in,Summer,0.35,Premier League,1993,1993/1994,England
Blackburn Rovers,Paul Warhurst,23.0,Centre-Back,Sheff Wed,€3.75m,in,Summer,3.75,Premier League,1993,1993/1994,England
Blackburn Rovers,Ian Pearce,19.0,Centre-Back,Chelsea,€450Th.,in,Summer,0.45,Premier League,1993,1993/1994,England
Tottenham Hotspur,Jason Dozzell,25.0,Central Midfield,Ipswich,€2.40m,in,Summer,2.4,Premier League,1993,1993/1994,England
Tottenham Hotspur,David Kerslake,27.0,Right-Back,Leeds,€563Th.,in,Summer,0.563,Premier League,1993,1993/1994,England
Liverpool FC,Neil Ruddock,25.0,Centre-Back,Spurs,€3.00m,in,Summer,3.0,Premier League,1993,1993/1994,England
Liverpool FC,Nigel Clough,27.0,Attacking Midfield,Nottm Forest,€2.75m,in,Summer,2.75,Premier League,1993,1993/1994,England
Liverpool FC,Julian Dicks,25.0,Left-Back,West Ham,€2.25m,in,Summer,2.25,Premier League,1993,1993/1994,England
Everton FC,Graham Stuart,22.0,Attacking Midfield,Chelsea,€1.28m,in,Summer,1.28,Premier League,1993,1993/1994,England
Aston Villa,Scott Murray,19.0,Right Midfield,Fraserburgh,€50Th.,in,Winter,0.05,Premier League,1993,1993/1994,England
Norwich City,Neil Adams,28.0,Right-Back,Oldham Athletic,€375Th.,in,Winter,0.375,Premier League,1993,1993/1994,England
Oldham Athletic,Sean McCarthy,26.0,attack,Bradford,€628Th.,in,Winter,0.628,Premier League,1993,1993/1994,England
Sheffield Wednesday,Simon Coleman,25.0,Centre-Back,Derby,€382Th.,in,Winter,0.382,Premier League,1993,1993/1994,England
Wimbledon FC,Marcus Gayle,23.0,Centre-Forward,Brentford,€375Th.,in,Winter,0.375,Premier League,1993,1993/1994,England
Newcastle United,Ruel Fox,26.0,Right Winger,Norwich,€2.50m,in,Winter,2.5,Premier League,1993,1993/1994,England
Newcastle United,Chris Holland,18.0,Central Midfield,Preston,€119Th.,in,Winter,0.119,Premier League,1993,1993/1994,England
Leeds United,John Pemberton,28.0,Centre-Back,Sheff Utd,€313Th.,in,Winter,0.313,Premier League,1993,1993/1994,England
West Ham United,Malcolm McPherson,19.0,Centre-Forward,Yeovil Town,€36Th.,in,Winter,0.036,Premier League,1993,1993/1994,England
Swindon Town,Brian Kilcline,31.0,Centre-Back,Newcastle,€113Th.,in,Winter,0.113,Premier League,1993,1993/1994,England
Sheffield United,Nathan Blake,21.0,Centre-Forward,Cardiff,€420Th.,in,Winter,0.42,Premier League,1993,1993/1994,England
Manchester City,David Rocastle,26.0,Attacking Midfield,Leeds,€2.40m,in,Winter,2.4,Premier League,1993,1993/1994,England
Manchester City,Uwe Rösler,25.0,Centre-Forward,1.FC Nuremberg,€1.00m,in,Winter,1.0,Premier League,1993,1993/1994,England
Manchester City,Paul Walsh,31.0,Centre-Forward,Portsmouth,€850Th.,in,Winter,0.85,Premier League,1993,1993/1994,England
Southampton FC,Jim Magilton,24.0,Right Midfield,Oxford United,€800Th.,in,Winter,0.8,Premier League,1993,1993/1994,England
Southampton FC,Neil Heaney,22.0,Right Winger,Arsenal,€380Th.,in,Winter,0.38,Premier League,1993,1993/1994,England
Southampton FC,Dave Beasant,34.0,Goalkeeper,Chelsea,€380Th.,in,Winter,0.38,Premier League,1993,1993/1994,England
Southampton FC,Craig Maskell,25.0,Centre-Forward,Swindon Town,€350Th.,in,Winter,0.35,Premier League,1993,1993/1994,England
Blackburn Rovers,Tim Flowers,26.0,Goalkeeper,Southampton,€3.80m,in,Winter,3.8,Premier League,1993,1993/1994,England
Blackburn Rovers,David Batty,25.0,Defensive Midfield,Leeds,€3.78m,in,Winter,3.78,Premier League,1993,1993/1994,England
Tottenham Hotspur,Kevin Scott,27.0,Centre-Back,Newcastle,€1.10m,in,Winter,1.1,Premier League,1993,1993/1994,England
Tottenham Hotspur,Ronny Rosenthal,30.0,Left Winger,Liverpool,€300Th.,in,Winter,0.3,Premier League,1993,1993/1994,England
Tottenham Hotspur,Micky Hazard,33.0,Central Midfield,Swindon Town,€55Th.,in,Winter,0.055,Premier League,1993,1993/1994,England
Everton FC,Anders Limpar,28.0,Attacking Midfield,Arsenal,€1.90m,in,Winter,1.9,Premier League,1993,1993/1994,England
Everton FC,Brett Angell,25.0,Centre-Forward,Southend United,€500Th.,in,Winter,0.5,Premier League,1993,1993/1994,England
Everton FC,Joe Parkinson,22.0,midfield,Bournemouth,€375Th.,in,Winter,0.375,Premier League,1993,1993/1994,England
Ipswich Town,Claus Thomsen,24.0,Centre-Back,Aarhus GF,€350Th.,in,Summer,0.35,Premier League,1994,1994/1995,England
Ipswich Town,Mauricio Taricco,21.0,Left-Back,Argentinos Jrs.,€245Th.,in,Summer,0.245,Premier League,1994,1994/1995,England
Norwich City,Jon Newsome,23.0,Right-Back,Leeds,€1.50m,in,Summer,1.5,Premier League,1994,1994/1995,England
Norwich City,Mike Sheron,22.0,Centre-Forward,Man City,€1.38m,in,Summer,1.38,Premier League,1994,1994/1995,England
Norwich City,Carl Bradshaw,25.0,Right-Back,Sheff Utd,€580Th.,in,Summer,0.58,Premier League,1994,1994/1995,England
Queens Park Rangers,Steve Hodge,31.0,Central Midfield,Leeds,€360Th.,in,Summer,0.36,Premier League,1994,1994/1995,England
Sheffield Wednesday,Ian Nolan,24.0,Left-Back,Tranmere Rovers,€2.25m,in,Summer,2.25,Premier League,1994,1994/1995,England
Sheffield Wednesday,Peter Atherton,24.0,Right-Back,Coventry,€1.15m,in,Summer,1.15,Premier League,1994,1994/1995,England
Leicester City,Mark Draper,23.0,Central Midfield,Notts County,€1.88m,in,Summer,1.88,Premier League,1994,1994/1995,England
Leicester City,Franz Carr,28.0,Right Winger,Sheff Utd,€120Th.,in,Summer,0.12,Premier League,1994,1994/1995,England
Wimbledon FC,Efan Ekoku,27.0,Centre-Forward,Norwich,€750Th.,in,Summer,0.75,Premier League,1994,1994/1995,England
Wimbledon FC,Mick Harford,35.0,Centre-Forward,Coventry,€55Th.,in,Summer,0.055,Premier League,1994,1994/1995,England
Coventry City,Dion Dublin,25.0,Centre-Forward,Man Utd,€3.00m,in,Summer,3.0,Premier League,1994,1994/1995,England
Coventry City,Steven Pressley,20.0,Centre-Back,Rangers,€900Th.,in,Summer,0.9,Premier League,1994,1994/1995,England
Manchester United,David May,24.0,Centre-Back,Blackburn,€2.10m,in,Summer,2.1,Premier League,1994,1994/1995,England
Manchester United,Graeme Tomlinson,18.0,attack,Bradford,€120Th.,in,Summer,0.12,Premier League,1994,1994/1995,England
Crystal Palace,Darren Pitcher,24.0,Right-Back,Charlton,€890Th.,in,Summer,0.89,Premier League,1994,1994/1995,England
Newcastle United,Darren Peacock,26.0,Centre-Back,QPR,€5.00m,in,Summer,5.0,Premier League,1994,1994/1995,England
Newcastle United,Paul Kitson,23.0,Centre-Forward,Derby,€3.38m,in,Summer,3.38,Premier League,1994,1994/1995,England
Newcastle United,Marc Hottiger,26.0,Right-Back,FC Sion,€800Th.,in,Summer,0.8,Premier League,1994,1994/1995,England
Newcastle United,Steve Guppy,25.0,Left Winger,Wycombe,€200Th.,in,Summer,0.2,Premier League,1994,1994/1995,England
Nottingham Forest,Kevin Campbell,24.0,Centre-Forward,Arsenal,€4.20m,in,Summer,4.2,Premier League,1994,1994/1995,England
Nottingham Forest,Bryan Roy,24.0,Left Winger,Foggia,€2.50m,in,Summer,2.5,Premier League,1994,1994/1995,England
Arsenal FC,Stefan Schwarz,25.0,Central Midfield,Benfica,€1.00m,in,Summer,1.0,Premier League,1994,1994/1995,England
Arsenal FC,Lee Harper,22.0,Goalkeeper,Sittingbourne FC,€180Th.,in,Summer,0.18,Premier League,1994,1994/1995,England
Chelsea FC,Paul Furlong,25.0,Centre-Forward,Watford,€3.50m,in,Summer,3.5,Premier League,1994,1994/1995,England
Chelsea FC,David Rocastle,27.0,Attacking Midfield,Man City,€1.48m,in,Summer,1.48,Premier League,1994,1994/1995,England
Chelsea FC,Scott Minto,22.0,Left-Back,Charlton,€1.15m,in,Summer,1.15,Premier League,1994,1994/1995,England
Aston Villa,John Fashanu,31.0,Centre-Forward,Wimbledon FC,€1.62m,in,Summer,1.62,Premier League,1994,1994/1995,England
Aston Villa,Phil King,26.0,Left-Back,Sheff Wed,€240Th.,in,Summer,0.24,Premier League,1994,1994/1995,England
Leeds United,Carlton Palmer,28.0,Defensive Midfield,Sheff Wed,€3.15m,in,Summer,3.15,Premier League,1994,1994/1995,England
Leeds United,Nigel Worthington,32.0,Left-Back,Sheff Wed,€400Th.,in,Summer,0.4,Premier League,1994,1994/1995,England
Leeds United,Lucas Radebe,25.0,Centre-Back,Kaizer Chiefs,€375Th.,in,Summer,0.375,Premier League,1994,1994/1995,England
West Ham United,Don Hutchison,19.0,Attacking Midfield,Liverpool,€2.25m,in,Summer,2.25,Premier League,1994,1994/1995,England
West Ham United,Marc Rieper,26.0,Centre-Back,Bröndby IF,€1.70m,in,Summer,1.7,Premier League,1994,1994/1995,England
West Ham United,Julian Dicks,26.0,Left-Back,Liverpool,€1.50m,in,Summer,1.5,Premier League,1994,1994/1995,England
West Ham United,Joey Beauchamp,23.0,Left Midfield,Oxford United,€1.40m,in,Summer,1.4,Premier League,1994,1994/1995,England
West Ham United,Adrian Richard Whitbread,22.0,Centre-Back,Swindon Town,€623Th.,in,Summer,0.623,Premier League,1994,1994/1995,England
Manchester City,Nicky Summerbee,22.0,Right Midfield,Swindon Town,€2.25m,in,Summer,2.25,Premier League,1994,1994/1995,England
Southampton FC,Peter Whiston,26.0,Centre-Back,Exeter City,€38Th.,in,Summer,0.038,Premier League,1994,1994/1995,England
Blackburn Rovers,Chris Sutton,21.0,Centre-Forward,Norwich,€7.50m,in,Summer,7.5,Premier League,1994,1994/1995,England
Tottenham Hotspur,Ilie Dumitrescu,25.0,Left Winger,Steaua Bucharest,€3.70m,in,Summer,3.7,Premier League,1994,1994/1995,England
Tottenham Hotspur,Gheorghe Popescu,26.0,Centre-Back,PSV Eindhoven,€2.90m,in,Summer,2.9,Premier League,1994,1994/1995,England
Tottenham Hotspur,Jürgen Klinsmann,29.0,Centre-Forward,Monaco,€2.75m,in,Summer,2.75,Premier League,1994,1994/1995,England
Liverpool FC,Phil Babb,23.0,Centre-Back,Coventry,€5.43m,in,Summer,5.43,Premier League,1994,1994/1995,England
Liverpool FC,John Scales,28.0,Centre-Back,Wimbledon FC,€4.10m,in,Summer,4.1,Premier League,1994,1994/1995,England
Liverpool FC,Michael Stensgaard,19.0,Goalkeeper,Hvidovre,€480Th.,in,Summer,0.48,Premier League,1994,1994/1995,England
Everton FC,Daniel Amokachi,21.0,Centre-Forward,Club Brugge,€3.50m,in,Summer,3.5,Premier League,1994,1994/1995,England
Everton FC,Gary Rowett,20.0,Right-Back,Cambridge Utd.,€280Th.,in,Summer,0.28,Premier League,1994,1994/1995,England
Ipswich Town,Chris Swailes,24.0,Centre-Back,Doncaster,€338Th.,in,Winter,0.338,Premier League,1994,1994/1995,England
Ipswich Town,Lee Chapman,35.0,Centre-Forward,West Ham,€88Th.,in,Winter,0.088,Premier League,1994,1994/1995,England
Sheffield Wednesday,Guy Whittingham,30.0,Centre-Forward,Aston Villa,€1.00m,in,Winter,1.0,Premier League,1994,1994/1995,England
Sheffield Wednesday,O'Neill Donaldson,25.0,Centre-Forward,Doncaster,€57Th.,in,Winter,0.057,Premier League,1994,1994/1995,England
Leicester City,Mark Robins,25.0,Centre-Forward,Norwich,€1.25m,in,Winter,1.25,Premier League,1994,1994/1995,England
Leicester City,Garry Parker,29.0,Central Midfield,Aston Villa,€450Th.,in,Winter,0.45,Premier League,1994,1994/1995,England
Wimbledon FC,Öyvind Leonhardsen,24.0,Attacking Midfield,Rosenborg,€975Th.,in,Winter,0.975,Premier League,1994,1994/1995,England
Wimbledon FC,Kenny Cunningham,23.0,Centre-Back,Millwall,€900Th.,in,Winter,0.9,Premier League,1994,1994/1995,England
Wimbledon FC,Jon Goodman,23.0,Centre-Forward,Millwall,€650Th.,in,Winter,0.65,Premier League,1994,1994/1995,England
Coventry City,David Burrows,26.0,Left-Back,Everton,€1.65m,in,Winter,1.65,Premier League,1994,1994/1995,England
Coventry City,John Filan,24.0,Goalkeeper,Cambridge Utd.,€600Th.,in,Winter,0.6,Premier League,1994,1994/1995,England
Coventry City,Mike Marsh,25.0,Central Midfield,West Ham,€550Th.,in,Winter,0.55,Premier League,1994,1994/1995,England
Coventry City,Kevin Richardson,32.0,Central Midfield,Aston Villa,€380Th.,in,Winter,0.38,Premier League,1994,1994/1995,England
Manchester United,Andy Cole,23.0,Centre-Forward,Newcastle,€9.60m,in,Winter,9.6,Premier League,1994,1994/1995,England
Crystal Palace,Iain Dowie,30.0,Centre-Forward,Southampton,€500Th.,in,Winter,0.5,Premier League,1994,1994/1995,England
Crystal Palace,Ray Houghton,33.0,Central Midfield,Aston Villa,€359Th.,in,Winter,0.359,Premier League,1994,1994/1995,England
Newcastle United,Keith Gillespie,19.0,Right Midfield,Man Utd,€1.50m,in,Winter,1.5,Premier League,1994,1994/1995,England
Arsenal FC,John Hartson,19.0,Centre-Forward,Luton,€3.75m,in,Winter,3.75,Premier League,1994,1994/1995,England
Arsenal FC,Chris Kiwomya,25.0,Centre-Forward,Ipswich,€2.25m,in,Winter,2.25,Premier League,1994,1994/1995,England
Aston Villa,Tommy Johnson,23.0,Centre-Forward,Derby,€2.18m,in,Winter,2.18,Premier League,1994,1994/1995,England
Aston Villa,Alan Wright,23.0,Left-Back,Blackburn,€1.50m,in,Winter,1.5,Premier League,1994,1994/1995,England
Aston Villa,Ian Taylor,26.0,Defensive Midfield,Sheff Wed,€1.50m,in,Winter,1.5,Premier League,1994,1994/1995,England
Aston Villa,Franz Carr,28.0,Right Winger,Leicester,€300Th.,in,Winter,0.3,Premier League,1994,1994/1995,England
Leeds United,Anthony Yeboah,28.0,Centre-Forward,E. Frankfurt,Loan fee:€1.00m,in,Winter,1.0,Premier League,1994,1994/1995,England
Manchester City,Maurizio Gaudino,28.0,Central Midfield,E. Frankfurt,Loan fee:€250Th.,in,Winter,0.25,Premier League,1994,1994/1995,England
Southampton FC,Neil Shipperley,20.0,Centre-Forward,Chelsea,€1.75m,in,Winter,1.75,Premier League,1994,1994/1995,England
Southampton FC,Gordon Watson,23.0,Centre-Forward,Sheff Wed,€1.45m,in,Winter,1.45,Premier League,1994,1994/1995,England
Southampton FC,Christer Warren,20.0,midfield,Cheltenham,€50Th.,in,Winter,0.05,Premier League,1994,1994/1995,England
Blackburn Rovers,Jeff Kenna,24.0,Right-Back,Southampton,€2.25m,in,Winter,2.25,Premier League,1994,1994/1995,England
Liverpool FC,Mark Kennedy,18.0,Left-Back,Millwall,€2.05m,in,Winter,2.05,Premier League,1994,1994/1995,England
Everton FC,Duncan Ferguson,23.0,Centre-Forward,Rangers,€6.10m,in,Winter,6.1,Premier League,1994,1994/1995,England
Everton FC,Earl Barrett,27.0,Right-Back,Aston Villa,€2.50m,in,Winter,2.5,Premier League,1994,1994/1995,England
Arsenal FC,Dennis Bergkamp,26.0,Second Striker,Inter,€11.25m,in,Summer,11.25,Premier League,1995,1995/1996,England
Arsenal FC,David Platt,29.0,Attacking Midfield,Sampdoria,€7.10m,in,Summer,7.1,Premier League,1995,1995/1996,England
Chelsea FC,Mark Hughes,31.0,Centre-Forward,Man Utd,€1.90m,in,Summer,1.9,Premier League,1995,1995/1996,England
Middlesbrough FC,Nick Barmby,21.0,Left Midfield,Spurs,€7.50m,in,Summer,7.5,Premier League,1995,1995/1996,England
Middlesbrough FC,Juninho Paulista,22.0,Attacking Midfield,São Paulo,€5.50m,in,Summer,5.5,Premier League,1995,1995/1996,England
Nottingham Forest,Chris Bart-Williams,21.0,Attacking Midfield,Sheff Wed,€3.75m,in,Summer,3.75,Premier League,1995,1995/1996,England
Nottingham Forest,Richard Irving,19.0,attack,Man Utd,€93Th.,in,Summer,0.093,Premier League,1995,1995/1996,England
Newcastle United,Les Ferdinand,28.0,Centre-Forward,QPR,€9.50m,in,Summer,9.5,Premier League,1995,1995/1996,England
Newcastle United,Warren Barton,26.0,Right-Back,Wimbledon FC,€4.50m,in,Summer,4.5,Premier League,1995,1995/1996,England
Newcastle United,David Ginola,28.0,Left Winger,Paris SG,€2.85m,in,Summer,2.85,Premier League,1995,1995/1996,England
Newcastle United,Shaka Hislop,26.0,Goalkeeper,Reading,€2.20m,in,Summer,2.2,Premier League,1995,1995/1996,England
Newcastle United,Darren Huckerby,19.0,Right Winger,Lincoln City,€400Th.,in,Summer,0.4,Premier League,1995,1995/1996,England
Coventry City,Paul Telfer,23.0,Right-Back,Luton,€1.65m,in,Summer,1.65,Premier League,1995,1995/1996,England
Coventry City,Paul Williams,24.0,Centre-Back,Derby,€1.14m,in,Summer,1.14,Premier League,1995,1995/1996,England
Coventry City,Sam Shilton,17.0,Left-Back,Plymouth,€160Th.,in,Summer,0.16,Premier League,1995,1995/1996,England
Wimbledon FC,Paul Heald,26.0,Goalkeeper,Leyton Orient,€125Th.,in,Summer,0.125,Premier League,1995,1995/1996,England
Sheffield Wednesday,Dejan Stefanovic,20.0,Centre-Back,Red Star,€3.00m,in,Summer,3.0,Premier League,1995,1995/1996,England
Sheffield Wednesday,Mark Pembridge,24.0,Left Midfield,Derby,€1.25m,in,Summer,1.25,Premier League,1995,1995/1996,England
Sheffield Wednesday,Marc Degryse,29.0,Centre-Forward,RSC Anderlecht,€1.25m,in,Summer,1.25,Premier League,1995,1995/1996,England
Aston Villa,Mark Draper,24.0,Central Midfield,Leicester,€4.88m,in,Summer,4.88,Premier League,1995,1995/1996,England
Aston Villa,Gareth Southgate,24.0,Centre-Back,Crystal Palace,€3.75m,in,Summer,3.75,Premier League,1995,1995/1996,England
Aston Villa,Savo Milosevic,21.0,Centre-Forward,Partizan,€1.50m,in,Summer,1.5,Premier League,1995,1995/1996,England
Aston Villa,Carl Tiler,25.0,Centre-Back,Nottm Forest,€937Th.,in,Summer,0.937,Premier League,1995,1995/1996,England
Leeds United,Anthony Yeboah,29.0,Centre-Forward,E. Frankfurt,€3.25m,in,Summer,3.25,Premier League,1995,1995/1996,England
Leeds United,Richard Jobson,32.0,Centre-Back,Oldham Athletic,€1.15m,in,Summer,1.15,Premier League,1995,1995/1996,England
Leeds United,Paul Beesley,30.0,Centre-Back,Sheff Utd,€300Th.,in,Summer,0.3,Premier League,1995,1995/1996,England
Everton FC,Andrey Kanchelskis,26.0,Right Midfield,Man Utd,€7.50m,in,Summer,7.5,Premier League,1995,1995/1996,England
Everton FC,Gary Speed,25.0,Left Midfield,Leeds,€4.87m,in,Summer,4.87,Premier League,1995,1995/1996,England
Everton FC,Craig Short,27.0,Centre-Back,Derby,€3.60m,in,Summer,3.6,Premier League,1995,1995/1996,England
Everton FC,Marc Hottiger,27.0,Right-Back,Newcastle,€1.01m,in,Summer,1.01,Premier League,1995,1995/1996,England
Liverpool FC,Stan Collymore,24.0,Centre-Forward,Nottm Forest,€13.00m,in,Summer,13.0,Premier League,1995,1995/1996,England
Liverpool FC,Jason McAteer,24.0,Right Midfield,Bolton,€6.25m,in,Summer,6.25,Premier League,1995,1995/1996,England
Tottenham Hotspur,Chris Armstrong,24.0,Centre-Forward,Crystal Palace,€6.80m,in,Summer,6.8,Premier League,1995,1995/1996,England
Tottenham Hotspur,Ruel Fox,27.0,Right Winger,Newcastle,€4.75m,in,Summer,4.75,Premier League,1995,1995/1996,England
Blackburn Rovers,Matty Holmes,26.0,Left Midfield,West Ham,€1.50m,in,Summer,1.5,Premier League,1995,1995/1996,England
Blackburn Rovers,Lars Bohinen,26.0,Central Midfield,Nottm Forest,€770Th.,in,Summer,0.77,Premier League,1995,1995/1996,England
Blackburn Rovers,Graham Coughlan,20.0,Centre-Back,Bray Wanderers,€150Th.,in,Summer,0.15,Premier League,1995,1995/1996,England
Southampton FC,Alan Neilson,22.0,Centre-Back,Newcastle,€1.20m,in,Summer,1.2,Premier League,1995,1995/1996,England
Southampton FC,Barry Venison,31.0,Right-Back,Galatasaray,€1.00m,in,Summer,1.0,Premier League,1995,1995/1996,England
Manchester City,Giorgi Kinkladze,21.0,Attacking Midfield,Dinamo Tbilisi,€4.00m,in,Summer,4.0,Premier League,1995,1995/1996,England
Manchester City,Kit Symons,24.0,Centre-Back,Portsmouth,€1.50m,in,Summer,1.5,Premier League,1995,1995/1996,England
Manchester City,Gerry Creaney,25.0,Centre-Forward,Portsmouth,€1.00m,in,Summer,1.0,Premier League,1995,1995/1996,England
Manchester City,Eike Immel,34.0,Goalkeeper,VfB Stuttgart,€500Th.,in,Summer,0.5,Premier League,1995,1995/1996,England
Bolton Wanderers,Gerry Taggart,24.0,Centre-Back,Barnsley FC,€2.25m,in,Summer,2.25,Premier League,1995,1995/1996,England
Bolton Wanderers,Sasa Curcic,23.0,Defensive Midfield,Partizan,€2.25m,in,Summer,2.25,Premier League,1995,1995/1996,England
Bolton Wanderers,Steve McAnespie,23.0,Right-Back,Raith Rovers,€1.35m,in,Summer,1.35,Premier League,1995,1995/1996,England
Bolton Wanderers,Scott Sellars,29.0,Left Midfield,Newcastle,€850Th.,in,Summer,0.85,Premier League,1995,1995/1996,England
Bolton Wanderers,Andy Todd,20.0,Centre-Back,Middlesbrough,€375Th.,in,Summer,0.375,Premier League,1995,1995/1996,England
West Ham United,Marco Boogers,28.0,Centre-Forward,Sparta R.,€725Th.,in,Summer,0.725,Premier League,1995,1995/1996,England
West Ham United,Iain Dowie,30.0,Centre-Forward,Crystal Palace,€600Th.,in,Summer,0.6,Premier League,1995,1995/1996,England
West Ham United,Steve Jones,26.0,Centre-Forward,Bournemouth,€249Th.,in,Summer,0.249,Premier League,1995,1995/1996,England
Queens Park Rangers,Simon Osborn,23.0,Central Midfield,Reading,€1.65m,in,Summer,1.65,Premier League,1995,1995/1996,England
Queens Park Rangers,Ned Zelic,23.0,Defensive Midfield,Bor. Dortmund,€1.40m,in,Summer,1.4,Premier League,1995,1995/1996,England
Queens Park Rangers,Lee Charles,23.0,attack,Chertsey,€85Th.,in,Summer,0.085,Premier League,1995,1995/1996,England
Queens Park Rangers,Mark Hateley,33.0,Centre-Forward,Rangers,€1.75m,in,Winter,1.75,Premier League,1995,1995/1996,England
Queens Park Rangers,Paul Murray,19.0,Central Midfield,Carlisle United,€450Th.,in,Winter,0.45,Premier League,1995,1995/1996,England
Sheffield Wednesday,Darko Kovacevic,22.0,Centre-Forward,Red Star,€5.00m,in,Winter,5.0,Premier League,1995,1995/1996,England
Sheffield Wednesday,Jon Newsome,25.0,Right-Back,Norwich,€2.25m,in,Winter,2.25,Premier League,1995,1995/1996,England
Wimbledon FC,Andy Pearce,29.0,Centre-Back,Sheff Wed,€730Th.,in,Winter,0.73,Premier League,1995,1995/1996,England
Coventry City,Liam Daish,27.0,Centre-Back,Birmingham,€1.80m,in,Winter,1.8,Premier League,1995,1995/1996,England
Coventry City,Richard Shaw,27.0,Centre-Back,Crystal Palace,€1.50m,in,Winter,1.5,Premier League,1995,1995/1996,England
Manchester United,Tony Coton,34.0,Goalkeeper,Man City,€575Th.,in,Winter,0.575,Premier League,1995,1995/1996,England
Newcastle United,Faustino Asprilla,26.0,Centre-Forward,AC Parma,€7.60m,in,Winter,7.6,Premier League,1995,1995/1996,England
Newcastle United,David Batty,27.0,Defensive Midfield,Blackburn,€5.15m,in,Winter,5.15,Premier League,1995,1995/1996,England
West Ham United,Slaven Bilic,27.0,Centre-Back,Karlsruher SC,€1.65m,in,Winter,1.65,Premier League,1995,1995/1996,England
West Ham United,Ilie Dumitrescu,26.0,Left Winger,Spurs,€1.50m,in,Winter,1.5,Premier League,1995,1995/1996,England
Bolton Wanderers,Nathan Blake,23.0,Centre-Forward,Sheff Utd,€1.68m,in,Winter,1.68,Premier League,1995,1995/1996,England
Bolton Wanderers,Gavin Ward,25.0,Goalkeeper,Bradford,€450Th.,in,Winter,0.45,Premier League,1995,1995/1996,England
Bolton Wanderers,Scott Taylor,19.0,Centre-Forward,Millwall,€170Th.,in,Winter,0.17,Premier League,1995,1995/1996,England
Bolton Wanderers,Wayne Burnett,24.0,midfield,Plymouth,€121Th.,in,Winter,0.121,Premier League,1995,1995/1996,England
Manchester City,Mikheil Kavelashvili,24.0,Centre-Forward,Dinamo Tbilisi,€2.00m,in,Winter,2.0,Premier League,1995,1995/1996,England
Manchester City,Nigel Clough,29.0,Attacking Midfield,Liverpool,€1.70m,in,Winter,1.7,Premier League,1995,1995/1996,England
Manchester City,Martin Phillips,19.0,Central Midfield,Exeter City,€750Th.,in,Winter,0.75,Premier League,1995,1995/1996,England
Manchester City,Scott Hiley,27.0,Right-Back,Birmingham,€313Th.,in,Winter,0.313,Premier League,1995,1995/1996,England
Southampton FC,Neil Moss,20.0,Goalkeeper,Bournemouth,€40Th.,in,Winter,0.04,Premier League,1995,1995/1996,England
Blackburn Rovers,Garry Flitcroft,23.0,Central Midfield,Man City,€5.25m,in,Winter,5.25,Premier League,1995,1995/1996,England
Blackburn Rovers,Chris Coleman,25.0,Centre-Back,Crystal Palace,€4.90m,in,Winter,4.9,Premier League,1995,1995/1996,England
Blackburn Rovers,Gary Croft,22.0,Left-Back,Grimsby Town,€1.50m,in,Winter,1.5,Premier League,1995,1995/1996,England
Blackburn Rovers,Graham Fenton,21.0,Second Striker,Aston Villa,€1.50m,in,Winter,1.5,Premier League,1995,1995/1996,England
Blackburn Rovers,Niklas Gudmundsson,23.0,Left Winger,Halmstads BK,€930Th.,in,Winter,0.93,Premier League,1995,1995/1996,England
Tottenham Hotspur,Andy Sinton,29.0,Left Midfield,Sheff Wed,€1.82m,in,Winter,1.82,Premier League,1995,1995/1996,England
Aston Villa,Sasa Curcic,24.0,Defensive Midfield,Bolton,€6.00m,in,Summer,6.0,Premier League,1996,1996/1997,England
Aston Villa,Julian Joachim,21.0,Centre-Forward,Leicester,€2.10m,in,Summer,2.1,Premier League,1996,1996/1997,England
Sheffield Wednesday,Andy Booth,22.0,Centre-Forward,Huddersfield,€3.90m,in,Summer,3.9,Premier League,1996,1996/1997,England
Sheffield Wednesday,Patrick Blondeau,29.0,Right-Back,Monaco,€2.60m,in,Summer,2.6,Premier League,1996,1996/1997,England
Sheffield Wednesday,Wayne Collins,27.0,Central Midfield,Crewe Alexandra,€900Th.,in,Summer,0.9,Premier League,1996,1996/1997,England
Sheffield Wednesday,Scott Oakes,24.0,attack,Luton,€640Th.,in,Summer,0.64,Premier League,1996,1996/1997,England
Sheffield Wednesday,Matt Clarke,22.0,Goalkeeper,Rotherham,€400Th.,in,Summer,0.4,Premier League,1996,1996/1997,England
Leicester City,Kasey Keller,26.0,Goalkeeper,Millwall,€1.35m,in,Summer,1.35,Premier League,1996,1996/1997,England
Leicester City,Muzzy Izzet,21.0,Attacking Midfield,Chelsea,€1.20m,in,Summer,1.2,Premier League,1996,1996/1997,England
Leicester City,Ian Marshall,30.0,Centre-Forward,Ipswich,€1.20m,in,Summer,1.2,Premier League,1996,1996/1997,England
Leicester City,Spencer Prior,25.0,Centre-Back,Norwich,€700Th.,in,Summer,0.7,Premier League,1996,1996/1997,England
Wimbledon FC,Ben Thatcher,20.0,Left-Back,Millwall,€2.64m,in,Summer,2.64,Premier League,1996,1996/1997,England
Wimbledon FC,Duncan Jupp,21.0,Right-Back,Fulham,€240Th.,in,Summer,0.24,Premier League,1996,1996/1997,England
Coventry City,Régis Genaux,22.0,Right-Back,Standard Liège,€1.05m,in,Summer,1.05,Premier League,1996,1996/1997,England
Coventry City,Michael O'Neill,26.0,Attacking Midfield,Hibernian FC,€750Th.,in,Summer,0.75,Premier League,1996,1996/1997,England
Coventry City,Gary McAllister,31.0,Central Midfield,Leeds,€250Th.,in,Summer,0.25,Premier League,1996,1996/1997,England
Manchester United,Karel Poborsky,24.0,Right Midfield,Slavia Prague,€4.00m,in,Summer,4.0,Premier League,1996,1996/1997,England
Manchester United,Ole Gunnar Solskjaer,23.0,Second Striker,Molde,€2.50m,in,Summer,2.5,Premier League,1996,1996/1997,England
Manchester United,Jordi Cruyff,22.0,Attacking Midfield,Barcelona,€2.50m,in,Summer,2.5,Premier League,1996,1996/1997,England
Manchester United,Ronny Johnsen,27.0,Centre-Back,Besiktas,€2.23m,in,Summer,2.23,Premier League,1996,1996/1997,England
Newcastle United,Alan Shearer,25.0,Centre-Forward,Blackburn,€18.00m,in,Summer,18.0,Premier League,1996,1996/1997,England
Nottingham Forest,Pierre van Hooijdonk,26.0,Centre-Forward,Celtic,€6.00m,in,Summer,6.0,Premier League,1996,1996/1997,England
Nottingham Forest,Dean Saunders,32.0,Centre-Forward,Galatasaray,€1.70m,in,Summer,1.7,Premier League,1996,1996/1997,England
Nottingham Forest,Chris Allen,23.0,Left Winger,Oxford United,€485Th.,in,Summer,0.485,Premier League,1996,1996/1997,England
Middlesbrough FC,Fabrizio Ravanelli,27.0,Centre-Forward,Juventus,€9.78m,in,Summer,9.78,Premier League,1996,1996/1997,England
Chelsea FC,Roberto Di Matteo,26.0,Central Midfield,Lazio,€5.50m,in,Summer,5.5,Premier League,1996,1996/1997,England
Chelsea FC,Frank Leboeuf,28.0,Centre-Back,R. Strasbourg,€3.45m,in,Summer,3.45,Premier League,1996,1996/1997,England
Arsenal FC,Patrick Vieira,20.0,Defensive Midfield,Milan,€5.35m,in,Summer,5.35,Premier League,1996,1996/1997,England
Leeds United,Lee Sharpe,25.0,Left Midfield,Man Utd,€6.75m,in,Summer,6.75,Premier League,1996,1996/1997,England
Leeds United,Lee Bowyer,19.0,Central Midfield,Charlton,€3.80m,in,Summer,3.8,Premier League,1996,1996/1997,England
Leeds United,Nigel Martyn,29.0,Goalkeeper,Crystal Palace,€3.35m,in,Summer,3.35,Premier League,1996,1996/1997,England
Leeds United,Derek Lilley,22.0,Centre-Forward,Morton,€750Th.,in,Summer,0.75,Premier League,1996,1996/1997,England
Leeds United,Gunnar Halle,30.0,Right-Back,Oldham Athletic,€575Th.,in,Summer,0.575,Premier League,1996,1996/1997,England
West Ham United,Richard Hall,24.0,Centre-Back,Southampton,€1.70m,in,Summer,1.7,Premier League,1996,1996/1997,England
West Ham United,Florin Raducioiu,26.0,Centre-Forward,Espanyol,Loan fee:€1.60m,in,Summer,1.6,Premier League,1996,1996/1997,England
West Ham United,Stan Lazaridis,23.0,Left Midfield,West Adelaide SC,€450Th.,in,Summer,0.45,Premier League,1996,1996/1997,England
West Ham United,Scott Mean,22.0,midfield,Bournemouth,€150Th.,in,Summer,0.15,Premier League,1996,1996/1997,England
Sunderland AFC,Lee Clark,23.0,Right Winger,Newcastle,€3.25m,in,Summer,3.25,Premier League,1996,1996/1997,England
Sunderland AFC,Alex Rae,26.0,Central Midfield,Millwall,€1.50m,in,Summer,1.5,Premier League,1996,1996/1997,England
Sunderland AFC,Niall Quinn,29.0,Centre-Forward,Man City,€1.30m,in,Summer,1.3,Premier League,1996,1996/1997,England
Sunderland AFC,Tony Coton,35.0,Goalkeeper,Man Utd,€675Th.,in,Summer,0.675,Premier League,1996,1996/1997,England
Sunderland AFC,Lionel Perez,29.0,Goalkeeper,G. Bordeaux,€230Th.,in,Summer,0.23,Premier League,1996,1996/1997,England
Sunderland AFC,Darren Williams,19.0,Right-Back,York City,€75Th.,in,Summer,0.075,Premier League,1996,1996/1997,England
Southampton FC,Egil Östenstad,24.0,Centre-Forward,Viking FK,€800Th.,in,Summer,0.8,Premier League,1996,1996/1997,England
Southampton FC,Claus Lundekvam,23.0,Centre-Back,Brann,€600Th.,in,Summer,0.6,Premier League,1996,1996/1997,England
Southampton FC,Graham Potter,21.0,Left-Back,Stoke City,€313Th.,in,Summer,0.313,Premier League,1996,1996/1997,England
Tottenham Hotspur,Allan Nielsen,25.0,Central Midfield,Bröndby IF,€2.00m,in,Summer,2.0,Premier League,1996,1996/1997,England
Liverpool FC,Patrik Berger,22.0,Attacking Midfield,Bor. Dortmund,€3.50m,in,Summer,3.5,Premier League,1996,1996/1997,England
Everton FC,Nick Barmby,22.0,Left Midfield,Middlesbrough,€8.00m,in,Summer,8.0,Premier League,1996,1996/1997,England
Everton FC,Paul Gerrard,23.0,Goalkeeper,Oldham Athletic,€1.50m,in,Summer,1.5,Premier League,1996,1996/1997,England
Derby County,Chris Powell,26.0,Left-Back,Crystal Palace,€1.25m,in,Summer,1.25,Premier League,1996,1996/1997,England
Derby County,Christian Dailly,22.0,Centre-Back,Dundee United,€750Th.,in,Summer,0.75,Premier League,1996,1996/1997,England
Derby County,Paul McGrath,36.0,Centre-Back,Aston Villa,€125Th.,in,Summer,0.125,Premier League,1996,1996/1997,England
Sheffield Wednesday,David Billington,17.0,defence,Peterborough,€600Th.,in,Winter,0.6,Premier League,1996,1996/1997,England
Leicester City,Matt Elliott,28.0,Centre-Back,Oxford United,€2.40m,in,Winter,2.4,Premier League,1996,1996/1997,England
Leicester City,Steve Guppy,27.0,Left Winger,Port Vale,€1.19m,in,Winter,1.19,Premier League,1996,1996/1997,England
Leicester City,Rob Ullathorne,25.0,Left-Back,CA Osasuna,€900Th.,in,Winter,0.9,Premier League,1996,1996/1997,England
Coventry City,Gary Breen,23.0,Centre-Back,Birmingham,€3.75m,in,Winter,3.75,Premier League,1996,1996/1997,England
Coventry City,Oleksandr Yevtushok,26.0,Centre-Back,Dnipro,€1.20m,in,Winter,1.2,Premier League,1996,1996/1997,England
Coventry City,Darren Huckerby,20.0,Right Winger,Newcastle,€1.00m,in,Winter,1.0,Premier League,1996,1996/1997,England
Nottingham Forest,Ian Thomas-Moore,20.0,Centre-Forward,Tranmere Rovers,€1.50m,in,Winter,1.5,Premier League,1996,1996/1997,England
Middlesbrough FC,Mark Schwarzer,24.0,Goalkeeper,Bradford,€2.50m,in,Winter,2.5,Premier League,1996,1996/1997,England
Chelsea FC,Gianfranco Zola,30.0,Second Striker,AC Parma,€6.20m,in,Winter,6.2,Premier League,1996,1996/1997,England
Chelsea FC,Danny Granville,22.0,Left-Back,Cambridge Utd.,€415Th.,in,Winter,0.415,Premier League,1996,1996/1997,England
Arsenal FC,Nicolas Anelka,17.0,Centre-Forward,Paris SG,€760Th.,in,Winter,0.76,Premier League,1996,1996/1997,England
Leeds United,Robert Molenaar,27.0,Centre-Back,FC Volendam,€1.40m,in,Winter,1.4,Premier League,1996,1996/1997,England
West Ham United,John Hartson,21.0,Centre-Forward,Arsenal,€5.00m,in,Winter,5.0,Premier League,1996,1996/1997,England
West Ham United,Paul Kitson,26.0,Centre-Forward,Newcastle,€3.50m,in,Winter,3.5,Premier League,1996,1996/1997,England
West Ham United,Steve Lomas,23.0,Central Midfield,Man City,€2.40m,in,Winter,2.4,Premier League,1996,1996/1997,England
Sunderland AFC,Jan Eriksson,29.0,Centre-Back,Helsingborg,€300Th.,in,Winter,0.3,Premier League,1996,1996/1997,England
Sunderland AFC,Chris Waddle,36.0,Attacking Midfield,Bradford,€100Th.,in,Winter,0.1,Premier League,1996,1996/1997,England
Southampton FC,Mickey Evans,24.0,Centre-Forward,Plymouth,€780Th.,in,Winter,0.78,Premier League,1996,1996/1997,England
Southampton FC,Maik Taylor,25.0,Goalkeeper,Barnet,€750Th.,in,Winter,0.75,Premier League,1996,1996/1997,England
Tottenham Hotspur,Steffen Iversen,19.0,Second Striker,Rosenborg,€3.25m,in,Winter,3.25,Premier League,1996,1996/1997,England
Tottenham Hotspur,John Scales,30.0,Centre-Back,Liverpool,€3.00m,in,Winter,3.0,Premier League,1996,1996/1997,England
Everton FC,Claus Thomsen,26.0,Centre-Back,Ipswich,€1.25m,in,Winter,1.25,Premier League,1996,1996/1997,England
Derby County,Paulo Wanchope,20.0,Centre-Forward,Herediano,€840Th.,in,Winter,0.84,Premier League,1996,1996/1997,England
Derby County,Mart Poom,25.0,Goalkeeper,Portsmouth,€700Th.,in,Winter,0.7,Premier League,1996,1996/1997,England
Leeds United,David Hopkin,26.0,Right Midfield,Crystal Palace,€4.90m,in,Summer,4.9,Premier League,1997,1997/1998,England
Leeds United,Jimmy Floyd Hasselbaink,25.0,Centre-Forward,Boavista,€2.78m,in,Summer,2.78,Premier League,1997,1997/1998,England
Leeds United,Alf-Inge Haaland,24.0,Defensive Midfield,Nottm Forest,€2.40m,in,Summer,2.4,Premier League,1997,1997/1998,England
Leeds United,Danny Granville,22.0,Left-Back,Chelsea,€2.20m,in,Summer,2.2,Premier League,1997,1997/1998,England
Leeds United,David Robertson,28.0,Left-Back,Rangers,€750Th.,in,Summer,0.75,Premier League,1997,1997/1998,England
Leeds United,Bruno Ribeiro,21.0,Left Midfield,Vitória Setúbal,€700Th.,in,Summer,0.7,Premier League,1997,1997/1998,England
Sheffield Wednesday,Jim Magilton,28.0,Right Midfield,Southampton,€1.90m,in,Summer,1.9,Premier League,1997,1997/1998,England
Sheffield Wednesday,Petter Rudi,24.0,Central Midfield,Molde,€1.20m,in,Summer,1.2,Premier League,1997,1997/1998,England
Leicester City,Theodoros Zagorakis,25.0,Central Midfield,PAOK Salonika,€1.20m,in,Summer,1.2,Premier League,1997,1997/1998,England
Leicester City,Graham Fenton,23.0,Second Striker,Blackburn,€1.10m,in,Summer,1.1,Premier League,1997,1997/1998,England
Leicester City,Tony Cottee,32.0,Centre-Forward,Selangor FC,€750Th.,in,Summer,0.75,Premier League,1997,1997/1998,England
Leicester City,Robbie Savage,22.0,Central Midfield,Crewe Alexandra,€600Th.,in,Summer,0.6,Premier League,1997,1997/1998,England
Wimbledon FC,Ceri Hughes,26.0,Central Midfield,Luton,€450Th.,in,Summer,0.45,Premier League,1997,1997/1998,England
Coventry City,Trond Soltvedt,30.0,Attacking Midfield,Rosenborg,€750Th.,in,Summer,0.75,Premier League,1997,1997/1998,England
Coventry City,Roland Nilsson,33.0,Right-Back,Helsingborg,€250Th.,in,Summer,0.25,Premier League,1997,1997/1998,England
Manchester United,Henning Berg,27.0,Right-Back,Blackburn,€7.50m,in,Summer,7.5,Premier League,1997,1997/1998,England
Manchester United,Teddy Sheringham,31.0,Centre-Forward,Spurs,€5.30m,in,Summer,5.3,Premier League,1997,1997/1998,England
Crystal Palace,Neil Emblen,26.0,Defensive Midfield,Wolves,€2.50m,in,Summer,2.5,Premier League,1997,1997/1998,England
Crystal Palace,Kevin Miller,28.0,Goalkeeper,Watford,€2.00m,in,Summer,2.0,Premier League,1997,1997/1998,England
Crystal Palace,Jamie Smith,23.0,Right-Back,Wolves,€1.50m,in,Summer,1.5,Premier League,1997,1997/1998,England
Newcastle United,Alessandro Pistone,21.0,Left-Back,Inter,€6.50m,in,Summer,6.5,Premier League,1997,1997/1998,England
Newcastle United,Jon Dahl Tomasson,20.0,Centre-Forward,Heerenveen,€3.90m,in,Summer,3.9,Premier League,1997,1997/1998,England
Newcastle United,Des Hamilton,20.0,Right Midfield,Bradford,€3.00m,in,Summer,3.0,Premier League,1997,1997/1998,England
Newcastle United,Shay Given,21.0,Goalkeeper,Blackburn,€2.25m,in,Summer,2.25,Premier League,1997,1997/1998,England
Newcastle United,Brian Pinas,18.0,Left Winger,Feyenoord U19,€400Th.,in,Summer,0.4,Premier League,1997,1997/1998,England
Chelsea FC,Graeme Le Saux,28.0,Left-Back,Blackburn,€10.50m,in,Summer,10.5,Premier League,1997,1997/1998,England
Chelsea FC,Celestine Babayaro,18.0,Left-Back,RSC Anderlecht,€3.50m,in,Summer,3.5,Premier League,1997,1997/1998,England
Chelsea FC,Ed de Goey,30.0,Goalkeeper,Feyenoord,€3.35m,in,Summer,3.35,Premier League,1997,1997/1998,England
Aston Villa,Stan Collymore,26.0,Centre-Forward,Liverpool,€10.50m,in,Summer,10.5,Premier League,1997,1997/1998,England
Arsenal FC,Marc Overmars,24.0,Left Winger,Ajax,€7.50m,in,Summer,7.5,Premier League,1997,1997/1998,England
Arsenal FC,Gilles Grimandi,26.0,Defensive Midfield,Monaco,€3.75m,in,Summer,3.75,Premier League,1997,1997/1998,England
Arsenal FC,Emmanuel Petit,26.0,Defensive Midfield,Monaco,€3.75m,in,Summer,3.75,Premier League,1997,1997/1998,England
Arsenal FC,Matthew Upson,18.0,Centre-Back,Luton,€2.80m,in,Summer,2.8,Premier League,1997,1997/1998,England
Arsenal FC,Luís Boa Morte,19.0,Left Midfield,Sporting CP,€2.40m,in,Summer,2.4,Premier League,1997,1997/1998,England
Arsenal FC,Alexander Manninger,20.0,Goalkeeper,Grazer AK,€1.45m,in,Summer,1.45,Premier League,1997,1997/1998,England
Arsenal FC,Alberto Méndez,22.0,Attacking Midfield,1.SC Feucht,€375Th.,in,Summer,0.375,Premier League,1997,1997/1998,England
West Ham United,Ian Pearce,23.0,Centre-Back,Blackburn,€3.60m,in,Summer,3.6,Premier League,1997,1997/1998,England
West Ham United,Eyal Berkovic,25.0,Attacking Midfield,Maccabi Haifa,€2.70m,in,Summer,2.7,Premier League,1997,1997/1998,England
West Ham United,Andy Impey,25.0,Defensive Midfield,QPR,€1.68m,in,Summer,1.68,Premier League,1997,1997/1998,England
West Ham United,Craig Forrest,29.0,Goalkeeper,Ipswich,€750Th.,in,Summer,0.75,Premier League,1997,1997/1998,England
West Ham United,Samassi Abou,24.0,Centre-Forward,Cannes,€375Th.,in,Summer,0.375,Premier League,1997,1997/1998,England
Bolton Wanderers,Dean Holdsworth,28.0,Centre-Forward,Wimbledon FC,€4.87m,in,Summer,4.87,Premier League,1997,1997/1998,England
Bolton Wanderers,Robbie Elliott,23.0,Left-Back,Newcastle,€3.48m,in,Summer,3.48,Premier League,1997,1997/1998,England
Bolton Wanderers,Mark Fish,23.0,Centre-Back,Lazio,€2.32m,in,Summer,2.32,Premier League,1997,1997/1998,England
Bolton Wanderers,Neil Cox,25.0,Centre-Back,Middlesbrough,€2.00m,in,Summer,2.0,Premier League,1997,1997/1998,England
Bolton Wanderers,Peter Beardsley,36.0,Second Striker,Newcastle,€500Th.,in,Summer,0.5,Premier League,1997,1997/1998,England
Bolton Wanderers,Arnar Gunnlaugsson,24.0,Right Winger,ÍA Akranes,€140Th.,in,Summer,0.14,Premier League,1997,1997/1998,England
Barnsley FC,Gjorgji Hristov,21.0,Centre-Forward,Partizan,€2.25m,in,Summer,2.25,Premier League,1997,1997/1998,England
Barnsley FC,Ashley Ward,26.0,Centre-Forward,Derby,€1.82m,in,Summer,1.82,Premier League,1997,1997/1998,England
Barnsley FC,Darren Barnard,25.0,Left-Back,Bristol City,€900Th.,in,Summer,0.9,Premier League,1997,1997/1998,England
Barnsley FC,Lars Leese,27.0,Goalkeeper,Bay. Leverkusen,€375Th.,in,Summer,0.375,Premier League,1997,1997/1998,England
Southampton FC,David Hirst,29.0,Centre-Forward,Sheff Wed,€2.50m,in,Summer,2.5,Premier League,1997,1997/1998,England
Southampton FC,Paul Jones,30.0,Goalkeeper,Stockport,€1.35m,in,Summer,1.35,Premier League,1997,1997/1998,England
Southampton FC,Carlton Palmer,31.0,Defensive Midfield,Leeds,€1.20m,in,Summer,1.2,Premier League,1997,1997/1998,England
Southampton FC,Kevin Davies,20.0,Centre-Forward,Chesterfield FC,€1.13m,in,Summer,1.13,Premier League,1997,1997/1998,England
Southampton FC,Lee Todd,25.0,Left-Back,Stockport,€1.10m,in,Summer,1.1,Premier League,1997,1997/1998,England
Blackburn Rovers,Martin Dahlin,29.0,Centre-Forward,AS Roma,€3.00m,in,Summer,3.0,Premier League,1997,1997/1998,England
Blackburn Rovers,Stéphane Henchoz,22.0,Centre-Back,Hamburger SV,€3.00m,in,Summer,3.0,Premier League,1997,1997/1998,England
Blackburn Rovers,Callum Davidson,21.0,Left-Back,St. Johnstone,€2.50m,in,Summer,2.5,Premier League,1997,1997/1998,England
Blackburn Rovers,John Filan,27.0,Goalkeeper,Coventry,€1.00m,in,Summer,1.0,Premier League,1997,1997/1998,England
Blackburn Rovers,Jim Corbett,17.0,Right Winger,Gillingham FC,€625Th.,in,Summer,0.625,Premier League,1997,1997/1998,England
Tottenham Hotspur,Les Ferdinand,30.0,Centre-Forward,Newcastle,€9.50m,in,Summer,9.5,Premier League,1997,1997/1998,England
Tottenham Hotspur,David Ginola,30.0,Left Winger,Newcastle,€2.85m,in,Summer,2.85,Premier League,1997,1997/1998,England
Tottenham Hotspur,José Dominguez,23.0,Left Winger,Sporting CP,€2.40m,in,Summer,2.4,Premier League,1997,1997/1998,England
Liverpool FC,Paul Ince,29.0,Defensive Midfield,Inter,€6.30m,in,Summer,6.3,Premier League,1997,1997/1998,England
Liverpool FC,Öyvind Leonhardsen,26.0,Attacking Midfield,Wimbledon FC,€5.25m,in,Summer,5.25,Premier League,1997,1997/1998,England
Liverpool FC,Danny Murphy,20.0,Central Midfield,Crewe Alexandra,€3.00m,in,Summer,3.0,Premier League,1997,1997/1998,England
Liverpool FC,Karl-Heinz Riedle,31.0,Centre-Forward,Bor. Dortmund,€2.50m,in,Summer,2.5,Premier League,1997,1997/1998,England
Everton FC,John Oster,18.0,Central Midfield,Grimsby Town,€1.50m,in,Summer,1.5,Premier League,1997,1997/1998,England
Everton FC,Gareth Farrelly,21.0,Left Midfield,Aston Villa,€1.05m,in,Summer,1.05,Premier League,1997,1997/1998,England
Everton FC,Tony Thomas,26.0,Right-Back,Tranmere Rovers,€650Th.,in,Summer,0.65,Premier League,1997,1997/1998,England
Derby County,Deon Burton,20.0,Centre-Forward,Portsmouth,€1.25m,in,Summer,1.25,Premier League,1997,1997/1998,England
Derby County,Jonathan Hunt,25.0,attack,Birmingham,€750Th.,in,Summer,0.75,Premier League,1997,1997/1998,England
Derby County,Rory Delap,21.0,Central Midfield,Carlisle United,€300Th.,in,Summer,0.3,Premier League,1997,1997/1998,England
Leeds United,Martin Hiden,24.0,Centre-Back,Rapid Vienna,€2.18m,in,Winter,2.18,Premier League,1997,1997/1998,England
Sheffield Wednesday,Andy Hinchcliffe,28.0,Left-Back,Everton,€4.50m,in,Winter,4.5,Premier League,1997,1997/1998,England
Sheffield Wednesday,Goce Sedloski,23.0,Centre-Back,Hajduk Split,€1.50m,in,Winter,1.5,Premier League,1997,1997/1998,England
Sheffield Wednesday,Niclas Alexandersson,26.0,Right Midfield,IFK Göteborg,€1.10m,in,Winter,1.1,Premier League,1997,1997/1998,England
Sheffield Wednesday,Mark McKeever,18.0,midfield,Peterborough,€750Th.,in,Winter,0.75,Premier League,1997,1997/1998,England
Sheffield Wednesday,Alan Quinn,18.0,Central Midfield,Cherry Orchard FC,€35Th.,in,Winter,0.035,Premier League,1997,1997/1998,England
Wimbledon FC,Mark Kennedy,21.0,Left-Back,Liverpool,€2.40m,in,Winter,2.4,Premier League,1997,1997/1998,England
Wimbledon FC,Michael Hughes,26.0,Attacking Midfield,West Ham,€2.00m,in,Winter,2.0,Premier League,1997,1997/1998,England
Wimbledon FC,Carl Leaburn,28.0,Centre-Forward,Charlton,€359Th.,in,Winter,0.359,Premier League,1997,1997/1998,England
Coventry City,Viorel Moldovan,25.0,Centre-Forward,Grasshoppers,€3.30m,in,Winter,3.3,Premier League,1997,1997/1998,England
Coventry City,George Boateng,22.0,Defensive Midfield,Feyenoord,€350Th.,in,Winter,0.35,Premier League,1997,1997/1998,England
Manchester United,Jonathan Greening,19.0,Central Midfield,York City,€750Th.,in,Winter,0.75,Premier League,1997,1997/1998,England
Crystal Palace,Valérien Ismaël,22.0,Centre-Back,R. Strasbourg,€3.80m,in,Winter,3.8,Premier League,1997,1997/1998,England
Crystal Palace,Michele Padovano,31.0,Centre-Forward,Juventus,€1.95m,in,Winter,1.95,Premier League,1997,1997/1998,England
Crystal Palace,Sasa Curcic,26.0,Defensive Midfield,Aston Villa,€1.50m,in,Winter,1.5,Premier League,1997,1997/1998,England
Crystal Palace,Marcus Bent,19.0,Centre-Forward,Brentford,€450Th.,in,Winter,0.45,Premier League,1997,1997/1998,England
Newcastle United,Gary Speed,28.0,Left Midfield,Everton,€8.25m,in,Winter,8.25,Premier League,1997,1997/1998,England
Newcastle United,Andreas Andersson,23.0,Centre-Forward,Milan,€4.13m,in,Winter,4.13,Premier League,1997,1997/1998,England
Newcastle United,Andy Griffin,18.0,Right-Back,Stoke City,€2.50m,in,Winter,2.5,Premier League,1997,1997/1998,England
Newcastle United,Nikolaos Dabizas,24.0,Centre-Back,Olympiacos,€2.00m,in,Winter,2.0,Premier League,1997,1997/1998,England
Newcastle United,Paul Robinson,19.0,Centre-Forward,Darlington,€350Th.,in,Winter,0.35,Premier League,1997,1997/1998,England
Newcastle United,James Coppinger,17.0,Right Midfield,Darlington,€315Th.,in,Winter,0.315,Premier League,1997,1997/1998,England
Chelsea FC,Tore André Flo,24.0,Centre-Forward,Brann,€450Th.,in,Winter,0.45,Premier League,1997,1997/1998,England
West Ham United,Trevor Sinclair,24.0,Left Winger,QPR,€3.05m,in,Winter,3.05,Premier League,1997,1997/1998,England
West Ham United,Stephen Bywater,16.0,Goalkeeper,Rochdale,€450Th.,in,Winter,0.45,Premier League,1997,1997/1998,England
Bolton Wanderers,Mike Whitlow,29.0,Centre-Back,Leicester,€750Th.,in,Winter,0.75,Premier League,1997,1997/1998,England
Bolton Wanderers,Jussi Jääskeläinen,22.0,Goalkeeper,VPS,€150Th.,in,Winter,0.15,Premier League,1997,1997/1998,England
Barnsley FC,Jan Aage Fjörtoft,30.0,Centre-Forward,Sheff Utd,€1.15m,in,Winter,1.15,Premier League,1997,1997/1998,England
Southampton FC,John Beresford,31.0,Left-Back,Newcastle,€1.60m,in,Winter,1.6,Premier League,1997,1997/1998,England
Tottenham Hotspur,Moussa Saïb,28.0,Left Midfield,Valencia,€2.60m,in,Winter,2.6,Premier League,1997,1997/1998,England
Tottenham Hotspur,Frode Grodas,33.0,Goalkeeper,Chelsea,€350Th.,in,Winter,0.35,Premier League,1997,1997/1998,England
Liverpool FC,Brad Friedel,26.0,Goalkeeper,Columbus Crew,€1.50m,in,Winter,1.5,Premier League,1997,1997/1998,England
Everton FC,Don Hutchison,26.0,Attacking Midfield,Sheff Utd,€1.50m,in,Winter,1.5,Premier League,1997,1997/1998,England
Everton FC,Thomas Myhre,24.0,Goalkeeper,Viking FK,€1.35m,in,Winter,1.35,Premier League,1997,1997/1998,England
Everton FC,Mitch Ward,26.0,Central Midfield,Sheff Utd,€938Th.,in,Winter,0.938,Premier League,1997,1997/1998,England
Everton FC,Carl Tiler,27.0,Centre-Back,Sheff Utd,€937Th.,in,Winter,0.937,Premier League,1997,1997/1998,England
Everton FC,John O'Kane,23.0,Right-Back,Man Utd,€400Th.,in,Winter,0.4,Premier League,1997,1997/1998,England
Derby County,Lars Bohinen,28.0,Central Midfield,Blackburn,€1.50m,in,Winter,1.5,Premier League,1997,1997/1998,England
Aston Villa,Alan Thompson,24.0,Left Midfield,Bolton,€7.20m,in,Summer,7.2,Premier League,1998,1998/1999,England
Aston Villa,Paul Merson,30.0,Right Midfield,Middlesbrough,€6.75m,in,Summer,6.75,Premier League,1998,1998/1999,England
Aston Villa,Steve Watson,24.0,Right-Back,Newcastle,€6.00m,in,Summer,6.0,Premier League,1998,1998/1999,England
Aston Villa,David Unsworth,24.0,Left-Back,West Ham,€4.60m,in,Summer,4.6,Premier League,1998,1998/1999,England
Sheffield Wednesday,Wim Jonk,31.0,Defensive Midfield,PSV Eindhoven,€2.80m,in,Summer,2.8,Premier League,1998,1998/1999,England
Sheffield Wednesday,Danny Sonner,26.0,Defensive Midfield,Ipswich,€100Th.,in,Summer,0.1,Premier League,1998,1998/1999,England
Leicester City,Frank Sinclair,26.0,Centre-Back,Chelsea,€3.00m,in,Summer,3.0,Premier League,1998,1998/1999,England
Wimbledon FC,Gareth Ainsworth,25.0,Right Midfield,Port Vale,€3.00m,in,Summer,3.0,Premier League,1998,1998/1999,England
Wimbledon FC,Andy Roberts,24.0,Central Midfield,Crystal Palace,€2.50m,in,Summer,2.5,Premier League,1998,1998/1999,England
Coventry City,Steve Froggatt,25.0,Left Winger,Wolves,€2.30m,in,Summer,2.3,Premier League,1998,1998/1999,England
Coventry City,Marc Edworthy,25.0,Right-Back,Crystal Palace,€1.80m,in,Summer,1.8,Premier League,1998,1998/1999,England
Coventry City,John Aloisi,22.0,Centre-Forward,Portsmouth,€975Th.,in,Summer,0.975,Premier League,1998,1998/1999,England
Coventry City,Philippe Clement,24.0,Centre-Back,KRC Genk,€875Th.,in,Summer,0.875,Premier League,1998,1998/1999,England
Manchester United,Dwight Yorke,26.0,Centre-Forward,Aston Villa,€19.25m,in,Summer,19.25,Premier League,1998,1998/1999,England
Manchester United,Jaap Stam,25.0,Centre-Back,PSV Eindhoven,€17.00m,in,Summer,17.0,Premier League,1998,1998/1999,England
Manchester United,Jesper Blomqvist,24.0,Left Midfield,AC Parma,€7.00m,in,Summer,7.0,Premier League,1998,1998/1999,England
Newcastle United,Dietmar Hamann,24.0,Defensive Midfield,Bayern Munich,€7.50m,in,Summer,7.5,Premier League,1998,1998/1999,England
Newcastle United,Nolberto Solano,23.0,Right Midfield,Boca Juniors,€4.00m,in,Summer,4.0,Premier League,1998,1998/1999,England
Newcastle United,Stéphane Guivarc'h,27.0,Centre-Forward,AJ Auxerre,€4.00m,in,Summer,4.0,Premier League,1998,1998/1999,England
Newcastle United,John Karelse,29.0,Goalkeeper,NAC Breda,€1.20m,in,Summer,1.2,Premier League,1998,1998/1999,England
Newcastle United,Garry Brady,21.0,Central Midfield,Spurs,€975Th.,in,Summer,0.975,Premier League,1998,1998/1999,England
Newcastle United,Stephen Glass,22.0,Left Midfield,Aberdeen FC,€975Th.,in,Summer,0.975,Premier League,1998,1998/1999,England
Newcastle United,Laurent Charvet,25.0,Right-Back,Chelsea,€850Th.,in,Summer,0.85,Premier League,1998,1998/1999,England
Newcastle United,Carl Serrant,22.0,Left-Back,Oldham Athletic,€600Th.,in,Summer,0.6,Premier League,1998,1998/1999,England
Newcastle United,Georgios Georgiadis,26.0,Right Winger,Panathinaikos,€420Th.,in,Summer,0.42,Premier League,1998,1998/1999,England
Nottingham Forest,Nigel Quashie,19.0,Central Midfield,QPR,€3.75m,in,Summer,3.75,Premier League,1998,1998/1999,England
Nottingham Forest,Neil Shipperley,23.0,Centre-Forward,Crystal Palace,€2.10m,in,Summer,2.1,Premier League,1998,1998/1999,England
Nottingham Forest,Dougie Freedman,24.0,Centre-Forward,Wolves,€1.10m,in,Summer,1.1,Premier League,1998,1998/1999,England
Nottingham Forest,Andy Gray,20.0,Centre-Forward,Leeds,€200Th.,in,Summer,0.2,Premier League,1998,1998/1999,England
Middlesbrough FC,Brian Deane,30.0,Centre-Forward,Benfica,€4.18m,in,Summer,4.18,Premier League,1998,1998/1999,England
Middlesbrough FC,Colin Cooper,31.0,Left-Back,Nottm Forest,€3.75m,in,Summer,3.75,Premier League,1998,1998/1999,England
Middlesbrough FC,Gary Pallister,33.0,Centre-Back,Man Utd,€2.80m,in,Summer,2.8,Premier League,1998,1998/1999,England
Middlesbrough FC,Dean Gordon,25.0,Left-Back,Crystal Palace,€1.35m,in,Summer,1.35,Premier League,1998,1998/1999,England
Chelsea FC,Pierluigi Casiraghi,29.0,Centre-Forward,Lazio,€7.75m,in,Summer,7.75,Premier League,1998,1998/1999,England
Chelsea FC,Marcel Desailly,29.0,Centre-Back,Milan,€6.75m,in,Summer,6.75,Premier League,1998,1998/1999,England
Chelsea FC,Albert Ferrer,28.0,Right-Back,Barcelona,€4.30m,in,Summer,4.3,Premier League,1998,1998/1999,England
Arsenal FC,Freddie Ljungberg,21.0,Right Midfield,Halmstads BK,€4.50m,in,Summer,4.5,Premier League,1998,1998/1999,England
Arsenal FC,Nelson Vivas,28.0,Right-Back,FC Lugano,€2.20m,in,Summer,2.2,Premier League,1998,1998/1999,England
Leeds United,Clyde Wijnhard,24.0,Centre-Forward,Willem II,€2.10m,in,Summer,2.1,Premier League,1998,1998/1999,England
West Ham United,Ian Wright,34.0,Centre-Forward,Arsenal,€750Th.,in,Summer,0.75,Premier League,1998,1998/1999,England
West Ham United,Neil Ruddock,30.0,Centre-Back,Liverpool,€350Th.,in,Summer,0.35,Premier League,1998,1998/1999,England
West Ham United,Daniel Sjölund,15.0,Defensive Midfield,Brommapojkarna,€265Th.,in,Summer,0.265,Premier League,1998,1998/1999,England
Charlton Athletic,Chris Powell,28.0,Left-Back,Derby,€1.25m,in,Summer,1.25,Premier League,1998,1998/1999,England
Charlton Athletic,Neil Redfearn,33.0,Central Midfield,Barnsley FC,€1.15m,in,Summer,1.15,Premier League,1998,1998/1999,England
Charlton Athletic,Carl Tiler,28.0,Centre-Back,Everton,€874Th.,in,Summer,0.874,Premier League,1998,1998/1999,England
Southampton FC,Stuart Ripley,30.0,Right Winger,Blackburn,€2.25m,in,Summer,2.25,Premier League,1998,1998/1999,England
Southampton FC,James Beattie,20.0,Centre-Forward,Blackburn,€1.40m,in,Summer,1.4,Premier League,1998,1998/1999,England
Southampton FC,Mark Hughes,34.0,Centre-Forward,Chelsea,€900Th.,in,Summer,0.9,Premier League,1998,1998/1999,England
Southampton FC,Hassan Kachloul,25.0,Left Midfield,Saint-Étienne,€350Th.,in,Summer,0.35,Premier League,1998,1998/1999,England
Blackburn Rovers,Kevin Davies,21.0,Centre-Forward,Southampton,€11.25m,in,Summer,11.25,Premier League,1998,1998/1999,England
Blackburn Rovers,Christian Dailly,24.0,Centre-Back,Derby,€7.95m,in,Summer,7.95,Premier League,1998,1998/1999,England
Blackburn Rovers,Sébastien Pérez,24.0,Right-Back,SC Bastia,€3.60m,in,Summer,3.6,Premier League,1998,1998/1999,England
Blackburn Rovers,Oumar Kondé,19.0,Centre-Back,FC Basel,€750Th.,in,Summer,0.75,Premier League,1998,1998/1999,England
Liverpool FC,Vegard Heggem,22.0,Right-Back,Rosenborg,€5.20m,in,Summer,5.2,Premier League,1998,1998/1999,England
Liverpool FC,Sean Dundee,25.0,Centre-Forward,Karlsruher SC,€2.75m,in,Summer,2.75,Premier League,1998,1998/1999,England
Everton FC,Ibrahima Bakayoko,21.0,Centre-Forward,Montpellier,€6.75m,in,Summer,6.75,Premier League,1998,1998/1999,England
Everton FC,Olivier Dacourt,23.0,Defensive Midfield,R. Strasbourg,€6.00m,in,Summer,6.0,Premier League,1998,1998/1999,England
Everton FC,Steve Simonsen,19.0,Goalkeeper,Tranmere Rovers,€4.95m,in,Summer,4.95,Premier League,1998,1998/1999,England
Everton FC,David Unsworth,24.0,Left-Back,Aston Villa,€4.60m,in,Summer,4.6,Premier League,1998,1998/1999,England
Everton FC,John Collins,30.0,Left Midfield,Monaco,€3.75m,in,Summer,3.75,Premier League,1998,1998/1999,England
Everton FC,Marco Materazzi,24.0,Centre-Back,Perugia,€3.00m,in,Summer,3.0,Premier League,1998,1998/1999,England
Derby County,Horacio Carbonari,24.0,Centre-Back,Rosario Central,€3.00m,in,Summer,3.0,Premier League,1998,1998/1999,England
Derby County,Spencer Prior,27.0,Centre-Back,Leicester,€1.00m,in,Summer,1.0,Premier League,1998,1998/1999,England
Derby County,Kevin Harper,22.0,Right Midfield,Hibernian FC,€450Th.,in,Summer,0.45,Premier League,1998,1998/1999,England
Derby County,Malcolm Christie,19.0,Right Winger,Nuneaton,€75Th.,in,Summer,0.075,Premier League,1998,1998/1999,England
Arsenal FC,Nwankwo Kanu,22.0,Centre-Forward,Inter,€6.25m,in,Winter,6.25,Premier League,1998,1998/1999,England
Arsenal FC,Kaba Diawara,23.0,Centre-Forward,G. Bordeaux,€3.00m,in,Winter,3.0,Premier League,1998,1998/1999,England
Chelsea FC,Bjarne Goldbaek,30.0,Central Midfield,FC Copenhagen,€500Th.,in,Winter,0.5,Premier League,1998,1998/1999,England
Nottingham Forest,Carlton Palmer,33.0,Defensive Midfield,Southampton,€1.35m,in,Winter,1.35,Premier League,1998,1998/1999,England
Nottingham Forest,Jesper Mattsson,30.0,Centre-Back,Halmstads BK,€300Th.,in,Winter,0.3,Premier League,1998,1998/1999,England
Newcastle United,Duncan Ferguson,27.0,Centre-Forward,Everton,€10.70m,in,Winter,10.7,Premier League,1998,1998/1999,England
Newcastle United,Silvio Maric,23.0,Attacking Midfield,Croatia Zagreb,€5.80m,in,Winter,5.8,Premier League,1998,1998/1999,England
Newcastle United,Didier Domi,20.0,Left-Back,Paris SG,€5.58m,in,Winter,5.58,Premier League,1998,1998/1999,England
Manchester United,Bojan Djordjic,17.0,Left Winger,Brommapojkarna,€1.50m,in,Winter,1.5,Premier League,1998,1998/1999,England
Coventry City,Laurent Delorge,19.0,Right Winger,KAA Gent,€1.75m,in,Winter,1.75,Premier League,1998,1998/1999,England
Wimbledon FC,John Hartson,23.0,Centre-Forward,West Ham,€11.25m,in,Winter,11.25,Premier League,1998,1998/1999,England
Leicester City,Andy Impey,27.0,Defensive Midfield,West Ham,€3.10m,in,Winter,3.1,Premier League,1998,1998/1999,England
Leicester City,Arnar Gunnlaugsson,25.0,Right Winger,Bolton,€2.80m,in,Winter,2.8,Premier League,1998,1998/1999,England
Aston Villa,Dion Dublin,29.0,Centre-Forward,Coventry,€8.60m,in,Winter,8.6,Premier League,1998,1998/1999,England
Aston Villa,Steve Stone,27.0,Right Midfield,Nottm Forest,€8.00m,in,Winter,8.0,Premier League,1998,1998/1999,England
Aston Villa,Peter Enckelman,21.0,Goalkeeper,TPS,€570Th.,in,Winter,0.57,Premier League,1998,1998/1999,England
Aston Villa,Mark Delaney,22.0,Right-Back,Cardiff,€375Th.,in,Winter,0.375,Premier League,1998,1998/1999,England
Aston Villa,Neil Tarrant,19.0,Centre-Forward,Ross County,€375Th.,in,Winter,0.375,Premier League,1998,1998/1999,England
Aston Villa,Colin Calderwood,34.0,Centre-Back,Spurs,€330Th.,in,Winter,0.33,Premier League,1998,1998/1999,England
Leeds United,David Batty,30.0,Defensive Midfield,Newcastle,€6.35m,in,Winter,6.35,Premier League,1998,1998/1999,England
Derby County,Mikkel Beck,25.0,Centre-Forward,Middlesbrough,€700Th.,in,Winter,0.7,Premier League,1998,1998/1999,England
Derby County,Paul Boertien,20.0,Left-Back,Carlisle United,€375Th.,in,Winter,0.375,Premier League,1998,1998/1999,England
Derby County,Richard Jackson,18.0,Right-Back,Scarborough Athletic,€50Th.,in,Winter,0.05,Premier League,1998,1998/1999,England
Derby County,Gerard Doherty,17.0,Goalkeeper,Derry City,€36Th.,in,Winter,0.036,Premier League,1998,1998/1999,England
Everton FC,David Weir,28.0,Centre-Back,Heart of Midl.,€300Th.,in,Winter,0.3,Premier League,1998,1998/1999,England
Everton FC,Scot Gemmill,28.0,Central Midfield,Nottm Forest,€300Th.,in,Winter,0.3,Premier League,1998,1998/1999,England
Liverpool FC,Rigobert Song,22.0,Centre-Back,Salernitana,€3.69m,in,Winter,3.69,Premier League,1998,1998/1999,England
Liverpool FC,Frode Kippe,20.0,Centre-Back,Lillestrøm,€1.05m,in,Winter,1.05,Premier League,1998,1998/1999,England
Liverpool FC,Djimi Traoré,18.0,Centre-Back,Stade Lavallois,€800Th.,in,Winter,0.8,Premier League,1998,1998/1999,England
Tottenham Hotspur,Tim Sherwood,29.0,Central Midfield,Blackburn,€6.00m,in,Winter,6.0,Premier League,1998,1998/1999,England
Tottenham Hotspur,Mauricio Taricco,25.0,Left-Back,Ipswich,€2.65m,in,Winter,2.65,Premier League,1998,1998/1999,England
Tottenham Hotspur,Steffen Freund,28.0,Defensive Midfield,Bor. Dortmund,€1.13m,in,Winter,1.13,Premier League,1998,1998/1999,England
Blackburn Rovers,Ashley Ward,28.0,Centre-Forward,Barnsley FC,€6.29m,in,Winter,6.29,Premier League,1998,1998/1999,England
Blackburn Rovers,Matt Jansen,21.0,Centre-Forward,Crystal Palace,€6.00m,in,Winter,6.0,Premier League,1998,1998/1999,England
Blackburn Rovers,Nathan Blake,26.0,Centre-Forward,Bolton,€5.95m,in,Winter,5.95,Premier League,1998,1998/1999,England
Blackburn Rovers,Jason McAteer,27.0,Right Midfield,Liverpool,€5.55m,in,Winter,5.55,Premier League,1998,1998/1999,England
Blackburn Rovers,Lee Carsley,25.0,Defensive Midfield,Derby,€5.10m,in,Winter,5.1,Premier League,1998,1998/1999,England
Blackburn Rovers,Keith Gillespie,23.0,Right Midfield,Newcastle,€3.50m,in,Winter,3.5,Premier League,1998,1998/1999,England
Blackburn Rovers,David McNamee,18.0,Right-Back,St. Mirren FC U17,€450Th.,in,Winter,0.45,Premier League,1998,1998/1999,England
Southampton FC,Marians Pahars,22.0,Centre-Forward,Skonto,€1.20m,in,Winter,1.2,Premier League,1998,1998/1999,England
Southampton FC,Chris Marsden,30.0,Left Midfield,Birmingham,€1.20m,in,Winter,1.2,Premier League,1998,1998/1999,England
Charlton Athletic,Graham Stuart,28.0,Attacking Midfield,Sheff Utd,€1.75m,in,Winter,1.75,Premier League,1998,1998/1999,England
Charlton Athletic,Martin Pringle,28.0,Centre-Forward,Benfica,€1.10m,in,Winter,1.1,Premier League,1998,1998/1999,England
Charlton Athletic,Mark McCammon,20.0,Centre-Forward,Cambridge Utd.,€65Th.,in,Winter,0.065,Premier League,1998,1998/1999,England
West Ham United,Marc-Vivien Foé,23.0,Defensive Midfield,Lens,€6.00m,in,Winter,6.0,Premier League,1998,1998/1999,England
West Ham United,Paolo Di Canio,30.0,Centre-Forward,Sheff Wed,€2.23m,in,Winter,2.23,Premier League,1998,1998/1999,England
West Ham United,Scott Minto,27.0,Left-Back,Benfica,€1.50m,in,Winter,1.5,Premier League,1998,1998/1999,England
West Ham United,Jimmy Bullard,20.0,Central Midfield,GNFC,€45Th.,in,Winter,0.045,Premier League,1998,1998/1999,England
Sheffield Wednesday,Richard Cresswell,21.0,Centre-Forward,York City,€1.60m,in,Winter,1.6,Premier League,1998,1998/1999,England
Sheffield Wednesday,Phil Scott,24.0,midfield,St. Johnstone,€110Th.,in,Winter,0.11,Premier League,1998,1998/1999,England
Chelsea FC,Chris Sutton,26.0,Centre-Forward,Blackburn,€15.00m,in,Summer,15.0,Premier League,1999,1999/2000,England
Chelsea FC,Gabriele Ambrosetti,25.0,Left Midfield,Vicenza,€4.89m,in,Summer,4.89,Premier League,1999,1999/2000,England
Chelsea FC,Didier Deschamps,30.0,Defensive Midfield,Juventus,€2.00m,in,Summer,2.0,Premier League,1999,1999/2000,England
Chelsea FC,Jes Högh,33.0,Centre-Back,Fenerbahce,€470Th.,in,Summer,0.47,Premier League,1999,1999/2000,England
Sheffield Wednesday,Gilles De Bilde,28.0,Centre-Forward,PSV Eindhoven,€5.00m,in,Summer,5.0,Premier League,1999,1999/2000,England
Sheffield Wednesday,Gerald Sibon,25.0,Centre-Forward,Ajax,€3.00m,in,Summer,3.0,Premier League,1999,1999/2000,England
Bradford City,David Wetherall,28.0,Centre-Back,Leeds,€2.10m,in,Summer,2.1,Premier League,1999,1999/2000,England
Bradford City,Lee Sharpe,28.0,Left Midfield,Leeds,€300Th.,in,Summer,0.3,Premier League,1999,1999/2000,England
Bradford City,Neil Redfearn,34.0,Central Midfield,Charlton,€287Th.,in,Summer,0.287,Premier League,1999,1999/2000,England
Watford FC,Nordin Wooter,22.0,Right Winger,Real Zaragoza,€1.40m,in,Summer,1.4,Premier League,1999,1999/2000,England
Leicester City,Tim Flowers,32.0,Goalkeeper,Blackburn,€1.80m,in,Summer,1.8,Premier League,1999,1999/2000,England
Wimbledon FC,Hermann Hreidarsson,24.0,Centre-Back,Brentford,€3.75m,in,Summer,3.75,Premier League,1999,1999/2000,England
Wimbledon FC,Martin Andresen,22.0,Central Midfield,Stabæk Fotball,€3.00m,in,Summer,3.0,Premier League,1999,1999/2000,England
Wimbledon FC,Walid Badir,25.0,Defensive Midfield,H. Petah Tikva,€1.50m,in,Summer,1.5,Premier League,1999,1999/2000,England
Coventry City,Robbie Keane,19.0,Centre-Forward,Wolves,€9.00m,in,Summer,9.0,Premier League,1999,1999/2000,England
Coventry City,Carlton Palmer,33.0,Defensive Midfield,Nottm Forest,€600Th.,in,Summer,0.6,Premier League,1999,1999/2000,England
Manchester United,Mikaël Silvestre,22.0,Left-Back,Inter,€5.70m,in,Summer,5.7,Premier League,1999,1999/2000,England
Newcastle United,Kieron Dyer,20.0,Right Midfield,Ipswich,€9.00m,in,Summer,9.0,Premier League,1999,1999/2000,England
Newcastle United,Alain Goma,26.0,Centre-Back,Paris SG,€7.00m,in,Summer,7.0,Premier League,1999,1999/2000,England
Newcastle United,Marcelino,27.0,Centre-Back,RCD Mallorca,€6.70m,in,Summer,6.7,Premier League,1999,1999/2000,England
Newcastle United,Diego Gavilán,19.0,Central Midfield,Cerro Porteño,€3.00m,in,Summer,3.0,Premier League,1999,1999/2000,England
Newcastle United,Kevin Gallacher,32.0,Right Winger,Blackburn,€800Th.,in,Summer,0.8,Premier League,1999,1999/2000,England
Newcastle United,Franck Dumas,31.0,Centre-Back,Monaco,€750Th.,in,Summer,0.75,Premier League,1999,1999/2000,England
Middlesbrough FC,Christian Ziege,27.0,Left Midfield,Milan,€6.00m,in,Summer,6.0,Premier League,1999,1999/2000,England
Middlesbrough FC,Paul Ince,31.0,Defensive Midfield,Liverpool,€1.50m,in,Summer,1.5,Premier League,1999,1999/2000,England
Arsenal FC,Thierry Henry,21.0,Centre-Forward,Juventus,€16.10m,in,Summer,16.1,Premier League,1999,1999/2000,England
Arsenal FC,Davor Suker,31.0,Centre-Forward,Real Madrid,€5.40m,in,Summer,5.4,Premier League,1999,1999/2000,England
Arsenal FC,Oleg Luzhnyi,30.0,Right-Back,Dynamo Kyiv,€2.75m,in,Summer,2.75,Premier League,1999,1999/2000,England
Arsenal FC,Stefan Malz,27.0,Left-Back,1860 Munich,€1.15m,in,Summer,1.15,Premier League,1999,1999/2000,England
Aston Villa,George Boateng,23.0,Defensive Midfield,Coventry,€6.20m,in,Summer,6.2,Premier League,1999,1999/2000,England
Aston Villa,David James,28.0,Goalkeeper,Liverpool,€2.40m,in,Summer,2.4,Premier League,1999,1999/2000,England
Aston Villa,Najwan Ghrayib,25.0,Left-Back,Hapoel Haifa,€1.00m,in,Summer,1.0,Premier League,1999,1999/2000,England
Leeds United,Darren Huckerby,23.0,Right Winger,Coventry,€7.60m,in,Summer,7.6,Premier League,1999,1999/2000,England
Leeds United,Michael Bridges,20.0,Centre-Forward,Sunderland,€7.50m,in,Summer,7.5,Premier League,1999,1999/2000,England
Leeds United,Michael Duberry,23.0,Centre-Back,Chelsea,€6.75m,in,Summer,6.75,Premier League,1999,1999/2000,England
Leeds United,Danny Mills,22.0,Right-Back,Charlton,€6.00m,in,Summer,6.0,Premier League,1999,1999/2000,England
Leeds United,Eirik Bakke,21.0,Central Midfield,Sogndal IL,€2.60m,in,Summer,2.6,Premier League,1999,1999/2000,England
Leeds United,Danny Hay,24.0,Centre-Back,Perth Glory,€280Th.,in,Summer,0.28,Premier League,1999,1999/2000,England
Leeds United,Dejan Milosevic,21.0,Goalkeeper,Perth Glory,€175Th.,in,Summer,0.175,Premier League,1999,1999/2000,England
West Ham United,Paulo Wanchope,22.0,Centre-Forward,Derby,€5.35m,in,Summer,5.35,Premier League,1999,1999/2000,England
West Ham United,Jermain Defoe,16.0,Centre-Forward,Charlton U18,€1.73m,in,Summer,1.73,Premier League,1999,1999/2000,England
West Ham United,Igor Stimac,31.0,Centre-Back,Derby,€700Th.,in,Summer,0.7,Premier League,1999,1999/2000,England
Sunderland AFC,Stefan Schwarz,30.0,Central Midfield,Valencia,€6.00m,in,Summer,6.0,Premier League,1999,1999/2000,England
Sunderland AFC,Carsten Fredgaard,23.0,Left-Back,Lyngby BK,€2.20m,in,Summer,2.2,Premier League,1999,1999/2000,England
Sunderland AFC,John Oster,20.0,Central Midfield,Everton,€1.00m,in,Summer,1.0,Premier League,1999,1999/2000,England
Sunderland AFC,Steve Bould,36.0,Centre-Back,Arsenal,€800Th.,in,Summer,0.8,Premier League,1999,1999/2000,England
Sunderland AFC,Éric Roy,31.0,Defensive Midfield,Marseille,€275Th.,in,Summer,0.275,Premier League,1999,1999/2000,England
Sunderland AFC,Michael Ingham,18.0,Goalkeeper,Cliftonville,€45Th.,in,Summer,0.045,Premier League,1999,1999/2000,England
Southampton FC,Jo Tessem,27.0,Central Midfield,Molde,€900Th.,in,Summer,0.9,Premier League,1999,1999/2000,England
Southampton FC,Imants Bleidelis,23.0,Right Midfield,Skonto,€875Th.,in,Summer,0.875,Premier League,1999,1999/2000,England
Southampton FC,Luís Boa Morte,21.0,Left Midfield,Arsenal,€700Th.,in,Summer,0.7,Premier League,1999,1999/2000,England
Southampton FC,Tahar El Khalej,31.0,Centre-Back,Benfica,€500Th.,in,Summer,0.5,Premier League,1999,1999/2000,England
Southampton FC,Trond Soltvedt,32.0,Attacking Midfield,Coventry,€450Th.,in,Summer,0.45,Premier League,1999,1999/2000,England
Tottenham Hotspur,Chris Perry,26.0,Centre-Back,Wimbledon FC,€6.00m,in,Summer,6.0,Premier League,1999,1999/2000,England
Tottenham Hotspur,Öyvind Leonhardsen,28.0,Attacking Midfield,Liverpool,€4.50m,in,Summer,4.5,Premier League,1999,1999/2000,England
Tottenham Hotspur,Willem Korsten,24.0,Left Winger,Vitesse,€1.70m,in,Summer,1.7,Premier League,1999,1999/2000,England
Tottenham Hotspur,Matthew Etherington,17.0,Left Midfield,Peterborough,€750Th.,in,Summer,0.75,Premier League,1999,1999/2000,England
Liverpool FC,Dietmar Hamann,25.0,Defensive Midfield,Newcastle,€12.00m,in,Summer,12.0,Premier League,1999,1999/2000,England
Liverpool FC,Vladimir Smicer,26.0,Attacking Midfield,Lens,€6.80m,in,Summer,6.8,Premier League,1999,1999/2000,England
Liverpool FC,Sander Westerveld,24.0,Goalkeeper,Vitesse,€6.00m,in,Summer,6.0,Premier League,1999,1999/2000,England
Liverpool FC,Stéphane Henchoz,24.0,Centre-Back,Blackburn,€5.40m,in,Summer,5.4,Premier League,1999,1999/2000,England
Liverpool FC,Sami Hyypiä,25.0,Centre-Back,Willem II,€3.90m,in,Summer,3.9,Premier League,1999,1999/2000,England
Liverpool FC,Titi Camara,26.0,Centre-Forward,Marseille,€3.90m,in,Summer,3.9,Premier League,1999,1999/2000,England
Everton FC,Kevin Campbell,29.0,Centre-Forward,Trabzonspor,€4.50m,in,Summer,4.5,Premier League,1999,1999/2000,England
Everton FC,Abel Xavier,26.0,Right-Back,PSV Eindhoven,€2.10m,in,Summer,2.1,Premier League,1999,1999/2000,England
Everton FC,Mark Pembridge,28.0,Left Midfield,Benfica,€1.00m,in,Summer,1.0,Premier League,1999,1999/2000,England
Derby County,Seth Johnson,20.0,Central Midfield,Crewe Alexandra,€4.50m,in,Summer,4.5,Premier League,1999,1999/2000,England
Derby County,Lee Morris,19.0,Centre-Forward,Sheff Utd,€4.20m,in,Summer,4.2,Premier League,1999,1999/2000,England
Derby County,Andy Oakes,22.0,Goalkeeper,Hull City,€500Th.,in,Summer,0.5,Premier League,1999,1999/2000,England
Chelsea FC,Émerson Thome,27.0,Centre-Back,Sheff Wed,€4.00m,in,Winter,4.0,Premier League,1999,1999/2000,England
Watford FC,Heidar Helguson,22.0,Centre-Forward,Lillestrøm,€2.25m,in,Winter,2.25,Premier League,1999,1999/2000,England
Watford FC,Neil Cox,28.0,Centre-Back,Bolton,€750Th.,in,Winter,0.75,Premier League,1999,1999/2000,England
Leicester City,Darren Eadie,24.0,Left Midfield,Norwich,€4.50m,in,Winter,4.5,Premier League,1999,1999/2000,England
Coventry City,Mustapha Hadji,28.0,Attacking Midfield,Dep. La Coruña,€6.00m,in,Winter,6.0,Premier League,1999,1999/2000,England
Coventry City,Cédric Roussel,22.0,Centre-Forward,KAA Gent,€1.68m,in,Winter,1.68,Premier League,1999,1999/2000,England
Coventry City,Ysrael Zúñiga,23.0,Centre-Forward,FBC Melgar,€1.50m,in,Winter,1.5,Premier League,1999,1999/2000,England
Coventry City,Colin Hendry,34.0,Centre-Back,Rangers,€1.15m,in,Winter,1.15,Premier League,1999,1999/2000,England
Coventry City,Tomas Antonelius,26.0,Right-Back,AIK,€400Th.,in,Winter,0.4,Premier League,1999,1999/2000,England
Manchester United,Quinton Fortune,22.0,Central Midfield,Atlético Madrid,€2.25m,in,Winter,2.25,Premier League,1999,1999/2000,England
Middlesbrough FC,Carlos Marinelli,17.0,Attacking Midfield,Boca Juniors,€2.82m,in,Winter,2.82,Premier League,1999,1999/2000,England
Leeds United,Jason Wilcox,28.0,Left Winger,Blackburn,€4.50m,in,Winter,4.5,Premier League,1999,1999/2000,England
Leeds United,Shaun Allaway,17.0,Goalkeeper,Reading,€300Th.,in,Winter,0.3,Premier League,1999,1999/2000,England
Sunderland AFC,Kevin Kilbane,22.0,Left Midfield,West Brom,€3.75m,in,Winter,3.75,Premier League,1999,1999/2000,England
Sunderland AFC,Milton Núñez,27.0,Centre-Forward,PAOK Salonika,€2.63m,in,Winter,2.63,Premier League,1999,1999/2000,England
Tottenham Hotspur,Gary Doherty,20.0,Centre-Back,Luton,€1.50m,in,Winter,1.5,Premier League,1999,1999/2000,England
Tottenham Hotspur,Anthony Gardner,19.0,Centre-Back,Port Vale,€1.50m,in,Winter,1.5,Premier League,1999,1999/2000,England
Tottenham Hotspur,Simon Davies,20.0,Right Midfield,Peterborough,€1.05m,in,Winter,1.05,Premier League,1999,1999/2000,England
Liverpool FC,Emile Heskey,22.0,Centre-Forward,Leicester,€16.50m,in,Winter,16.5,Premier League,1999,1999/2000,England
Derby County,Branko Strupar,29.0,Centre-Forward,KRC Genk,€4.20m,in,Winter,4.2,Premier League,1999,1999/2000,England
Derby County,Esteban Fuertes,27.0,Centre-Forward,Racing Club,€3.00m,in,Winter,3.0,Premier League,1999,1999/2000,England
Leeds United,Olivier Dacourt,25.0,Defensive Midfield,Lens,€10.50m,in,Summer,10.5,Premier League,2000,2000/2001,England
Leeds United,Mark Viduka,24.0,Centre-Forward,Celtic,€9.15m,in,Summer,9.15,Premier League,2000,2000/2001,England
Leeds United,Dominic Matteo,26.0,Left-Back,Liverpool,€7.13m,in,Summer,7.13,Premier League,2000,2000/2001,England
Leeds United,Jacob Burns,22.0,Defensive Midfield,Parra. Power,€375Th.,in,Summer,0.375,Premier League,2000,2000/2001,England
Bradford City,David Hopkin,29.0,Right Midfield,Leeds,€3.75m,in,Summer,3.75,Premier League,2000,2000/2001,England
Bradford City,Ashley Ward,29.0,Centre-Forward,Blackburn,€2.10m,in,Summer,2.1,Premier League,2000,2000/2001,England
Bradford City,Andy Tod,28.0,Centre-Back,Dunfermline A.,Loan fee:€75Th.,in,Summer,0.075,Premier League,2000,2000/2001,England
Leicester City,Gary Rowett,26.0,Right-Back,Birmingham,€4.50m,in,Summer,4.5,Premier League,2000,2000/2001,England
Leicester City,Callum Davidson,24.0,Left-Back,Blackburn,€2.50m,in,Summer,2.5,Premier League,2000,2000/2001,England
Leicester City,Trevor Benjamin,21.0,Centre-Forward,Cambridge Utd.,€2.25m,in,Summer,2.25,Premier League,2000,2000/2001,England
Leicester City,Richard Cresswell,22.0,Centre-Forward,Sheff Wed,€1.05m,in,Summer,1.05,Premier League,2000,2000/2001,England
Leicester City,Damien Delaney,18.0,Centre-Back,Cork City,€75Th.,in,Summer,0.075,Premier League,2000,2000/2001,England
Coventry City,Craig Bellamy,21.0,Left Winger,Norwich,€9.25m,in,Summer,9.25,Premier League,2000,2000/2001,England
Coventry City,David Thompson,22.0,Right Midfield,Liverpool,€4.50m,in,Summer,4.5,Premier League,2000,2000/2001,England
Coventry City,Jay Bothroyd,18.0,Centre-Forward,Arsenal U18,€1.50m,in,Summer,1.5,Premier League,2000,2000/2001,England
Manchester United,Fabien Barthez,29.0,Goalkeeper,Monaco,€11.70m,in,Summer,11.7,Premier League,2000,2000/2001,England
Newcastle United,Carl Cort,22.0,Centre-Forward,Wimbledon FC,€10.50m,in,Summer,10.5,Premier League,2000,2000/2001,England
Newcastle United,Christian Bassedas,27.0,Attacking Midfield,Vélez Sarsfield,€5.30m,in,Summer,5.3,Premier League,2000,2000/2001,England
Newcastle United,Lomana LuaLua,19.0,Centre-Forward,Colchester Utd.,€3.75m,in,Summer,3.75,Premier League,2000,2000/2001,England
Ipswich Town,Hermann Hreidarsson,25.0,Centre-Back,Wimbledon FC,€6.75m,in,Summer,6.75,Premier League,2000,2000/2001,England
Middlesbrough FC,Ugo Ehiogu,27.0,Centre-Back,Aston Villa,€12.20m,in,Summer,12.2,Premier League,2000,2000/2001,England
Middlesbrough FC,Christian Karembeu,29.0,Defensive Midfield,Real Madrid,€8.75m,in,Summer,8.75,Premier League,2000,2000/2001,England
Middlesbrough FC,Joseph-Désiré Job,22.0,Centre-Forward,Lens,€4.50m,in,Summer,4.5,Premier League,2000,2000/2001,England
Middlesbrough FC,Alen Boksic,30.0,Centre-Forward,Lazio,€3.45m,in,Summer,3.45,Premier League,2000,2000/2001,England
Middlesbrough FC,Noel Whelan,25.0,Centre-Forward,Coventry,€3.00m,in,Summer,3.0,Premier League,2000,2000/2001,England
Chelsea FC,Jimmy Floyd Hasselbaink,28.0,Centre-Forward,Atlético Madrid,€22.50m,in,Summer,22.5,Premier League,2000,2000/2001,England
Chelsea FC,Mario Stanic,28.0,Right Winger,AC Parma,€8.40m,in,Summer,8.4,Premier League,2000,2000/2001,England
Chelsea FC,Eidur Gudjohnsen,21.0,Centre-Forward,Bolton,€7.50m,in,Summer,7.5,Premier League,2000,2000/2001,England
Chelsea FC,Slavisa Jokanovic,32.0,Defensive Midfield,Dep. La Coruña,€1.90m,in,Summer,1.9,Premier League,2000,2000/2001,England
Chelsea FC,Carlo Cudicini,26.0,Goalkeeper,Castel di Sangro,€240Th.,in,Summer,0.24,Premier League,2000,2000/2001,England
Aston Villa,Alpay Özalan,27.0,Centre-Back,Siirt Jetpa,€6.72m,in,Summer,6.72,Premier League,2000,2000/2001,England
Arsenal FC,Sylvain Wiltord,26.0,Second Striker,G. Bordeaux,€17.50m,in,Summer,17.5,Premier League,2000,2000/2001,England
Arsenal FC,Francis Jeffers,20.0,Centre-Forward,Everton,€15.30m,in,Summer,15.3,Premier League,2000,2000/2001,England
Arsenal FC,Laurén,23.0,Right-Back,RCD Mallorca,€10.70m,in,Summer,10.7,Premier League,2000,2000/2001,England
Arsenal FC,Robert Pirès,26.0,Left Midfield,Marseille,€9.80m,in,Summer,9.8,Premier League,2000,2000/2001,England
Arsenal FC,Igors Stepanovs,24.0,Centre-Back,Skonto,€1.50m,in,Summer,1.5,Premier League,2000,2000/2001,England
Arsenal FC,Tomas Danilevicius,21.0,Centre-Forward,Lausanne-Sport,€1.50m,in,Summer,1.5,Premier League,2000,2000/2001,England
West Ham United,Frédéric Kanouté,22.0,Centre-Forward,Olympique Lyon,€5.63m,in,Summer,5.63,Premier League,2000,2000/2001,England
West Ham United,Tom Williams,19.0,Left-Back,Walton & Hersham FC,€66Th.,in,Summer,0.066,Premier League,2000,2000/2001,England
Charlton Athletic,Claus Jensen,23.0,Attacking Midfield,Bolton,€6.00m,in,Summer,6.0,Premier League,2000,2000/2001,England
Charlton Athletic,Radostin Kishishev,25.0,Defensive Midfield,Lovech,€4.50m,in,Summer,4.5,Premier League,2000,2000/2001,England
Charlton Athletic,Jonatan Johansson,24.0,Centre-Forward,Rangers,€4.30m,in,Summer,4.3,Premier League,2000,2000/2001,England
Charlton Athletic,Mathias Svensson,25.0,Centre-Forward,Crystal Palace,€900Th.,in,Summer,0.9,Premier League,2000,2000/2001,England
Charlton Athletic,Karim Bagheri,26.0,Defensive Midfield,Piroozi FC,€550Th.,in,Summer,0.55,Premier League,2000,2000/2001,England
Sunderland AFC,Émerson Thome,28.0,Centre-Back,Chelsea,€6.70m,in,Summer,6.7,Premier League,2000,2000/2001,England
Sunderland AFC,Julio Arca,19.0,Central Midfield,Argentinos Jrs.,€4.70m,in,Summer,4.7,Premier League,2000,2000/2001,England
Sunderland AFC,Don Hutchison,29.0,Attacking Midfield,Everton,€3.75m,in,Summer,3.75,Premier League,2000,2000/2001,England
Sunderland AFC,Stanislav Varga,27.0,Centre-Back,Slo. Bratislava,€1.25m,in,Summer,1.25,Premier League,2000,2000/2001,England
Sunderland AFC,Tom Peeters,21.0,Left Winger,KV Mechelen,€375Th.,in,Summer,0.375,Premier League,2000,2000/2001,England
Manchester City,Paulo Wanchope,23.0,Centre-Forward,West Ham,€5.60m,in,Summer,5.6,Premier League,2000,2000/2001,England
Manchester City,Richard Dunne,21.0,Centre-Back,Everton,€4.50m,in,Summer,4.5,Premier League,2000,2000/2001,England
Manchester City,Alf-Inge Haaland,27.0,Defensive Midfield,Leeds,€3.75m,in,Summer,3.75,Premier League,2000,2000/2001,England
Manchester City,Laurent Charvet,27.0,Right-Back,Newcastle,€1.50m,in,Summer,1.5,Premier League,2000,2000/2001,England
Tottenham Hotspur,Sergiy Rebrov,26.0,Second Striker,Dynamo Kyiv,€18.00m,in,Summer,18.0,Premier League,2000,2000/2001,England
Tottenham Hotspur,Ben Thatcher,24.0,Left-Back,Wimbledon FC,€7.54m,in,Summer,7.54,Premier League,2000,2000/2001,England
Tottenham Hotspur,Steven Ferguson,18.0,Centre-Forward,East Fife,€200Th.,in,Summer,0.2,Premier League,2000,2000/2001,England
Liverpool FC,Christian Ziege,28.0,Left Midfield,Middlesbrough,€9.00m,in,Summer,9.0,Premier League,2000,2000/2001,England
Liverpool FC,Nick Barmby,26.0,Left Midfield,Everton,€9.00m,in,Summer,9.0,Premier League,2000,2000/2001,England
Liverpool FC,Bernard Diomède,26.0,Left Winger,AJ Auxerre,€4.50m,in,Summer,4.5,Premier League,2000,2000/2001,England
Liverpool FC,Gary McAllister,35.0,Central Midfield,Coventry,€1.00m,in,Summer,1.0,Premier League,2000,2000/2001,England
Liverpool FC,Grégory Vignal,19.0,Left-Back,Montpellier,€750Th.,in,Summer,0.75,Premier League,2000,2000/2001,England
Everton FC,Alex Nyarko,26.0,Central Midfield,Lens,€6.30m,in,Summer,6.3,Premier League,2000,2000/2001,England
Everton FC,Duncan Ferguson,28.0,Centre-Forward,Newcastle,€5.40m,in,Summer,5.4,Premier League,2000,2000/2001,England
Everton FC,Alessandro Pistone,24.0,Left-Back,Newcastle,€4.50m,in,Summer,4.5,Premier League,2000,2000/2001,England
Everton FC,Niclas Alexandersson,28.0,Right Midfield,Sheff Wed,€3.80m,in,Summer,3.8,Premier League,2000,2000/2001,England
Everton FC,Steve Watson,26.0,Right-Back,Aston Villa,€3.75m,in,Summer,3.75,Premier League,2000,2000/2001,England
Everton FC,Thomas Gravesen,24.0,Defensive Midfield,Hamburger SV,€3.50m,in,Summer,3.5,Premier League,2000,2000/2001,England
Everton FC,Stephen Hughes,23.0,Defensive Midfield,Arsenal,€3.50m,in,Summer,3.5,Premier League,2000,2000/2001,England
Everton FC,Gary Naysmith,21.0,Left-Back,Heart of Midl.,€2.63m,in,Summer,2.63,Premier League,2000,2000/2001,England
Everton FC,Idan Tal,25.0,Defensive Midfield,M. Petah Tikva,€1.05m,in,Summer,1.05,Premier League,2000,2000/2001,England
Everton FC,Andrew Pettinger,16.0,Goalkeeper,Scunthorpe Utd.,€54Th.,in,Summer,0.054,Premier League,2000,2000/2001,England
Derby County,Giorgi Kinkladze,26.0,Attacking Midfield,Ajax,€5.00m,in,Summer,5.0,Premier League,2000,2000/2001,England
Derby County,Danny Higginbotham,21.0,Centre-Back,Man Utd,€3.00m,in,Summer,3.0,Premier League,2000,2000/2001,England
Derby County,Bjørn Otto Bragstad,29.0,Centre-Back,Rosenborg,€3.00m,in,Summer,3.0,Premier League,2000,2000/2001,England
Derby County,Adam Bolder,19.0,midfield,Hull City,€125Th.,in,Summer,0.125,Premier League,2000,2000/2001,England
Leeds United,Rio Ferdinand,22.0,Centre-Back,West Ham,€26.00m,in,Winter,26.0,Premier League,2000,2000/2001,England
Bradford City,Robert Molenaar,31.0,Centre-Back,Leeds,€680Th.,in,Winter,0.68,Premier League,2000,2000/2001,England
Leicester City,Lee Marshall,22.0,Central Midfield,Norwich,€700Th.,in,Winter,0.7,Premier League,2000,2000/2001,England
Leicester City,Dean Sturridge,27.0,Centre-Forward,Derby,€530Th.,in,Winter,0.53,Premier League,2000,2000/2001,England
Leicester City,Kevin Ellison,21.0,Left Winger,Altrincham,€90Th.,in,Winter,0.09,Premier League,2000,2000/2001,England
Coventry City,Lee Carsley,26.0,Defensive Midfield,Blackburn,€3.75m,in,Winter,3.75,Premier League,2000,2000/2001,England
Newcastle United,Andrew O'Brien,21.0,Centre-Back,Bradford,€3.00m,in,Winter,3.0,Premier League,2000,2000/2001,England
Newcastle United,Clarence Acuña,25.0,Defensive Midfield,U. de Chile,€1.50m,in,Winter,1.5,Premier League,2000,2000/2001,England
Newcastle United,Wayne Quinn,24.0,Left-Back,Sheff Utd,€1.15m,in,Winter,1.15,Premier League,2000,2000/2001,England
Newcastle United,Carlos Daniel Cordone,26.0,Centre-Forward,Racing Club,€710Th.,in,Winter,0.71,Premier League,2000,2000/2001,England
Ipswich Town,Chris Makin,27.0,Left-Back,Sunderland,€2.10m,in,Winter,2.1,Premier League,2000,2000/2001,England
Ipswich Town,Alun Armstrong,25.0,Centre-Forward,Middlesbrough,€750Th.,in,Winter,0.75,Premier League,2000,2000/2001,England
Middlesbrough FC,Dean Windass,31.0,Centre-Forward,Bradford,€1.57m,in,Winter,1.57,Premier League,2000,2000/2001,England
Chelsea FC,Jesper Grönkjaer,23.0,Left Winger,Ajax,€11.85m,in,Winter,11.85,Premier League,2000,2000/2001,England
Aston Villa,Juan Pablo Ángel,25.0,Centre-Forward,River Plate,€14.40m,in,Winter,14.4,Premier League,2000,2000/2001,England
West Ham United,Rigobert Song,24.0,Centre-Back,Liverpool,€4.17m,in,Winter,4.17,Premier League,2000,2000/2001,England
West Ham United,Titi Camara,28.0,Centre-Forward,Liverpool,€3.30m,in,Winter,3.3,Premier League,2000,2000/2001,England
West Ham United,Christian Dailly,27.0,Centre-Back,Blackburn,€2.82m,in,Winter,2.82,Premier League,2000,2000/2001,England
West Ham United,Ragnvald Soma,21.0,Centre-Back,Bryne FK,€1.22m,in,Winter,1.22,Premier League,2000,2000/2001,England
West Ham United,Svetoslav Todorov,22.0,Centre-Forward,Lovech,€750Th.,in,Winter,0.75,Premier League,2000,2000/2001,England
West Ham United,Sébastien Schemmel,25.0,Right-Back,FC Metz,€700Th.,in,Winter,0.7,Premier League,2000,2000/2001,England
Charlton Athletic,Shaun Bartlett,28.0,Centre-Forward,FC Zürich,€3.00m,in,Winter,3.0,Premier League,2000,2000/2001,England
Charlton Athletic,Mark Fish,26.0,Centre-Back,Bolton,€1.55m,in,Winter,1.55,Premier League,2000,2000/2001,England
Sunderland AFC,Dene Shields,18.0,Centre-Forward,Raith Rovers,€90Th.,in,Winter,0.09,Premier League,2000,2000/2001,England
Manchester City,Darren Huckerby,24.0,Right Winger,Leeds,€4.00m,in,Winter,4.0,Premier League,2000,2000/2001,England
Manchester City,Andrey Kanchelskis,32.0,Right Midfield,Rangers,Loan fee:€800Th.,in,Winter,0.8,Premier League,2000,2000/2001,England
Manchester City,Carlo Nash,27.0,Goalkeeper,Stockport,€125Th.,in,Winter,0.125,Premier League,2000,2000/2001,England
Liverpool FC,Igor Biscan,22.0,Defensive Midfield,Dinamo Zagreb,€8.25m,in,Winter,8.25,Premier League,2000,2000/2001,England
Liverpool FC,Daniel Sjölund,17.0,Defensive Midfield,West Ham,€1.50m,in,Winter,1.5,Premier League,2000,2000/2001,England
Derby County,Brian O'Neil,28.0,Centre-Back,VfL Wolfsburg,€750Th.,in,Winter,0.75,Premier League,2000,2000/2001,England
Derby County,Taribo West,26.0,Left-Back,Milan,Loan fee:€750Th.,in,Winter,0.75,Premier League,2000,2000/2001,England
Derby County,Youl Mawéné,21.0,Centre-Back,Lens,€700Th.,in,Winter,0.7,Premier League,2000,2000/2001,England
West Ham United,Tomas Repka,27.0,Centre-Back,Fiorentina,€8.25m,in,Summer,8.25,Premier League,2001,2001/2002,England
West Ham United,Don Hutchison,30.0,Attacking Midfield,Sunderland,€7.50m,in,Summer,7.5,Premier League,2001,2001/2002,England
West Ham United,David James,30.0,Goalkeeper,Aston Villa,€4.80m,in,Summer,4.8,Premier League,2001,2001/2002,England
Leicester City,Matthew Jones,20.0,Central Midfield,Leeds,€4.50m,in,Summer,4.5,Premier League,2001,2001/2002,England
Leicester City,James Scowcroft,25.0,Centre-Forward,Ipswich,€4.50m,in,Summer,4.5,Premier League,2001,2001/2002,England
Leicester City,Ian Walker,29.0,Goalkeeper,Spurs,€3.75m,in,Summer,3.75,Premier League,2001,2001/2002,England
Leicester City,Dennis Wise,34.0,Central Midfield,Chelsea,€3.50m,in,Summer,3.5,Premier League,2001,2001/2002,England
Leicester City,Ashley Lyth,19.0,Right-Back,Scarborough Athletic,€150Th.,in,Summer,0.15,Premier League,2001,2001/2002,England
Manchester United,Juan Sebastián Verón,26.0,Central Midfield,Lazio,€42.60m,in,Summer,42.6,Premier League,2001,2001/2002,England
Manchester United,Ruud van Nistelrooy,25.0,Centre-Forward,PSV Eindhoven,€28.50m,in,Summer,28.5,Premier League,2001,2001/2002,England
Manchester United,Roy Carroll,23.0,Goalkeeper,Wigan,€3.00m,in,Summer,3.0,Premier League,2001,2001/2002,England
Manchester United,Luke Steele,16.0,Centre-Forward,Peterborough,€750Th.,in,Summer,0.75,Premier League,2001,2001/2002,England
Fulham FC,Steve Marlet,27.0,Centre-Forward,Olympique Lyon,€17.60m,in,Summer,17.6,Premier League,2001,2001/2002,England
Fulham FC,Edwin van der Sar,30.0,Goalkeeper,Juventus,€10.30m,in,Summer,10.3,Premier League,2001,2001/2002,England
Fulham FC,Steed Malbranque,21.0,Central Midfield,Olympique Lyon,€6.60m,in,Summer,6.6,Premier League,2001,2001/2002,England
Fulham FC,Sylvain Legwinski,28.0,Left Midfield,G. Bordeaux,€5.25m,in,Summer,5.25,Premier League,2001,2001/2002,England
Fulham FC,Jon Harley,21.0,Left-Back,Chelsea,€5.25m,in,Summer,5.25,Premier League,2001,2001/2002,England
Fulham FC,Abdeslam Ouaddou,22.0,Centre-Back,AS Nancy,€3.30m,in,Summer,3.3,Premier League,2001,2001/2002,England
Fulham FC,Luís Boa Morte,23.0,Left Midfield,Southampton,€2.30m,in,Summer,2.3,Premier League,2001,2001/2002,England
Newcastle United,Laurent Robert,26.0,Left Winger,Paris SG,€14.33m,in,Summer,14.33,Premier League,2001,2001/2002,England
Newcastle United,Craig Bellamy,21.0,Left Winger,Coventry,€9.00m,in,Summer,9.0,Premier League,2001,2001/2002,England
Newcastle United,Sylvain Distin,23.0,Centre-Back,Paris SG,Loan fee:€750Th.,in,Summer,0.75,Premier League,2001,2001/2002,England
Newcastle United,Ryan McGuffie,20.0,Right-Back,Annan Athletic,€10Th.,in,Summer,0.01,Premier League,2001,2001/2002,England
Ipswich Town,Matteo Sereni,26.0,Goalkeeper,Sampdoria,€6.25m,in,Summer,6.25,Premier League,2001,2001/2002,England
Ipswich Town,Finidi George,30.0,Right Winger,RCD Mallorca,€4.20m,in,Summer,4.2,Premier League,2001,2001/2002,England
Ipswich Town,Thomas Gaardsöe,22.0,Centre-Back,Aalborg BK,€1.80m,in,Summer,1.8,Premier League,2001,2001/2002,England
Ipswich Town,Tommy Miller,22.0,Central Midfield,Hartlepool,€1.10m,in,Summer,1.1,Premier League,2001,2001/2002,England
Ipswich Town,Chris Hogg,16.0,Centre-Back,York City,€225Th.,in,Summer,0.225,Premier League,2001,2001/2002,England
Ipswich Town,Sixto Peralta,22.0,Central Midfield,Inter,Loan fee:€200Th.,in,Summer,0.2,Premier League,2001,2001/2002,England
Middlesbrough FC,Gareth Southgate,30.0,Centre-Back,Aston Villa,€9.75m,in,Summer,9.75,Premier League,2001,2001/2002,England
Middlesbrough FC,Szilard Nemeth,23.0,Second Striker,Inter Bratislava,€6.75m,in,Summer,6.75,Premier League,2001,2001/2002,England
Middlesbrough FC,Jonathan Greening,22.0,Central Midfield,Man Utd,€3.00m,in,Summer,3.0,Premier League,2001,2001/2002,England
Middlesbrough FC,Mark Wilson,22.0,Central Midfield,Man Utd,€2.30m,in,Summer,2.3,Premier League,2001,2001/2002,England
Middlesbrough FC,Allan Johnston,27.0,Right Midfield,Rangers,€900Th.,in,Summer,0.9,Premier League,2001,2001/2002,England
Chelsea FC,Frank Lampard,23.0,Central Midfield,West Ham,€16.00m,in,Summer,16.0,Premier League,2001,2001/2002,England
Chelsea FC,Boudewijn Zenden,24.0,Left Winger,Barcelona,€12.90m,in,Summer,12.9,Premier League,2001,2001/2002,England
Chelsea FC,Emmanuel Petit,30.0,Defensive Midfield,Barcelona,€11.50m,in,Summer,11.5,Premier League,2001,2001/2002,England
Chelsea FC,William Gallas,23.0,Centre-Back,Marseille,€9.30m,in,Summer,9.3,Premier League,2001,2001/2002,England
Aston Villa,Bosko Balaban,22.0,Centre-Forward,Dinamo Zagreb,€7.80m,in,Summer,7.8,Premier League,2001,2001/2002,England
Aston Villa,Olof Mellberg,23.0,Centre-Back,Racing,€6.80m,in,Summer,6.8,Premier League,2001,2001/2002,England
Aston Villa,Mustapha Hadji,29.0,Attacking Midfield,Coventry,€4.00m,in,Summer,4.0,Premier League,2001,2001/2002,England
Leeds United,Robbie Keane,20.0,Centre-Forward,Inter,€18.00m,in,Summer,18.0,Premier League,2001,2001/2002,England
Leeds United,Seth Johnson,22.0,Central Midfield,Derby,€11.50m,in,Summer,11.5,Premier League,2001,2001/2002,England
Arsenal FC,Giovanni van Bronckhorst,26.0,Left-Back,Rangers,€13.50m,in,Summer,13.5,Premier League,2001,2001/2002,England
Arsenal FC,Richard Wright,23.0,Goalkeeper,Ipswich,€9.00m,in,Summer,9.0,Premier League,2001,2001/2002,England
Arsenal FC,Juan,19.0,Attacking Midfield,FC São Paulo B,€350Th.,in,Summer,0.35,Premier League,2001,2001/2002,England
Charlton Athletic,Jason Euell,24.0,Second Striker,Wimbledon FC,€7.50m,in,Summer,7.5,Premier League,2001,2001/2002,England
Charlton Athletic,Luke Young,21.0,Right-Back,Spurs,€6.00m,in,Summer,6.0,Premier League,2001,2001/2002,England
Bolton Wanderers,Henrik Pedersen,26.0,Centre-Forward,Silkeborg IF,€900Th.,in,Summer,0.9,Premier League,2001,2001/2002,England
Bolton Wanderers,Bruno N'Gotty,30.0,Centre-Back,Marseille,€750Th.,in,Summer,0.75,Premier League,2001,2001/2002,England
Bolton Wanderers,Jonathan Walters,17.0,Right Winger,Blackburn U18,€50Th.,in,Summer,0.05,Premier League,2001,2001/2002,England
Sunderland AFC,Lilian Laslandes,29.0,Centre-Forward,G. Bordeaux,€6.00m,in,Summer,6.0,Premier League,2001,2001/2002,England
Sunderland AFC,Nicolás Medina,19.0,Defensive Midfield,Argentinos Jrs.,€5.25m,in,Summer,5.25,Premier League,2001,2001/2002,England
Sunderland AFC,Jason McAteer,30.0,Right Midfield,Blackburn,€3.00m,in,Summer,3.0,Premier League,2001,2001/2002,England
Sunderland AFC,Bernt Haas,23.0,Right-Back,Grasshoppers,€1.80m,in,Summer,1.8,Premier League,2001,2001/2002,England
Sunderland AFC,Sean Thornton,18.0,Central Midfield,Tranmere Rovers,€280Th.,in,Summer,0.28,Premier League,2001,2001/2002,England
Southampton FC,Rory Delap,24.0,Central Midfield,Derby,€6.00m,in,Summer,6.0,Premier League,2001,2001/2002,England
Southampton FC,Mark Draper,30.0,Central Midfield,Aston Villa,€2.25m,in,Summer,2.25,Premier League,2001,2001/2002,England
Southampton FC,Anders Svensson,24.0,Defensive Midfield,Elfsborg,€900Th.,in,Summer,0.9,Premier League,2001,2001/2002,England
Blackburn Rovers,Corrado Grabbi,25.0,Centre-Forward,Ternana,€11.36m,in,Summer,11.36,Premier League,2001,2001/2002,England
Blackburn Rovers,Nils-Eric Johansson,21.0,Left-Back,1.FC Nuremberg,€3.00m,in,Summer,3.0,Premier League,2001,2001/2002,England
Blackburn Rovers,Tugay Kerimoglu,30.0,Defensive Midfield,Rangers,€1.95m,in,Summer,1.95,Premier League,2001,2001/2002,England
Blackburn Rovers,Lucas Neill,23.0,Centre-Back,Millwall,€1.50m,in,Summer,1.5,Premier League,2001,2001/2002,England
Tottenham Hotspur,Dean Richards,27.0,Centre-Back,Southampton,€12.15m,in,Summer,12.15,Premier League,2001,2001/2002,England
Tottenham Hotspur,Christian Ziege,29.0,Left Midfield,Liverpool,€6.50m,in,Summer,6.5,Premier League,2001,2001/2002,England
Tottenham Hotspur,Goran Bunjevcevic,28.0,Centre-Back,Red Star,€6.00m,in,Summer,6.0,Premier League,2001,2001/2002,England
Tottenham Hotspur,Gustavo Poyet,33.0,Attacking Midfield,Chelsea,€3.40m,in,Summer,3.4,Premier League,2001,2001/2002,England
Liverpool FC,Chris Kirkland,20.0,Goalkeeper,Coventry,€8.20m,in,Summer,8.2,Premier League,2001,2001/2002,England
Liverpool FC,Jerzy Dudek,28.0,Goalkeeper,Feyenoord,€7.40m,in,Summer,7.4,Premier League,2001,2001/2002,England
Liverpool FC,John Arne Riise,20.0,Left-Back,Monaco,€6.36m,in,Summer,6.36,Premier League,2001,2001/2002,England
Everton FC,Tomasz Radzinski,27.0,Centre-Forward,RSC Anderlecht,€6.75m,in,Summer,6.75,Premier League,2001,2001/2002,England
West Ham United,Vladimir Labant,27.0,Left-Back,Sparta Prague,€1.40m,in,Winter,1.4,Premier League,2001,2001/2002,England
West Ham United,David Forde,22.0,Goalkeeper,Barry,€110Th.,in,Winter,0.11,Premier League,2001,2001/2002,England
Leicester City,Paul Dickov,29.0,Centre-Forward,Man City,€1.50m,in,Winter,1.5,Premier League,2001,2001/2002,England
Leicester City,Jacob Laursen,30.0,Centre-Back,FC Copenhagen,€600Th.,in,Winter,0.6,Premier League,2001,2001/2002,England
Leicester City,Alan Rogers,24.0,Left-Back,Nottm Forest,€450Th.,in,Winter,0.45,Premier League,2001,2001/2002,England
Leicester City,Brian Deane,33.0,Centre-Forward,Middlesbrough,€250Th.,in,Winter,0.25,Premier League,2001,2001/2002,England
Manchester United,Diego Forlán,22.0,Centre-Forward,Independiente,€11.00m,in,Winter,11.0,Premier League,2001,2001/2002,England
Newcastle United,Jermaine Jenas,18.0,Central Midfield,Nottm Forest,€7.50m,in,Winter,7.5,Premier League,2001,2001/2002,England
Ipswich Town,Marcus Bent,23.0,Centre-Forward,Blackburn,€4.50m,in,Winter,4.5,Premier League,2001,2001/2002,England
Ipswich Town,Ulrich Le Pen,27.0,Left Midfield,FC Lorient,€1.95m,in,Winter,1.95,Premier League,2001,2001/2002,England
Aston Villa,Peter Crouch,21.0,Centre-Forward,Portsmouth,€7.50m,in,Winter,7.5,Premier League,2001,2001/2002,England
Leeds United,Robbie Fowler,26.0,Centre-Forward,Liverpool,€16.80m,in,Winter,16.8,Premier League,2001,2001/2002,England
Arsenal FC,Edú Gaspar,23.0,Central Midfield,Corinthians,€8.75m,in,Winter,8.75,Premier League,2001,2001/2002,England
Arsenal FC,Stathis Tavlaridis,21.0,Centre-Back,Iraklis,€900Th.,in,Winter,0.9,Premier League,2001,2001/2002,England
Arsenal FC,Kolo Touré,20.0,Centre-Back,ASEC Mimosas,€185Th.,in,Winter,0.185,Premier League,2001,2001/2002,England
Bolton Wanderers,Youri Djorkaeff,33.0,Attacking Midfield,1.FC K'lautern,€500Th.,in,Winter,0.5,Premier League,2001,2001/2002,England
Bolton Wanderers,Fredi Bobic,30.0,Centre-Forward,Bor. Dortmund,Loan fee:€500Th.,in,Winter,0.5,Premier League,2001,2001/2002,England
Bolton Wanderers,Derek Niven,17.0,Defensive Midfield,Raith Rovers,€230Th.,in,Winter,0.23,Premier League,2001,2001/2002,England
Bolton Wanderers,Stig Töfting,32.0,Defensive Midfield,Hamburger SV,€200Th.,in,Winter,0.2,Premier League,2001,2001/2002,England
Sunderland AFC,Claudio Reyna,28.0,Central Midfield,Rangers,€6.70m,in,Winter,6.7,Premier League,2001,2001/2002,England
Sunderland AFC,Patrick M'Boma,31.0,Centre-Forward,AC Parma,€4.50m,in,Winter,4.5,Premier League,2001,2001/2002,England
Sunderland AFC,Joachim Björklund,30.0,Centre-Back,AC Venezia 1907,€2.23m,in,Winter,2.23,Premier League,2001,2001/2002,England
Southampton FC,Agustín Delgado,27.0,Centre-Forward,Necaxa,€5.75m,in,Winter,5.75,Premier League,2001,2001/2002,England
Southampton FC,Brett Ormerod,25.0,Centre-Forward,Blackpool,€2.65m,in,Winter,2.65,Premier League,2001,2001/2002,England
Southampton FC,Fabrice Fernandes,22.0,Left Winger,Stade Rennais,€1.65m,in,Winter,1.65,Premier League,2001,2001/2002,England
Southampton FC,Mike Williamson,17.0,Centre-Back,Torquay,€150Th.,in,Winter,0.15,Premier League,2001,2001/2002,England
Blackburn Rovers,Andy Cole,30.0,Centre-Forward,Man Utd,€12.20m,in,Winter,12.2,Premier League,2001,2001/2002,England
Blackburn Rovers,Hakan Ünsal,28.0,Left-Back,Galatasaray,€3.00m,in,Winter,3.0,Premier League,2001,2001/2002,England
Liverpool FC,Milan Baros,20.0,Centre-Forward,Banik Ostrava,€7.00m,in,Winter,7.0,Premier League,2001,2001/2002,England
Liverpool FC,Nicolas Anelka,22.0,Centre-Forward,Paris SG,Loan fee:€1.40m,in,Winter,1.4,Premier League,2001,2001/2002,England
Liverpool FC,Abel Xavier,29.0,Right-Back,Everton,€1.20m,in,Winter,1.2,Premier League,2001,2001/2002,England
Everton FC,Tobias Linderoth,22.0,Defensive Midfield,Stabæk Fotball,€3.75m,in,Winter,3.75,Premier League,2001,2001/2002,England
Derby County,François Grenet,26.0,Right-Back,G. Bordeaux,€4.19m,in,Winter,4.19,Premier League,2001,2001/2002,England
Derby County,Rob Lee,36.0,Central Midfield,Newcastle,€400Th.,in,Winter,0.4,Premier League,2001,2001/2002,England
Arsenal FC,Gilberto Silva,25.0,Defensive Midfield,Atlético-MG,€9.00m,in,Summer,9.0,Premier League,2002,2002/2003,England
Arsenal FC,Pascal Cygan,28.0,Centre-Back,LOSC Lille,€3.83m,in,Summer,3.83,Premier League,2002,2002/2003,England
Liverpool FC,El-Hadji Diouf,21.0,Centre-Forward,Lens,€15.00m,in,Summer,15.0,Premier League,2002,2002/2003,England
Liverpool FC,Salif Diao,25.0,Defensive Midfield,CS Sedan,€7.50m,in,Summer,7.5,Premier League,2002,2002/2003,England
Liverpool FC,Bruno Cheyrou,24.0,Central Midfield,LOSC Lille,€6.50m,in,Summer,6.5,Premier League,2002,2002/2003,England
Liverpool FC,Anthony Le Tallec,17.0,Centre-Forward,Le Havre U19,€2.50m,in,Summer,2.5,Premier League,2002,2002/2003,England
Manchester United,Rio Ferdinand,23.0,Centre-Back,Leeds,€46.00m,in,Summer,46.0,Premier League,2002,2002/2003,England
Manchester United,Ricardo,30.0,Goalkeeper,Real Valladolid,€2.23m,in,Summer,2.23,Premier League,2002,2002/2003,England
Manchester United,Hussein Yasser,19.0,Attacking Midfield,Al-Rayyan SC,€250Th.,in,Summer,0.25,Premier League,2002,2002/2003,England
Manchester United,Souleymane Mamam,17.0,Defensive Midfield,AC Merlan Lome,€55Th.,in,Summer,0.055,Premier League,2002,2002/2003,England
Newcastle United,Hugo Viana,19.0,Central Midfield,Sporting CP,€12.75m,in,Summer,12.75,Premier League,2002,2002/2003,England
Newcastle United,Titus Bramble,20.0,Centre-Back,Ipswich,€6.80m,in,Summer,6.8,Premier League,2002,2002/2003,England
Leeds United,Nick Barmby,28.0,Left Midfield,Liverpool,€4.50m,in,Summer,4.5,Premier League,2002,2002/2003,England
Aston Villa,Marcus Allbäck,28.0,Centre-Forward,Heerenveen,€3.00m,in,Summer,3.0,Premier League,2002,2002/2003,England
Aston Villa,Ulises de la Cruz,28.0,Right-Back,Hibernian FC,€2.70m,in,Summer,2.7,Premier League,2002,2002/2003,England
Aston Villa,Stefan Postma,25.0,Goalkeeper,De Graafschap,€2.23m,in,Summer,2.23,Premier League,2002,2002/2003,England
Aston Villa,Mark Kinsella,29.0,Defensive Midfield,Charlton,€1.15m,in,Summer,1.15,Premier League,2002,2002/2003,England
Tottenham Hotspur,Robbie Keane,22.0,Centre-Forward,Leeds,€10.50m,in,Summer,10.5,Premier League,2002,2002/2003,England
Blackburn Rovers,Dwight Yorke,30.0,Centre-Forward,Man Utd,€3.50m,in,Summer,3.5,Premier League,2002,2002/2003,England
Blackburn Rovers,David Thompson,24.0,Right Midfield,Coventry,€2.25m,in,Summer,2.25,Premier League,2002,2002/2003,England
Blackburn Rovers,Andy Todd,27.0,Centre-Back,Charlton,€1.50m,in,Summer,1.5,Premier League,2002,2002/2003,England
Southampton FC,Michael Svensson,26.0,Centre-Back,Troyes,€3.00m,in,Summer,3.0,Premier League,2002,2002/2003,England
Southampton FC,Antti Niemi,30.0,Goalkeeper,Heart of Midl.,€3.00m,in,Summer,3.0,Premier League,2002,2002/2003,England
Middlesbrough FC,Massimo Maccarone,22.0,Centre-Forward,Empoli,€9.05m,in,Summer,9.05,Premier League,2002,2002/2003,England
Middlesbrough FC,George Boateng,26.0,Defensive Midfield,Aston Villa,€6.90m,in,Summer,6.9,Premier League,2002,2002/2003,England
Middlesbrough FC,Juninho Paulista,29.0,Attacking Midfield,Atlético Madrid,€6.90m,in,Summer,6.9,Premier League,2002,2002/2003,England
Middlesbrough FC,Franck Queudrue,23.0,Left-Back,Lens,€3.75m,in,Summer,3.75,Premier League,2002,2002/2003,England
Fulham FC,Facundo Sava,28.0,Centre-Forward,Gimnasia,€3.00m,in,Summer,3.0,Premier League,2002,2002/2003,England
Charlton Athletic,Gary Rowett,28.0,Right-Back,Leicester,€5.25m,in,Summer,5.25,Premier League,2002,2002/2003,England
Charlton Athletic,Paul Rachubka,22.0,Goalkeeper,Man Utd Res.,€300Th.,in,Summer,0.3,Premier League,2002,2002/2003,England
Everton FC,Richard Wright,24.0,Goalkeeper,Arsenal,€5.50m,in,Summer,5.5,Premier League,2002,2002/2003,England
Everton FC,Rodrigo Beckham,25.0,Attacking Midfield,Botafogo,Loan fee:€2.00m,in,Summer,2.0,Premier League,2002,2002/2003,England
Everton FC,Joseph Yobo,21.0,Centre-Back,Marseille,Loan fee:€1.50m,in,Summer,1.5,Premier League,2002,2002/2003,England
Sunderland AFC,Tore André Flo,29.0,Centre-Forward,Rangers,€11.00m,in,Summer,11.0,Premier League,2002,2002/2003,England
Sunderland AFC,Matt Piper,20.0,Right Midfield,Leicester,€5.25m,in,Summer,5.25,Premier League,2002,2002/2003,England
Sunderland AFC,Marcus Stewart,29.0,Centre-Forward,Ipswich,€4.88m,in,Summer,4.88,Premier League,2002,2002/2003,England
Sunderland AFC,Stephen Wright,22.0,Right-Back,Liverpool,€4.80m,in,Summer,4.8,Premier League,2002,2002/2003,England
Manchester City,Nicolas Anelka,23.0,Centre-Forward,Paris SG,€15.00m,in,Summer,15.0,Premier League,2002,2002/2003,England
Manchester City,Matías Vuoso,20.0,Centre-Forward,Independiente,€7.50m,in,Summer,7.5,Premier League,2002,2002/2003,England
Manchester City,Sylvain Distin,24.0,Centre-Back,Paris SG,€6.00m,in,Summer,6.0,Premier League,2002,2002/2003,England
Manchester City,David Sommeil,27.0,Centre-Back,G. Bordeaux,€4.50m,in,Summer,4.5,Premier League,2002,2002/2003,England
Manchester City,Mikkel Bischoff,20.0,defence,Akademisk BK,€950Th.,in,Summer,0.95,Premier League,2002,2002/2003,England
Manchester City,Marc-Vivien Foé,24.0,Defensive Midfield,Olympique Lyon,Loan fee:€700Th.,in,Summer,0.7,Premier League,2002,2002/2003,England
West Bromwich Albion,Lee Hughes,26.0,Centre-Forward,Coventry,€9.00m,in,Summer,9.0,Premier League,2002,2002/2003,England
West Bromwich Albion,Jason Koumas,22.0,Attacking Midfield,Tranmere Rovers,€3.45m,in,Summer,3.45,Premier League,2002,2002/2003,England
West Bromwich Albion,Sean Gregan,28.0,Centre-Back,Preston,€2.50m,in,Summer,2.5,Premier League,2002,2002/2003,England
West Bromwich Albion,Lee Marshall,23.0,Central Midfield,Leicester,€1.05m,in,Summer,1.05,Premier League,2002,2002/2003,England
West Bromwich Albion,Joe Murphy,20.0,Goalkeeper,Tranmere Rovers,€250Th.,in,Summer,0.25,Premier League,2002,2002/2003,England
Birmingham City,Clinton Morrison,23.0,Centre-Forward,Crystal Palace,€6.38m,in,Summer,6.38,Premier League,2002,2002/2003,England
Birmingham City,Aliou Cissé,26.0,Defensive Midfield,Paris SG,€2.25m,in,Summer,2.25,Premier League,2002,2002/2003,England
Birmingham City,Robbie Savage,27.0,Central Midfield,Leicester,€1.88m,in,Summer,1.88,Premier League,2002,2002/2003,England
Birmingham City,Tom Williams,21.0,Left-Back,Peterborough,€525Th.,in,Summer,0.525,Premier League,2002,2002/2003,England
Newcastle United,Jonathan Woodgate,23.0,Centre-Back,Leeds,€13.50m,in,Winter,13.5,Premier League,2002,2002/2003,England
Newcastle United,Darren Ambrose,19.0,Left Midfield,Ipswich,€1.50m,in,Winter,1.5,Premier League,2002,2002/2003,England
West Ham United,Lee Bowyer,25.0,Central Midfield,Leeds,€300Th.,in,Winter,0.3,Premier League,2002,2002/2003,England
West Ham United,David Noble,21.0,Central Midfield,Arsenal Res.,€100Th.,in,Winter,0.1,Premier League,2002,2002/2003,England
Southampton FC,David Prutton,21.0,Central Midfield,Nottm Forest,€3.75m,in,Winter,3.75,Premier League,2002,2002/2003,England
Southampton FC,Danny Higginbotham,24.0,Centre-Back,Derby,€2.25m,in,Winter,2.25,Premier League,2002,2002/2003,England
Middlesbrough FC,Michael Ricketts,24.0,Centre-Forward,Bolton,€5.25m,in,Winter,5.25,Premier League,2002,2002/2003,England
Middlesbrough FC,Chris Riggott,22.0,Centre-Back,Derby,€2.23m,in,Winter,2.23,Premier League,2002,2002/2003,England
Charlton Athletic,Hermann Hreidarsson,28.0,Centre-Back,Ipswich,€1.20m,in,Winter,1.2,Premier League,2002,2002/2003,England
Everton FC,Lee Carsley,28.0,Defensive Midfield,Coventry,€2.85m,in,Winter,2.85,Premier League,2002,2002/2003,England
Everton FC,Espen Baardsen,25.0,Goalkeeper,Watford,€1.88m,in,Winter,1.88,Premier League,2002,2002/2003,England
Sunderland AFC,Mart Poom,30.0,Goalkeeper,Derby,€3.75m,in,Winter,3.75,Premier League,2002,2002/2003,England
Manchester City,Robbie Fowler,27.0,Centre-Forward,Leeds,€9.80m,in,Winter,9.8,Premier League,2002,2002/2003,England
West Bromwich Albion,Ifeanyi Udeze,22.0,Left-Back,PAOK Salonika,€700Th.,in,Winter,0.7,Premier League,2002,2002/2003,England
Birmingham City,Jamie Clapham,27.0,Left-Back,Ipswich,€1.85m,in,Winter,1.85,Premier League,2002,2002/2003,England
Birmingham City,Matthew Upson,23.0,Centre-Back,Arsenal,€1.40m,in,Winter,1.4,Premier League,2002,2002/2003,England
Birmingham City,Stephen Clemence,24.0,Right Midfield,Spurs,€1.35m,in,Winter,1.35,Premier League,2002,2002/2003,England
Birmingham City,Andy Marriott,32.0,Goalkeeper,Barnsley FC,€50Th.,in,Winter,0.05,Premier League,2002,2002/2003,England
Manchester United,Cristiano Ronaldo,18.0,Centre-Forward,Sporting CP,€19.00m,in,Summer,19.0,Premier League,2003,2003/2004,England
Manchester United,Kléberson,24.0,Central Midfield,Atlético-PR,€8.60m,in,Summer,8.6,Premier League,2003,2003/2004,England
Manchester United,Eric Djemba Djemba,22.0,Defensive Midfield,FC Nantes,€4.50m,in,Summer,4.5,Premier League,2003,2003/2004,England
Manchester United,Tim Howard,24.0,Goalkeeper,MetroStars,€3.20m,in,Summer,3.2,Premier League,2003,2003/2004,England
Manchester United,David Bellion,20.0,Centre-Forward,Sunderland,€3.00m,in,Summer,3.0,Premier League,2003,2003/2004,England
Arsenal FC,Philippe Senderos,18.0,Centre-Back,Servette FC,€3.55m,in,Summer,3.55,Premier League,2003,2003/2004,England
Arsenal FC,Jens Lehmann,33.0,Goalkeeper,Bor. Dortmund,€3.50m,in,Summer,3.5,Premier League,2003,2003/2004,England
Arsenal FC,Gaël Clichy,18.0,Left-Back,Cannes,€375Th.,in,Summer,0.375,Premier League,2003,2003/2004,England
Chelsea FC,Hernán Crespo,28.0,Centre-Forward,Inter,€26.00m,in,Summer,26.0,Premier League,2003,2003/2004,England
Chelsea FC,Damien Duff,24.0,Right Midfield,Blackburn,€24.50m,in,Summer,24.5,Premier League,2003,2003/2004,England
Chelsea FC,Juan Sebastián Verón,28.0,Central Midfield,Man Utd,€21.80m,in,Summer,21.8,Premier League,2003,2003/2004,England
Chelsea FC,Claude Makélélé,30.0,Defensive Midfield,Real Madrid,€20.00m,in,Summer,20.0,Premier League,2003,2003/2004,England
Chelsea FC,Adrian Mutu,24.0,Centre-Forward,AC Parma,€19.00m,in,Summer,19.0,Premier League,2003,2003/2004,England
Chelsea FC,Wayne Bridge,22.0,Left-Back,Southampton,€10.50m,in,Summer,10.5,Premier League,2003,2003/2004,England
Chelsea FC,Njitap Geremi,24.0,Right Midfield,Real Madrid,€10.00m,in,Summer,10.0,Premier League,2003,2003/2004,England
Chelsea FC,Joe Cole,21.0,Attacking Midfield,West Ham,€9.90m,in,Summer,9.9,Premier League,2003,2003/2004,England
Chelsea FC,Glen Johnson,18.0,Right-Back,West Ham,€8.30m,in,Summer,8.3,Premier League,2003,2003/2004,England
Chelsea FC,Aleksey Smertin,28.0,Defensive Midfield,G. Bordeaux,€5.50m,in,Summer,5.5,Premier League,2003,2003/2004,England
Liverpool FC,Harry Kewell,24.0,Left Winger,Leeds,€10.00m,in,Summer,10.0,Premier League,2003,2003/2004,England
Liverpool FC,Steve Finnan,27.0,Right-Back,Fulham,€5.25m,in,Summer,5.25,Premier League,2003,2003/2004,England
Liverpool FC,Florent Sinama-Pongolle,18.0,Second Striker,AC Le Havre,€400Th.,in,Summer,0.4,Premier League,2003,2003/2004,England
Blackburn Rovers,Barry Ferguson,25.0,Defensive Midfield,Rangers,€9.75m,in,Summer,9.75,Premier League,2003,2003/2004,England
Blackburn Rovers,Steven Reid,22.0,Right-Back,Millwall,€3.60m,in,Summer,3.6,Premier League,2003,2003/2004,England
Blackburn Rovers,Brett Emerton,24.0,Right Midfield,Feyenoord,€3.00m,in,Summer,3.0,Premier League,2003,2003/2004,England
Blackburn Rovers,Lorenzo Amoruso,32.0,Centre-Back,Rangers,€2.10m,in,Summer,2.1,Premier League,2003,2003/2004,England
Blackburn Rovers,Vratislav Gresko,25.0,Left-Back,AC Parma,€1.80m,in,Summer,1.8,Premier League,2003,2003/2004,England
Everton FC,Joseph Yobo,22.0,Centre-Back,Marseille,€6.00m,in,Summer,6.0,Premier League,2003,2003/2004,England
Everton FC,James McFadden,20.0,Second Striker,Motherwell FC,€1.75m,in,Summer,1.75,Premier League,2003,2003/2004,England
Everton FC,Kevin Kilbane,26.0,Left Midfield,Sunderland,€1.25m,in,Summer,1.25,Premier League,2003,2003/2004,England
Everton FC,Nigel Martyn,37.0,Goalkeeper,Leeds,€800Th.,in,Summer,0.8,Premier League,2003,2003/2004,England
Everton FC,Iain Turner,19.0,Goalkeeper,Stirling Albion,€115Th.,in,Summer,0.115,Premier League,2003,2003/2004,England
Southampton FC,Kevin Phillips,30.0,Centre-Forward,Sunderland,€4.85m,in,Summer,4.85,Premier League,2003,2003/2004,England
Southampton FC,Neil McCann,28.0,Left Winger,Rangers,€2.23m,in,Summer,2.23,Premier League,2003,2003/2004,England
Southampton FC,Dexter Blackstock,17.0,Centre-Forward,Oxford United,€400Th.,in,Summer,0.4,Premier League,2003,2003/2004,England
Southampton FC,Fitz Hall,22.0,Centre-Back,Oldham Athletic,€375Th.,in,Summer,0.375,Premier League,2003,2003/2004,England
Southampton FC,Yoann Folly,18.0,Defensive Midfield,St-Étienne U19,€375Th.,in,Summer,0.375,Premier League,2003,2003/2004,England
Manchester City,Trevor Sinclair,30.0,Left Winger,West Ham,€3.75m,in,Summer,3.75,Premier League,2003,2003/2004,England
Manchester City,Claudio Reyna,29.0,Central Midfield,Sunderland,€3.75m,in,Summer,3.75,Premier League,2003,2003/2004,England
Manchester City,Paul Bosvelt,33.0,Defensive Midfield,Feyenoord,€1.50m,in,Summer,1.5,Premier League,2003,2003/2004,England
Manchester City,Antoine Sibierski,28.0,Attacking Midfield,Lens,€1.10m,in,Summer,1.1,Premier League,2003,2003/2004,England
Manchester City,Mark Redshaw,18.0,Second Striker,Wrexham,€360Th.,in,Summer,0.36,Premier League,2003,2003/2004,England
Tottenham Hotspur,Hélder Postiga,20.0,Centre-Forward,FC Porto,€9.00m,in,Summer,9.0,Premier League,2003,2003/2004,England
Tottenham Hotspur,Frédéric Kanouté,25.0,Centre-Forward,West Ham,€5.25m,in,Summer,5.25,Premier League,2003,2003/2004,England
Tottenham Hotspur,Mbulelo Mabizela,22.0,Centre-Back,Orlando Pirates,€2.30m,in,Summer,2.3,Premier League,2003,2003/2004,England
Tottenham Hotspur,Bobby Zamora,22.0,Centre-Forward,Brighton,€2.00m,in,Summer,2.0,Premier League,2003,2003/2004,England
Middlesbrough FC,Malcolm Christie,24.0,Right Winger,Derby,€4.50m,in,Summer,4.5,Premier League,2003,2003/2004,England
Middlesbrough FC,Gaizka Mendieta,29.0,Right Midfield,Lazio,Loan fee:€3.50m,in,Summer,3.5,Premier League,2003,2003/2004,England
Middlesbrough FC,Doriva,31.0,Right Midfield,Celta de Vigo,€200Th.,in,Summer,0.2,Premier League,2003,2003/2004,England
Charlton Athletic,Matt Holland,29.0,Central Midfield,Ipswich,€1.25m,in,Summer,1.25,Premier League,2003,2003/2004,England
Charlton Athletic,Chris Perry,30.0,Centre-Back,Spurs,€100Th.,in,Summer,0.1,Premier League,2003,2003/2004,England
Birmingham City,David Dunn,23.0,Attacking Midfield,Blackburn,€8.75m,in,Summer,8.75,Premier League,2003,2003/2004,England
Birmingham City,Luciano Figueroa,22.0,Centre-Forward,Rosario Central,€3.75m,in,Summer,3.75,Premier League,2003,2003/2004,England
Birmingham City,Mikael Forssell,22.0,Centre-Forward,Chelsea,Loan fee:€750Th.,in,Summer,0.75,Premier League,2003,2003/2004,England
Fulham FC,Mark Pembridge,32.0,Left Midfield,Everton,€750Th.,in,Summer,0.75,Premier League,2003,2003/2004,England
Fulham FC,Mark Crossley,34.0,Goalkeeper,Middlesbrough,€750Th.,in,Summer,0.75,Premier League,2003,2003/2004,England
Leeds United,Roque Júnior,26.0,Centre-Back,AC Milan,Loan fee:€100Th.,in,Summer,0.1,Premier League,2003,2003/2004,England
Aston Villa,Gavin McCann,25.0,Central Midfield,Sunderland,€3.38m,in,Summer,3.38,Premier League,2003,2003/2004,England
Aston Villa,Thomas Sörensen,27.0,Goalkeeper,Sunderland,€3.00m,in,Summer,3.0,Premier League,2003,2003/2004,England
Bolton Wanderers,Florent Laville,29.0,Centre-Back,Olympique Lyon,€750Th.,in,Summer,0.75,Premier League,2003,2003/2004,England
Portsmouth FC,Yakubu Aiyegbeni,20.0,Centre-Forward,Maccabi Haifa,€4.75m,in,Summer,4.75,Premier League,2003,2003/2004,England
Portsmouth FC,Dejan Stefanovic,28.0,Centre-Back,Vitesse,€2.50m,in,Summer,2.5,Premier League,2003,2003/2004,England
Portsmouth FC,Amdy Faye,26.0,Defensive Midfield,AJ Auxerre,€2.23m,in,Summer,2.23,Premier League,2003,2003/2004,England
Leicester City,Ben Thatcher,27.0,Left-Back,Spurs,€450Th.,in,Summer,0.45,Premier League,2003,2003/2004,England
Leicester City,Alan Sheehan,16.0,Centre-Back,Belvedere FC,€150Th.,in,Summer,0.15,Premier League,2003,2003/2004,England
Wolverhampton Wanderers,Silas,26.0,Attacking Midfield,Leiria,€2.25m,in,Summer,2.25,Premier League,2003,2003/2004,England
Wolverhampton Wanderers,Henri Camara,26.0,Centre-Forward,CS Sedan,€2.25m,in,Summer,2.25,Premier League,2003,2003/2004,England
Wolverhampton Wanderers,Jody Craddock,27.0,Centre-Back,Sunderland,€2.00m,in,Summer,2.0,Premier League,2003,2003/2004,England
Manchester United,Louis Saha,25.0,Centre-Forward,Fulham,€17.50m,in,Winter,17.5,Premier League,2003,2003/2004,England
Manchester United,Fangzhuo Dong,18.0,Centre-Forward,DL Shide,€725Th.,in,Winter,0.725,Premier League,2003,2003/2004,England
Arsenal FC,José Antonio Reyes,20.0,Right Winger,Sevilla FC,€20.00m,in,Winter,20.0,Premier League,2003,2003/2004,England
Chelsea FC,Scott Parker,23.0,Central Midfield,Charlton,€14.50m,in,Winter,14.5,Premier League,2003,2003/2004,England
Blackburn Rovers,Jon Stead,20.0,Centre-Forward,Huddersfield,€1.88m,in,Winter,1.88,Premier League,2003,2003/2004,England
Blackburn Rovers,Peter Enckelman,26.0,Goalkeeper,Aston Villa,€215Th.,in,Winter,0.215,Premier League,2003,2003/2004,England
Everton FC,Ibrahim Said,23.0,Centre-Back,El Ahly,Loan fee:€150Th.,in,Winter,0.15,Premier League,2003,2003/2004,England
Southampton FC,Paul Smith,24.0,Goalkeeper,Brentford,€750Th.,in,Winter,0.75,Premier League,2003,2003/2004,England
Manchester City,David James,33.0,Goalkeeper,West Ham,€2.80m,in,Winter,2.8,Premier League,2003,2003/2004,England
Manchester City,Daniel Van Buyten,25.0,Centre-Back,Marseille,Loan fee:€1.00m,in,Winter,1.0,Premier League,2003,2003/2004,England
Tottenham Hotspur,Jermain Defoe,21.0,Centre-Forward,West Ham,€10.50m,in,Winter,10.5,Premier League,2003,2003/2004,England
Tottenham Hotspur,Michael Brown,26.0,Central Midfield,Sheff Utd,€700Th.,in,Winter,0.7,Premier League,2003,2003/2004,England
Middlesbrough FC,Ricardinho,27.0,Attacking Midfield,São Paulo,€2.00m,in,Winter,2.0,Premier League,2003,2003/2004,England
Charlton Athletic,Jerome Thomas,20.0,Left Winger,Arsenal Res.,€150Th.,in,Winter,0.15,Premier League,2003,2003/2004,England
Birmingham City,Maik Taylor,32.0,Goalkeeper,Fulham,€2.25m,in,Winter,2.25,Premier League,2003,2003/2004,England
Birmingham City,Martin Taylor,24.0,Centre-Back,Blackburn,€1.60m,in,Winter,1.6,Premier League,2003,2003/2004,England
Fulham FC,Collins John,18.0,Centre-Forward,Twente FC,€3.50m,in,Winter,3.5,Premier League,2003,2003/2004,England
Fulham FC,Ian Pearce,29.0,Centre-Back,West Ham,€1.60m,in,Winter,1.6,Premier League,2003,2003/2004,England
Fulham FC,Moritz Volz,20.0,Right-Back,Arsenal,€1.00m,in,Winter,1.0,Premier League,2003,2003/2004,England
Fulham FC,Brian McBride,31.0,Centre-Forward,Columbus Crew,€800Th.,in,Winter,0.8,Premier League,2003,2003/2004,England
Fulham FC,Liam Rosenior,19.0,Right-Back,Bristol City,€80Th.,in,Winter,0.08,Premier League,2003,2003/2004,England
Aston Villa,Nolberto Solano,29.0,Right Midfield,Newcastle,€2.00m,in,Winter,2.0,Premier League,2003,2003/2004,England
Portsmouth FC,Eyal Berkovic,31.0,Attacking Midfield,Man City,€750Th.,in,Winter,0.75,Premier League,2003,2003/2004,England
Portsmouth FC,Ivica Mornar,30.0,Centre-Forward,RSC Anderlecht,€600Th.,in,Winter,0.6,Premier League,2003,2003/2004,England
Portsmouth FC,Richard Duffy,18.0,Centre-Back,Swansea,€450Th.,in,Winter,0.45,Premier League,2003,2003/2004,England
Portsmouth FC,Petri Pasanen,23.0,Centre-Back,Ajax,Loan fee:€300Th.,in,Winter,0.3,Premier League,2003,2003/2004,England
Portsmouth FC,Sebastian Olszar,22.0,Centre-Forward,Admira Wacker,€200Th.,in,Winter,0.2,Premier League,2003,2003/2004,England
Leicester City,Peter Canero,22.0,Right Midfield,Kilmarnock FC,€360Th.,in,Winter,0.36,Premier League,2003,2003/2004,England
Leicester City,Lee Morris,23.0,Centre-Forward,Derby,€180Th.,in,Winter,0.18,Premier League,2003,2003/2004,England
Wolverhampton Wanderers,Carl Cort,26.0,Centre-Forward,Newcastle,€3.00m,in,Winter,3.0,Premier League,2003,2003/2004,England
Wolverhampton Wanderers,Paul Jones,36.0,Goalkeeper,Southampton,€375Th.,in,Winter,0.375,Premier League,2003,2003/2004,England
Arsenal FC,Manuel Almunia,27.0,Goalkeeper,Celta de Vigo,€5.00m,in,Summer,5.0,Premier League,2004,2004/2005,England
Arsenal FC,Robin van Persie,20.0,Centre-Forward,Feyenoord,€4.50m,in,Summer,4.5,Premier League,2004,2004/2005,England
Arsenal FC,Mathieu Flamini,20.0,Defensive Midfield,Marseille,€480Th.,in,Summer,0.48,Premier League,2004,2004/2005,England
Arsenal FC,Arturo Lupoli,17.0,Centre-Forward,Parma FC Youth,€300Th.,in,Summer,0.3,Premier League,2004,2004/2005,England
Chelsea FC,Didier Drogba,26.0,Centre-Forward,Marseille,€38.50m,in,Summer,38.5,Premier League,2004,2004/2005,England
Chelsea FC,Ricardo Carvalho,26.0,Centre-Back,FC Porto,€30.00m,in,Summer,30.0,Premier League,2004,2004/2005,England
Chelsea FC,Paulo Ferreira,25.0,Right-Back,FC Porto,€20.00m,in,Summer,20.0,Premier League,2004,2004/2005,England
Chelsea FC,Arjen Robben,20.0,Right Winger,PSV Eindhoven,€18.00m,in,Summer,18.0,Premier League,2004,2004/2005,England
Chelsea FC,Tiago Mendes,23.0,Central Midfield,Benfica,€15.00m,in,Summer,15.0,Premier League,2004,2004/2005,England
Chelsea FC,Petr Cech,22.0,Goalkeeper,Stade Rennais,€13.00m,in,Summer,13.0,Premier League,2004,2004/2005,England
Chelsea FC,Alex,22.0,Centre-Back,Santos FC,€11.50m,in,Summer,11.5,Premier League,2004,2004/2005,England
Chelsea FC,Mateja Kezman,25.0,Centre-Forward,PSV Eindhoven,€7.50m,in,Summer,7.5,Premier League,2004,2004/2005,England
Chelsea FC,Alcides,19.0,Centre-Back,EC Vitória,€900Th.,in,Summer,0.9,Premier League,2004,2004/2005,England
Manchester United,Wayne Rooney,18.0,Centre-Forward,Everton,€37.00m,in,Summer,37.0,Premier League,2004,2004/2005,England
Manchester United,Gabriel Heinze,26.0,Centre-Back,Paris SG,€10.00m,in,Summer,10.0,Premier League,2004,2004/2005,England
Manchester United,Alan Smith,23.0,Central Midfield,Leeds,€9.00m,in,Summer,9.0,Premier League,2004,2004/2005,England
Manchester United,Gerard Piqué,17.0,Centre-Back,Barça U19,€5.25m,in,Summer,5.25,Premier League,2004,2004/2005,England
Liverpool FC,Djibril Cissé,22.0,Centre-Forward,AJ Auxerre,€20.00m,in,Summer,20.0,Premier League,2004,2004/2005,England
Liverpool FC,Xabi Alonso,22.0,Defensive Midfield,Real Sociedad,€16.00m,in,Summer,16.0,Premier League,2004,2004/2005,England
Liverpool FC,Luis García,26.0,Right Winger,Barcelona,€8.75m,in,Summer,8.75,Premier League,2004,2004/2005,England
Liverpool FC,Josemi,24.0,Centre-Back,Málaga CF,€3.00m,in,Summer,3.0,Premier League,2004,2004/2005,England
Newcastle United,James Milner,18.0,Central Midfield,Leeds,€7.40m,in,Summer,7.4,Premier League,2004,2004/2005,England
Newcastle United,Nicky Butt,29.0,Central Midfield,Man Utd,€3.75m,in,Summer,3.75,Premier League,2004,2004/2005,England
Newcastle United,Stephen Carr,27.0,Right-Back,Spurs,€3.00m,in,Summer,3.0,Premier League,2004,2004/2005,England
Newcastle United,Charles N'Zogbia,18.0,Right Winger,AC Le Havre,€1.00m,in,Summer,1.0,Premier League,2004,2004/2005,England
Aston Villa,Martin Laursen,26.0,Centre-Back,AC Milan,€5.30m,in,Summer,5.3,Premier League,2004,2004/2005,England
Aston Villa,Mathieu Berson,24.0,Defensive Midfield,FC Nantes,€2.30m,in,Summer,2.3,Premier League,2004,2004/2005,England
Charlton Athletic,Francis Jeffers,23.0,Centre-Forward,Arsenal,€3.90m,in,Summer,3.9,Premier League,2004,2004/2005,England
Charlton Athletic,Dennis Rommedahl,25.0,Right Winger,PSV Eindhoven,€3.50m,in,Summer,3.5,Premier League,2004,2004/2005,England
Charlton Athletic,Danny Murphy,27.0,Central Midfield,Liverpool,€3.25m,in,Summer,3.25,Premier League,2004,2004/2005,England
Charlton Athletic,Talal El Karkouri,27.0,Centre-Back,Paris SG,€1.50m,in,Summer,1.5,Premier League,2004,2004/2005,England
Charlton Athletic,Stephan Andersen,22.0,Goalkeeper,Akademisk BK,€1.10m,in,Summer,1.1,Premier League,2004,2004/2005,England
Bolton Wanderers,Gary Speed,34.0,Left Midfield,Newcastle,€1.13m,in,Summer,1.13,Premier League,2004,2004/2005,England
Bolton Wanderers,Tal Ben Haim,22.0,Centre-Back,M. Tel Aviv,€225Th.,in,Summer,0.225,Premier League,2004,2004/2005,England
Bolton Wanderers,Jaroslaw Fojut,16.0,Centre-Back,MSP Szamotuly,€25Th.,in,Summer,0.025,Premier League,2004,2004/2005,England
Fulham FC,Papa Bouba Diop,26.0,Defensive Midfield,Lens,€9.00m,in,Summer,9.0,Premier League,2004,2004/2005,England
Fulham FC,Tomasz Radzinski,30.0,Centre-Forward,Everton,€3.00m,in,Summer,3.0,Premier League,2004,2004/2005,England
Fulham FC,Claus Jensen,27.0,Attacking Midfield,Charlton,€1.90m,in,Summer,1.9,Premier League,2004,2004/2005,England
Fulham FC,Ricardo Batista,17.0,Goalkeeper,Setúbal U19,€50Th.,in,Summer,0.05,Premier League,2004,2004/2005,England
Birmingham City,Emile Heskey,26.0,Centre-Forward,Liverpool,€9.32m,in,Summer,9.32,Premier League,2004,2004/2005,England
Birmingham City,Jesper Grönkjaer,26.0,Left Winger,Chelsea,€3.30m,in,Summer,3.3,Premier League,2004,2004/2005,England
Birmingham City,Dwight Yorke,32.0,Centre-Forward,Blackburn,€400Th.,in,Summer,0.4,Premier League,2004,2004/2005,England
Middlesbrough FC,Mark Viduka,28.0,Centre-Forward,Leeds,€6.75m,in,Summer,6.75,Premier League,2004,2004/2005,England
Southampton FC,Peter Crouch,23.0,Centre-Forward,Aston Villa,€3.00m,in,Summer,3.0,Premier League,2004,2004/2005,England
Southampton FC,Jelle Van Damme,20.0,Centre-Back,Ajax,€3.00m,in,Summer,3.0,Premier League,2004,2004/2005,England
Southampton FC,Mikael Nilsson,26.0,Right-Back,Halmstads BK,€600Th.,in,Summer,0.6,Premier League,2004,2004/2005,England
Southampton FC,Alaeddine Yahia,22.0,Centre-Back,Guingamp,€525Th.,in,Summer,0.525,Premier League,2004,2004/2005,England
Portsmouth FC,Diomansy Kamara,23.0,Right Winger,Modena,Loan fee:€3.50m,in,Summer,3.5,Premier League,2004,2004/2005,England
Portsmouth FC,Ricardo Fuller,24.0,Centre-Forward,Preston,€2.50m,in,Summer,2.5,Premier League,2004,2004/2005,England
Portsmouth FC,Lomana LuaLua,23.0,Centre-Forward,Newcastle,€2.25m,in,Summer,2.25,Premier League,2004,2004/2005,England
Portsmouth FC,Valéry Mézague,20.0,Attacking Midfield,Montpellier,Loan fee:€500Th.,in,Summer,0.5,Premier League,2004,2004/2005,England
Portsmouth FC,Aliou Cissé,28.0,Defensive Midfield,Birmingham,€450Th.,in,Summer,0.45,Premier League,2004,2004/2005,England
Tottenham Hotspur,Sean Davis,24.0,Defensive Midfield,Fulham,€5.20m,in,Summer,5.2,Premier League,2004,2004/2005,England
Tottenham Hotspur,Thimothée Atouba,22.0,Left-Back,FC Basel,€4.50m,in,Summer,4.5,Premier League,2004,2004/2005,England
Tottenham Hotspur,Michael Carrick,23.0,Defensive Midfield,West Ham,€4.10m,in,Summer,4.1,Premier League,2004,2004/2005,England
Tottenham Hotspur,Pedro Mendes,25.0,Defensive Midfield,FC Porto,€3.00m,in,Summer,3.0,Premier League,2004,2004/2005,England
Tottenham Hotspur,Paul Robinson,24.0,Goalkeeper,Leeds,€3.00m,in,Summer,3.0,Premier League,2004,2004/2005,England
Tottenham Hotspur,Noé Pamarot,25.0,Centre-Back,OGC Nice,€2.40m,in,Summer,2.4,Premier League,2004,2004/2005,England
Tottenham Hotspur,Erik Edman,25.0,Left-Back,Heerenveen,€2.00m,in,Summer,2.0,Premier League,2004,2004/2005,England
Tottenham Hotspur,Calum Davenport,21.0,defence,Coventry,€1.80m,in,Summer,1.8,Premier League,2004,2004/2005,England
Tottenham Hotspur,Reto Ziegler,18.0,Centre-Back,Grasshoppers,€1.00m,in,Summer,1.0,Premier League,2004,2004/2005,England
Tottenham Hotspur,Noureddine Naybet,34.0,Centre-Back,Dep. La Coruña,€1.00m,in,Summer,1.0,Premier League,2004,2004/2005,England
Tottenham Hotspur,Márton Fülöp,21.0,Goalkeeper,MTK Budapest,€750Th.,in,Summer,0.75,Premier League,2004,2004/2005,England
Tottenham Hotspur,Leigh Mills,16.0,Centre-Back,Swindon U18,€225Th.,in,Summer,0.225,Premier League,2004,2004/2005,England
Blackburn Rovers,Morten Gamst Pedersen,22.0,Central Midfield,Tromsø IL,€2.25m,in,Summer,2.25,Premier League,2004,2004/2005,England
Blackburn Rovers,Paul Dickov,31.0,Centre-Forward,Leicester,€225Th.,in,Summer,0.225,Premier League,2004,2004/2005,England
Manchester City,Ben Thatcher,28.0,Left-Back,Leicester,€1.50m,in,Summer,1.5,Premier League,2004,2004/2005,England
Everton FC,Tim Cahill,24.0,Attacking Midfield,Millwall,€2.20m,in,Summer,2.2,Premier League,2004,2004/2005,England
Everton FC,Marcus Bent,26.0,Centre-Forward,Ipswich,€675Th.,in,Summer,0.675,Premier League,2004,2004/2005,England
Norwich City,Mattias Jonson,30.0,Centre-Forward,Bröndby IF,€1.35m,in,Summer,1.35,Premier League,2004,2004/2005,England
Norwich City,Youssef Safri,27.0,Defensive Midfield,Coventry,€750Th.,in,Summer,0.75,Premier League,2004,2004/2005,England
Norwich City,Simon Charlton,32.0,Left-Back,Bolton,€375Th.,in,Summer,0.375,Premier League,2004,2004/2005,England
Norwich City,Mathias Svensson,29.0,Centre-Forward,Charlton,€50Th.,in,Summer,0.05,Premier League,2004,2004/2005,England
West Bromwich Albion,Robert Earnshaw,23.0,Centre-Forward,Cardiff,€4.50m,in,Summer,4.5,Premier League,2004,2004/2005,England
West Bromwich Albion,Martin Albrechtsen,24.0,Centre-Back,FC Copenhagen,€3.75m,in,Summer,3.75,Premier League,2004,2004/2005,England
West Bromwich Albion,Zoltán Gera,25.0,Central Midfield,Ferencváros,€2.25m,in,Summer,2.25,Premier League,2004,2004/2005,England
West Bromwich Albion,Jonathan Greening,25.0,Central Midfield,Middlesbrough,€1.75m,in,Summer,1.75,Premier League,2004,2004/2005,England
West Bromwich Albion,Darren Purse,27.0,Centre-Back,Birmingham,€900Th.,in,Summer,0.9,Premier League,2004,2004/2005,England
West Bromwich Albion,Junichi Inamoto,24.0,Defensive Midfield,Gamba Osaka,€300Th.,in,Summer,0.3,Premier League,2004,2004/2005,England
West Bromwich Albion,Riccardo Scimeca,29.0,Centre-Back,Leicester,€150Th.,in,Summer,0.15,Premier League,2004,2004/2005,England
Crystal Palace,Fitz Hall,23.0,Centre-Back,Southampton,€2.25m,in,Summer,2.25,Premier League,2004,2004/2005,England
Crystal Palace,Sándor Torghelle,22.0,Centre-Forward,MTK Budapest,€1.10m,in,Summer,1.1,Premier League,2004,2004/2005,England
Crystal Palace,Julián Speroni,25.0,Goalkeeper,Dundee FC,€1.00m,in,Summer,1.0,Premier League,2004,2004/2005,England
Crystal Palace,Joonas Kolkka,29.0,Right Winger,Bor. M'gladbach,€700Th.,in,Summer,0.7,Premier League,2004,2004/2005,England
Crystal Palace,Wayne Andrews,26.0,attack,Colchester Utd.,€100Th.,in,Summer,0.1,Premier League,2004,2004/2005,England
Arsenal FC,Emmanuel Eboué,21.0,Right-Back,KSK Beveren,€2.20m,in,Winter,2.2,Premier League,2004,2004/2005,England
Chelsea FC,Jiri Jarosik,27.0,Centre-Back,CSKA Moscow,€12.00m,in,Winter,12.0,Premier League,2004,2004/2005,England
Liverpool FC,Fernando Morientes,28.0,Centre-Forward,Real Madrid,€9.25m,in,Winter,9.25,Premier League,2004,2004/2005,England
Liverpool FC,Scott Carson,19.0,Goalkeeper,Leeds,€1.40m,in,Winter,1.4,Premier League,2004,2004/2005,England
Newcastle United,Jean-Alain Boumsong,25.0,Centre-Back,Rangers,€11.30m,in,Winter,11.3,Premier League,2004,2004/2005,England
Newcastle United,Amdy Faye,27.0,Defensive Midfield,Portsmouth,€3.00m,in,Winter,3.0,Premier League,2004,2004/2005,England
Aston Villa,Eric Djemba Djemba,23.0,Defensive Midfield,Man Utd,€2.54m,in,Winter,2.54,Premier League,2004,2004/2005,England
Birmingham City,Robbie Blake,28.0,Second Striker,Burnley,€2.25m,in,Winter,2.25,Premier League,2004,2004/2005,England
Birmingham City,Njazi Kuqi,21.0,Centre-Forward,FC Lahti,€500Th.,in,Winter,0.5,Premier League,2004,2004/2005,England
Southampton FC,Nigel Quashie,26.0,Central Midfield,Portsmouth,€3.15m,in,Winter,3.15,Premier League,2004,2004/2005,England
Southampton FC,Andreas Jakobsson,32.0,Centre-Back,Bröndby IF,€1.80m,in,Winter,1.8,Premier League,2004,2004/2005,England
Southampton FC,Olivier Bernard,25.0,Left-Back,Newcastle,€600Th.,in,Winter,0.6,Premier League,2004,2004/2005,England
Portsmouth FC,Giannis Skopelitis,26.0,Defensive Midfield,AO Egaleo,€1.50m,in,Winter,1.5,Premier League,2004,2004/2005,England
Portsmouth FC,Konstantinos Chalkias,30.0,Goalkeeper,Panathinaikos,€150Th.,in,Winter,0.15,Premier League,2004,2004/2005,England
Tottenham Hotspur,Andy Reid,22.0,Left Midfield,Nottm Forest,€8.00m,in,Winter,8.0,Premier League,2004,2004/2005,England
Tottenham Hotspur,Michael Dawson,21.0,Centre-Back,Nottm Forest,€7.00m,in,Winter,7.0,Premier League,2004,2004/2005,England
Tottenham Hotspur,Mido,21.0,Centre-Forward,AS Roma,Loan fee:€2.00m,in,Winter,2.0,Premier League,2004,2004/2005,England
Tottenham Hotspur,Mounir El Hamdaoui,20.0,Centre-Forward,Excelsior,€750Th.,in,Winter,0.75,Premier League,2004,2004/2005,England
Tottenham Hotspur,Radek Cerny,30.0,Goalkeeper,Slavia Prague,Loan fee:€400Th.,in,Winter,0.4,Premier League,2004,2004/2005,England
Blackburn Rovers,Robbie Savage,30.0,Central Midfield,Birmingham,€4.50m,in,Winter,4.5,Premier League,2004,2004/2005,England
Blackburn Rovers,Aaron Mokoena,24.0,Centre-Back,KRC Genk,€900Th.,in,Winter,0.9,Premier League,2004,2004/2005,England
Everton FC,James Beattie,26.0,Centre-Forward,Southampton,€9.00m,in,Winter,9.0,Premier League,2004,2004/2005,England
Norwich City,Dean Ashton,21.0,Centre-Forward,Crewe Alexandra,€6.00m,in,Winter,6.0,Premier League,2004,2004/2005,England
West Bromwich Albion,Richard Chaplow,19.0,Central Midfield,Burnley,€2.25m,in,Winter,2.25,Premier League,2004,2004/2005,England
Chelsea FC,Michael Essien,22.0,Defensive Midfield,Olympique Lyon,€38.00m,in,Summer,38.0,Premier League,2005,2005/2006,England
Chelsea FC,Shaun Wright-Phillips,23.0,Right Winger,Man City,€31.50m,in,Summer,31.5,Premier League,2005,2005/2006,England
Chelsea FC,Asier del Horno,24.0,Left-Back,Athletic,€12.00m,in,Summer,12.0,Premier League,2005,2005/2006,England
Chelsea FC,Lassana Diarra,20.0,Defensive Midfield,AC Le Havre,€4.50m,in,Summer,4.5,Premier League,2005,2005/2006,England
Arsenal FC,Aleksandr Hleb,24.0,Attacking Midfield,VfB Stuttgart,€15.00m,in,Summer,15.0,Premier League,2005,2005/2006,England
Arsenal FC,Alex Song,17.0,Defensive Midfield,SC Bastia,€4.00m,in,Summer,4.0,Premier League,2005,2005/2006,England
Arsenal FC,Vito Mannone,17.0,Goalkeeper,Atalanta U19,€500Th.,in,Summer,0.5,Premier League,2005,2005/2006,England
Manchester United,Ji-sung Park,24.0,Attacking Midfield,PSV Eindhoven,€7.30m,in,Summer,7.3,Premier League,2005,2005/2006,England
Manchester United,Edwin van der Sar,34.0,Goalkeeper,Fulham,€4.00m,in,Summer,4.0,Premier League,2005,2005/2006,England
Manchester United,Ben Foster,22.0,Goalkeeper,Stoke City,€2.00m,in,Summer,2.0,Premier League,2005,2005/2006,England
Everton FC,Andy van der Meyde,25.0,Right Winger,Inter,€9.00m,in,Summer,9.0,Premier League,2005,2005/2006,England
Everton FC,Per Kröldrup,25.0,Centre-Back,Udinese,€6.80m,in,Summer,6.8,Premier League,2005,2005/2006,England
Everton FC,Phil Neville,28.0,Right-Back,Man Utd,€5.30m,in,Summer,5.3,Premier League,2005,2005/2006,England
Everton FC,Simon Davies,25.0,Right Midfield,Spurs,€5.25m,in,Summer,5.25,Premier League,2005,2005/2006,England
Everton FC,Mikel Arteta,23.0,Central Midfield,Real Sociedad,€2.80m,in,Summer,2.8,Premier League,2005,2005/2006,England
Everton FC,Nuno Valente,30.0,Left-Back,FC Porto,€2.00m,in,Summer,2.0,Premier League,2005,2005/2006,England
Everton FC,Anderson Silva,22.0,Defensive Midfield,Nacional,€1.00m,in,Summer,1.0,Premier League,2005,2005/2006,England
Everton FC,John Ruddy,18.0,Goalkeeper,Cambridge Utd.,€375Th.,in,Summer,0.375,Premier League,2005,2005/2006,England
Liverpool FC,Mohamed Sissoko,20.0,Defensive Midfield,Valencia,€12.00m,in,Summer,12.0,Premier League,2005,2005/2006,England
Liverpool FC,Peter Crouch,24.0,Centre-Forward,Southampton,€10.50m,in,Summer,10.5,Premier League,2005,2005/2006,England
Liverpool FC,Pepe Reina,22.0,Goalkeeper,Villarreal,€9.80m,in,Summer,9.8,Premier League,2005,2005/2006,England
Liverpool FC,Mark González,20.0,Left Winger,Albacete,€2.50m,in,Summer,2.5,Premier League,2005,2005/2006,England
Liverpool FC,Besian Idrizaj,17.0,Centre-Forward,LASK,€275Th.,in,Summer,0.275,Premier League,2005,2005/2006,England
Liverpool FC,Jack Hobbs,17.0,Centre-Back,Lincoln City,€225Th.,in,Summer,0.225,Premier League,2005,2005/2006,England
Bolton Wanderers,El-Hadji Diouf,24.0,Centre-Forward,Liverpool,€4.80m,in,Summer,4.8,Premier League,2005,2005/2006,England
Bolton Wanderers,Jared Borgetti,31.0,Centre-Forward,Pachuca,€1.40m,in,Summer,1.4,Premier League,2005,2005/2006,England
Middlesbrough FC,Yakubu Aiyegbeni,22.0,Centre-Forward,Portsmouth,€9.75m,in,Summer,9.75,Premier League,2005,2005/2006,England
Middlesbrough FC,Emanuel Pogatetz,22.0,Centre-Back,Bay. Leverkusen,€2.71m,in,Summer,2.71,Premier League,2005,2005/2006,England
Middlesbrough FC,Fábio Rochemback,23.0,Central Midfield,Barcelona,€1.50m,in,Summer,1.5,Premier League,2005,2005/2006,England
Manchester City,Darius Vassell,25.0,Centre-Forward,Aston Villa,€3.60m,in,Summer,3.6,Premier League,2005,2005/2006,England
Tottenham Hotspur,Jermaine Jenas,22.0,Central Midfield,Newcastle,€15.00m,in,Summer,15.0,Premier League,2005,2005/2006,England
Tottenham Hotspur,Tom Huddlestone,18.0,Defensive Midfield,Derby,€4.70m,in,Summer,4.7,Premier League,2005,2005/2006,England
Tottenham Hotspur,Grzegorz Rasiak,26.0,Centre-Forward,Derby,€3.50m,in,Summer,3.5,Premier League,2005,2005/2006,England
Tottenham Hotspur,Wayne Routledge,20.0,Left Winger,Crystal Palace,€3.00m,in,Summer,3.0,Premier League,2005,2005/2006,England
Tottenham Hotspur,Young-pyo Lee,28.0,Left-Back,PSV Eindhoven,€2.00m,in,Summer,2.0,Premier League,2005,2005/2006,England
Tottenham Hotspur,Aaron Lennon,18.0,Right Winger,Leeds,€1.20m,in,Summer,1.2,Premier League,2005,2005/2006,England
Tottenham Hotspur,Rodrigo Defendi,19.0,Centre-Back,Cruzeiro,€900Th.,in,Summer,0.9,Premier League,2005,2005/2006,England
Aston Villa,Milan Baros,23.0,Centre-Forward,Liverpool,€8.84m,in,Summer,8.84,Premier League,2005,2005/2006,England
Aston Villa,Wilfred Bouma,27.0,Left-Back,PSV Eindhoven,€4.70m,in,Summer,4.7,Premier League,2005,2005/2006,England
Aston Villa,Aaron Hughes,25.0,Centre-Back,Newcastle,€1.50m,in,Summer,1.5,Premier League,2005,2005/2006,England
Aston Villa,Kevin Phillips,31.0,Centre-Forward,Southampton,€1.50m,in,Summer,1.5,Premier League,2005,2005/2006,England
Charlton Athletic,Darren Bent,21.0,Centre-Forward,Ipswich,€4.50m,in,Summer,4.5,Premier League,2005,2005/2006,England
Charlton Athletic,Darren Ambrose,21.0,Left Midfield,Newcastle,€1.60m,in,Summer,1.6,Premier League,2005,2005/2006,England
Birmingham City,Mikael Forssell,24.0,Centre-Forward,Chelsea,€4.50m,in,Summer,4.5,Premier League,2005,2005/2006,England
Birmingham City,Mehdi Nafti,26.0,Defensive Midfield,Racing,€1.50m,in,Summer,1.5,Premier League,2005,2005/2006,England
Birmingham City,Jermaine Pennant,22.0,Right Winger,Arsenal,€750Th.,in,Summer,0.75,Premier League,2005,2005/2006,England
Fulham FC,Heidar Helguson,27.0,Centre-Forward,Watford,€2.00m,in,Summer,2.0,Premier League,2005,2005/2006,England
Fulham FC,Niclas Jensen,30.0,Left-Back,Bor. Dortmund,€750Th.,in,Summer,0.75,Premier League,2005,2005/2006,England
Newcastle United,Michael Owen,25.0,Centre-Forward,Real Madrid,€25.00m,in,Summer,25.0,Premier League,2005,2005/2006,England
Newcastle United,Albert Luque,27.0,Left Winger,Dep. La Coruña,€20.00m,in,Summer,20.0,Premier League,2005,2005/2006,England
Newcastle United,Scott Parker,24.0,Central Midfield,Chelsea,€9.50m,in,Summer,9.5,Premier League,2005,2005/2006,England
Newcastle United,Emre Belözoglu,24.0,Central Midfield,Inter,€5.00m,in,Summer,5.0,Premier League,2005,2005/2006,England
Blackburn Rovers,Craig Bellamy,25.0,Left Winger,Newcastle,€7.50m,in,Summer,7.5,Premier League,2005,2005/2006,England
Portsmouth FC,Andrew O'Brien,26.0,Centre-Back,Newcastle,€3.00m,in,Summer,3.0,Premier League,2005,2005/2006,England
Portsmouth FC,Jhon Viáfara,26.0,Defensive Midfield,Once Caldas,€2.40m,in,Summer,2.4,Premier League,2005,2005/2006,England
Portsmouth FC,Laurent Robert,30.0,Left Winger,Newcastle,Loan fee:€2.30m,in,Summer,2.3,Premier League,2005,2005/2006,England
Portsmouth FC,Brian Priske,28.0,Right-Back,KRC Genk,€750Th.,in,Summer,0.75,Premier League,2005,2005/2006,England
Portsmouth FC,Emmanuel Olisadebe,26.0,Centre-Forward,Panathinaikos,€500Th.,in,Summer,0.5,Premier League,2005,2005/2006,England
Portsmouth FC,Zvonimir Vukic,25.0,Attacking Midfield,Shakhtar D.,Loan fee:€400Th.,in,Summer,0.4,Premier League,2005,2005/2006,England
Portsmouth FC,Franck Songo'o,18.0,Right Winger,Barça U19,€375Th.,in,Summer,0.375,Premier League,2005,2005/2006,England
West Bromwich Albion,Curtis Davies,20.0,Centre-Back,Luton,€4.50m,in,Summer,4.5,Premier League,2005,2005/2006,England
West Bromwich Albion,Nathan Ellington,23.0,Centre-Forward,Wigan,€4.50m,in,Summer,4.5,Premier League,2005,2005/2006,England
West Bromwich Albion,Darren Carter,21.0,Central Midfield,Birmingham,€2.25m,in,Summer,2.25,Premier League,2005,2005/2006,England
West Bromwich Albion,Diomansy Kamara,24.0,Right Winger,Portsmouth,€2.25m,in,Summer,2.25,Premier League,2005,2005/2006,England
Sunderland AFC,Jon Stead,22.0,Centre-Forward,Blackburn,€2.70m,in,Summer,2.7,Premier League,2005,2005/2006,England
Sunderland AFC,Kelvin Davis,28.0,Goalkeeper,Ipswich,€1.88m,in,Summer,1.88,Premier League,2005,2005/2006,England
Sunderland AFC,Andy Gray,27.0,Centre-Forward,Sheff Utd,€1.20m,in,Summer,1.2,Premier League,2005,2005/2006,England
Sunderland AFC,Daryl Murphy,22.0,Centre-Forward,Waterford Utd,€150Th.,in,Summer,0.15,Premier League,2005,2005/2006,England
Wigan Athletic,Henri Camara,28.0,Centre-Forward,Wolves,€6.45m,in,Summer,6.45,Premier League,2005,2005/2006,England
Wigan Athletic,David Connolly,28.0,attack,Leicester,€3.00m,in,Summer,3.0,Premier League,2005,2005/2006,England
Wigan Athletic,Damien Francis,26.0,Central Midfield,Norwich,€2.25m,in,Summer,2.25,Premier League,2005,2005/2006,England
Wigan Athletic,Mike Pollitt,33.0,Goalkeeper,Rotherham,€300Th.,in,Summer,0.3,Premier League,2005,2005/2006,England
Wigan Athletic,Ryan Taylor,20.0,Right-Back,Tranmere Rovers,€100Th.,in,Summer,0.1,Premier League,2005,2005/2006,England
West Ham United,Yossi Benayoun,25.0,Right Winger,Racing,€3.75m,in,Summer,3.75,Premier League,2005,2005/2006,England
West Ham United,Paul Konchesky,24.0,Left-Back,Charlton,€2.25m,in,Summer,2.25,Premier League,2005,2005/2006,England
West Ham United,Danny Gabbidon,25.0,Centre-Back,Cardiff,€2.00m,in,Summer,2.0,Premier League,2005,2005/2006,England
West Ham United,James Collins,21.0,Centre-Back,Cardiff,€2.00m,in,Summer,2.0,Premier League,2005,2005/2006,England
West Ham United,Clive Clarke,25.0,Left-Back,Stoke City,€550Th.,in,Summer,0.55,Premier League,2005,2005/2006,England
Chelsea FC,Slobodan Rajkovic,16.0,Centre-Back,OFK Beograd,€5.20m,in,Winter,5.2,Premier League,2005,2005/2006,England
Chelsea FC,Maniche,28.0,Central Midfield,Dinamo Moscow,Loan fee:€300Th.,in,Winter,0.3,Premier League,2005,2005/2006,England
Arsenal FC,Theo Walcott,16.0,Right Winger,Southampton,€10.50m,in,Winter,10.5,Premier League,2005,2005/2006,England
Arsenal FC,Emmanuel Adebayor,21.0,Centre-Forward,Monaco,€10.00m,in,Winter,10.0,Premier League,2005,2005/2006,England
Arsenal FC,Carlos Vela,16.0,Right Winger,Guadalajara U20,€3.00m,in,Winter,3.0,Premier League,2005,2005/2006,England
Arsenal FC,Abou Diaby,19.0,Central Midfield,AJ Auxerre,€3.00m,in,Winter,3.0,Premier League,2005,2005/2006,England
Manchester United,Nemanja Vidic‎,24.0,Centre-Back,Spartak Moscow,€10.50m,in,Winter,10.5,Premier League,2005,2005/2006,England
Manchester United,Patrice Evra,24.0,Left-Back,Monaco,€8.00m,in,Winter,8.0,Premier League,2005,2005/2006,England
Liverpool FC,Daniel Agger,21.0,Centre-Back,Bröndby IF,€8.76m,in,Winter,8.76,Premier League,2005,2005/2006,England
Manchester City,Georgios Samaras,20.0,Left Winger,Heerenveen,€8.50m,in,Winter,8.5,Premier League,2005,2005/2006,England
Manchester City,Matt Mills,19.0,Centre-Back,Southampton,€375Th.,in,Winter,0.375,Premier League,2005,2005/2006,England
Tottenham Hotspur,Danny Murphy,28.0,Central Midfield,Charlton,€3.21m,in,Winter,3.21,Premier League,2005,2005/2006,England
Tottenham Hotspur,Hossam Ghaly,24.0,Central Midfield,Feyenoord,€3.00m,in,Winter,3.0,Premier League,2005,2005/2006,England
Charlton Athletic,Marcus Bent,27.0,Centre-Forward,Everton,€3.00m,in,Winter,3.0,Premier League,2005,2005/2006,England
Birmingham City,DJ Campbell,24.0,Centre-Forward,Brentford,€750Th.,in,Winter,0.75,Premier League,2005,2005/2006,England
Birmingham City,Martin Latka,21.0,Centre-Back,Slavia Prague,€600Th.,in,Winter,0.6,Premier League,2005,2005/2006,England
Fulham FC,Michael Brown,28.0,Central Midfield,Spurs,€2.30m,in,Winter,2.3,Premier League,2005,2005/2006,England
Fulham FC,Antti Niemi,33.0,Goalkeeper,Southampton,€1.50m,in,Winter,1.5,Premier League,2005,2005/2006,England
Newcastle United,Nolberto Solano,31.0,Right Midfield,Aston Villa,€2.25m,in,Winter,2.25,Premier League,2005,2005/2006,England
Blackburn Rovers,David Bentley,21.0,Right Midfield,Arsenal,€1.75m,in,Winter,1.75,Premier League,2005,2005/2006,England
Blackburn Rovers,Florent Sinama-Pongolle,21.0,Second Striker,Liverpool,Loan fee:€150Th.,in,Winter,0.15,Premier League,2005,2005/2006,England
Portsmouth FC,Benjani,27.0,Centre-Forward,AJ Auxerre,€6.00m,in,Winter,6.0,Premier League,2005,2005/2006,England
Portsmouth FC,Sean Davis,26.0,Defensive Midfield,Spurs,€2.80m,in,Winter,2.8,Premier League,2005,2005/2006,England
Portsmouth FC,Dean Kiely,35.0,Goalkeeper,Charlton,€250Th.,in,Winter,0.25,Premier League,2005,2005/2006,England
West Bromwich Albion,Nigel Quashie,27.0,Central Midfield,Southampton,€1.80m,in,Winter,1.8,Premier League,2005,2005/2006,England
Wigan Athletic,Paul Scharner,25.0,Centre-Back,Brann,€3.67m,in,Winter,3.67,Premier League,2005,2005/2006,England
West Ham United,Dean Ashton,22.0,Centre-Forward,Norwich,€10.89m,in,Winter,10.89,Premier League,2005,2005/2006,England
West Ham United,Yaniv Katan,24.0,Attacking Midfield,Maccabi Haifa,€150Th.,in,Winter,0.15,Premier League,2005,2005/2006,England
Chelsea FC,Andriy Shevchenko,29.0,Centre-Forward,AC Milan,€43.88m,in,Summer,43.88,Premier League,2006,2006/2007,England
Chelsea FC,John Mikel Obi,19.0,Defensive Midfield,FK Lyn,€20.00m,in,Summer,20.0,Premier League,2006,2006/2007,England
Chelsea FC,Khalid Boulahrouz,24.0,Centre-Back,Hamburger SV,€13.20m,in,Summer,13.2,Premier League,2006,2006/2007,England
Chelsea FC,Ashley Cole,25.0,Left-Back,Arsenal,€7.40m,in,Summer,7.4,Premier League,2006,2006/2007,England
Chelsea FC,Salomon Kalou,20.0,Left Winger,Feyenoord,€4.00m,in,Summer,4.0,Premier League,2006,2006/2007,England
Chelsea FC,Ben Sahar,16.0,Centre-Forward,Hapoel Tel Aviv,€500Th.,in,Summer,0.5,Premier League,2006,2006/2007,England
Arsenal FC,Tomas Rosicky,25.0,Attacking Midfield,Bor. Dortmund,€10.00m,in,Summer,10.0,Premier League,2006,2006/2007,England
Arsenal FC,Denílson,18.0,Defensive Midfield,São Paulo,€5.00m,in,Summer,5.0,Premier League,2006,2006/2007,England
Manchester United,Michael Carrick,25.0,Defensive Midfield,Spurs,€27.20m,in,Summer,27.2,Premier League,2006,2006/2007,England
Everton FC,Andy Johnson,25.0,Centre-Forward,Crystal Palace,€11.00m,in,Summer,11.0,Premier League,2006,2006/2007,England
Everton FC,Joleon Lescott,23.0,Centre-Back,Wolves,€6.50m,in,Summer,6.5,Premier League,2006,2006/2007,England
Liverpool FC,Dirk Kuyt,26.0,Right Winger,Feyenoord,€18.00m,in,Summer,18.0,Premier League,2006,2006/2007,England
Liverpool FC,Jermaine Pennant,23.0,Right Winger,Birmingham,€9.10m,in,Summer,9.1,Premier League,2006,2006/2007,England
Liverpool FC,Craig Bellamy,26.0,Left Winger,Blackburn,€9.00m,in,Summer,9.0,Premier League,2006,2006/2007,England
Liverpool FC,Gabriel Paletta,20.0,Centre-Back,Banfield,€2.70m,in,Summer,2.7,Premier League,2006,2006/2007,England
Bolton Wanderers,Nicolas Anelka,27.0,Centre-Forward,Fenerbahce,€12.00m,in,Summer,12.0,Premier League,2006,2006/2007,England
Bolton Wanderers,Abdoulaye Faye,28.0,Centre-Back,Lens,€3.00m,in,Summer,3.0,Premier League,2006,2006/2007,England
Bolton Wanderers,Abdoulaye Méïté,25.0,Centre-Back,Marseille,€1.50m,in,Summer,1.5,Premier League,2006,2006/2007,England
Middlesbrough FC,Robert Huth,21.0,Centre-Back,Chelsea,€8.90m,in,Summer,8.9,Premier League,2006,2006/2007,England
Middlesbrough FC,Julio Arca,25.0,Central Midfield,Sunderland,€2.40m,in,Summer,2.4,Premier League,2006,2006/2007,England
Manchester City,Andreas Isaksson,24.0,Goalkeeper,Stade Rennais,€3.00m,in,Summer,3.0,Premier League,2006,2006/2007,England
Manchester City,Bernardo Corradi,30.0,Centre-Forward,Valencia,€2.00m,in,Summer,2.0,Premier League,2006,2006/2007,England
Manchester City,Joe Hart,19.0,Goalkeeper,Shrewsbury,€900Th.,in,Summer,0.9,Premier League,2006,2006/2007,England
Manchester City,Dietmar Hamann,32.0,Defensive Midfield,Bolton,€600Th.,in,Summer,0.6,Premier League,2006,2006/2007,England
Tottenham Hotspur,Dimitar Berbatov,25.0,Centre-Forward,Bay. Leverkusen,€15.70m,in,Summer,15.7,Premier League,2006,2006/2007,England
Tottenham Hotspur,Didier Zokora,25.0,Defensive Midfield,Saint-Étienne,€12.35m,in,Summer,12.35,Premier League,2006,2006/2007,England
Tottenham Hotspur,Pascal Chimbonda,27.0,Centre-Back,Wigan,€10.00m,in,Summer,10.0,Premier League,2006,2006/2007,England
Tottenham Hotspur,Mido,23.0,Centre-Forward,AS Roma,€6.75m,in,Summer,6.75,Premier League,2006,2006/2007,England
Tottenham Hotspur,Benoît Assou-Ekotto,22.0,Left-Back,Lens,€5.00m,in,Summer,5.0,Premier League,2006,2006/2007,England
Tottenham Hotspur,Steed Malbranque,26.0,Central Midfield,Fulham,€3.00m,in,Summer,3.0,Premier League,2006,2006/2007,England
Tottenham Hotspur,Dorian Dervite,17.0,Centre-Back,LOSC Lille U19,€1.50m,in,Summer,1.5,Premier League,2006,2006/2007,England
Tottenham Hotspur,Radek Cerny,32.0,Goalkeeper,Slavia Prague,€200Th.,in,Summer,0.2,Premier League,2006,2006/2007,England
Aston Villa,Stiliyan Petrov,27.0,Central Midfield,Celtic,€10.00m,in,Summer,10.0,Premier League,2006,2006/2007,England
Charlton Athletic,Souleymane Diawara,27.0,Centre-Back,FC Sochaux,€5.40m,in,Summer,5.4,Premier League,2006,2006/2007,England
Charlton Athletic,Andy Reid,23.0,Left Midfield,Spurs,€4.20m,in,Summer,4.2,Premier League,2006,2006/2007,England
Charlton Athletic,Amdy Faye,29.0,Defensive Midfield,Newcastle,€3.00m,in,Summer,3.0,Premier League,2006,2006/2007,England
Charlton Athletic,Djimi Traoré,26.0,Centre-Back,Liverpool,€2.80m,in,Summer,2.8,Premier League,2006,2006/2007,England
Charlton Athletic,Simon Walton,18.0,Central Midfield,Leeds,€675Th.,in,Summer,0.675,Premier League,2006,2006/2007,England
Fulham FC,Franck Queudrue,27.0,Left-Back,Middlesbrough,€4.50m,in,Summer,4.5,Premier League,2006,2006/2007,England
Fulham FC,Jimmy Bullard,27.0,Central Midfield,Wigan,€3.75m,in,Summer,3.75,Premier League,2006,2006/2007,England
Fulham FC,Gabriel Zakuani,20.0,Centre-Back,Leyton Orient,€1.50m,in,Summer,1.5,Premier League,2006,2006/2007,England
Fulham FC,Björn Runström,22.0,Centre-Forward,Hammarby,€1.05m,in,Summer,1.05,Premier League,2006,2006/2007,England
Newcastle United,Obafemi Martins,21.0,Centre-Forward,Inter,€16.00m,in,Summer,16.0,Premier League,2006,2006/2007,England
Newcastle United,Damien Duff,27.0,Right Midfield,Chelsea,€15.50m,in,Summer,15.5,Premier League,2006,2006/2007,England
Blackburn Rovers,Jason Roberts,28.0,Centre-Forward,Wigan,€4.08m,in,Summer,4.08,Premier League,2006,2006/2007,England
Blackburn Rovers,Benni McCarthy,28.0,Centre-Forward,FC Porto,€3.70m,in,Summer,3.7,Premier League,2006,2006/2007,England
Blackburn Rovers,André Ooijer,32.0,Centre-Back,PSV Eindhoven,€3.00m,in,Summer,3.0,Premier League,2006,2006/2007,England
Blackburn Rovers,Zurab Khizanishvili,24.0,Centre-Back,Rangers,€750Th.,in,Summer,0.75,Premier League,2006,2006/2007,England
Portsmouth FC,Niko Kranjcar,22.0,Attacking Midfield,Hajduk Split,€4.50m,in,Summer,4.5,Premier League,2006,2006/2007,England
Portsmouth FC,David James,36.0,Goalkeeper,Man City,€1.70m,in,Summer,1.7,Premier League,2006,2006/2007,England
Portsmouth FC,Andy Cole,34.0,Centre-Forward,Man City,€750Th.,in,Summer,0.75,Premier League,2006,2006/2007,England
Wigan Athletic,Emile Heskey,28.0,Centre-Forward,Birmingham,€7.50m,in,Summer,7.5,Premier League,2006,2006/2007,England
Wigan Athletic,Fitz Hall,25.0,Centre-Back,Crystal Palace,€4.50m,in,Summer,4.5,Premier League,2006,2006/2007,England
Wigan Athletic,Denny Landzaat,30.0,Central Midfield,AZ Alkmaar,€4.40m,in,Summer,4.4,Premier League,2006,2006/2007,England
Wigan Athletic,Chris Kirkland,25.0,Goalkeeper,Liverpool,€3.73m,in,Summer,3.73,Premier League,2006,2006/2007,England
Wigan Athletic,David Cotterill,18.0,Right Winger,Bristol City,€3.20m,in,Summer,3.2,Premier League,2006,2006/2007,England
Wigan Athletic,Kevin Kilbane,29.0,Left Midfield,Everton,€2.50m,in,Summer,2.5,Premier League,2006,2006/2007,England
Wigan Athletic,Emmerson Boyce,26.0,Right-Back,Crystal Palace,€1.50m,in,Summer,1.5,Premier League,2006,2006/2007,England
Wigan Athletic,Antonio Valencia,20.0,Right-Back,Villarreal,Loan fee:€400Th.,in,Summer,0.4,Premier League,2006,2006/2007,England
West Ham United,Carlos Tévez,22.0,Second Striker,Corinthians,€14.60m,in,Summer,14.6,Premier League,2006,2006/2007,England
West Ham United,Javier Mascherano,22.0,Defensive Midfield,Corinthians,€14.60m,in,Summer,14.6,Premier League,2006,2006/2007,England
West Ham United,Rob Green,26.0,Goalkeeper,Norwich,€3.00m,in,Summer,3.0,Premier League,2006,2006/2007,England
West Ham United,Carlton Cole,22.0,Centre-Forward,Chelsea,€3.00m,in,Summer,3.0,Premier League,2006,2006/2007,England
West Ham United,George McCartney,25.0,Left-Back,Sunderland,€1.63m,in,Summer,1.63,Premier League,2006,2006/2007,England
West Ham United,Tyrone Mears,23.0,Right-Back,Preston,€1.50m,in,Summer,1.5,Premier League,2006,2006/2007,England
West Ham United,John Paintsil,25.0,Right-Back,Hapoel Tel Aviv,€1.50m,in,Summer,1.5,Premier League,2006,2006/2007,England
West Ham United,Lee Bowyer,29.0,Central Midfield,Newcastle,€1.13m,in,Summer,1.13,Premier League,2006,2006/2007,England
West Ham United,Jonathan Spector,20.0,Centre-Back,Man Utd,€750Th.,in,Summer,0.75,Premier League,2006,2006/2007,England
Reading FC,Ki-hyeon Seol,27.0,Right Winger,Wolves,€1.50m,in,Summer,1.5,Premier League,2006,2006/2007,England
Reading FC,Sam Sodje,27.0,Centre-Back,Brentford,€750Th.,in,Summer,0.75,Premier League,2006,2006/2007,England
Reading FC,Péter Máté,21.0,Centre-Back,Debrecen,Loan fee:€575Th.,in,Summer,0.575,Premier League,2006,2006/2007,England
Sheffield United,Claude Davis,27.0,Centre-Back,Preston,€3.50m,in,Summer,3.5,Premier League,2006,2006/2007,England
Sheffield United,Rob Hulse,26.0,Centre-Forward,Leeds,€3.45m,in,Summer,3.45,Premier League,2006,2006/2007,England
Sheffield United,Colin Kazim-Richards,20.0,Centre-Forward,Brighton,€1.50m,in,Summer,1.5,Premier League,2006,2006/2007,England
Sheffield United,Mikele Leigertwood,23.0,Defensive Midfield,Crystal Palace,€750Th.,in,Summer,0.75,Premier League,2006,2006/2007,England
Sheffield United,Ian Bennett,34.0,Goalkeeper,Leeds,€150Th.,in,Summer,0.15,Premier League,2006,2006/2007,England
Watford FC,Danny Shittu,25.0,Centre-Back,QPR,€2.40m,in,Summer,2.4,Premier League,2006,2006/2007,England
Watford FC,Damien Francis,27.0,Central Midfield,Wigan,€2.25m,in,Summer,2.25,Premier League,2006,2006/2007,England
Watford FC,Tamás Priskin,19.0,Centre-Forward,ETO FC Győr,€1.50m,in,Summer,1.5,Premier League,2006,2006/2007,England
Watford FC,Tommy Smith,26.0,Centre-Forward,Derby,€725Th.,in,Summer,0.725,Premier League,2006,2006/2007,England
Everton FC,Manuel Fernandes,20.0,Attacking Midfield,Benfica,Loan fee:€400Th.,in,Winter,0.4,Premier League,2006,2006/2007,England
Liverpool FC,Álvaro Arbeloa,24.0,Right-Back,Dep. La Coruña,€3.90m,in,Winter,3.9,Premier League,2006,2006/2007,England
Liverpool FC,Javier Mascherano,22.0,Defensive Midfield,West Ham,Loan fee:€2.00m,in,Winter,2.0,Premier League,2006,2006/2007,England
Liverpool FC,Astrit Ajdarevic,16.0,Central Midfield,Falkenberg,€1.20m,in,Winter,1.2,Premier League,2006,2006/2007,England
Liverpool FC,Emiliano Insúa,18.0,Centre-Back,Boca Juniors,Loan fee:€100Th.,in,Winter,0.1,Premier League,2006,2006/2007,England
Bolton Wanderers,Lubomir Michalik,23.0,Centre-Back,FC Senec,€500Th.,in,Winter,0.5,Premier League,2006,2006/2007,England
Tottenham Hotspur,Ricardo Rocha,28.0,Centre-Back,Benfica,€5.00m,in,Winter,5.0,Premier League,2006,2006/2007,England
Tottenham Hotspur,Ben Alnwick,20.0,Goalkeeper,Sunderland,€1.50m,in,Winter,1.5,Premier League,2006,2006/2007,England
Aston Villa,Ashley Young,21.0,Left-Back,Watford,€13.20m,in,Winter,13.2,Premier League,2006,2006/2007,England
Aston Villa,Shaun Maloney,24.0,Attacking Midfield,Celtic,€1.50m,in,Winter,1.5,Premier League,2006,2006/2007,England
Charlton Athletic,Madjid Bougherra,24.0,Centre-Back,Sheff Wed,€3.79m,in,Winter,3.79,Premier League,2006,2006/2007,England
Charlton Athletic,Ben Thatcher,31.0,Left-Back,Man City,€750Th.,in,Winter,0.75,Premier League,2006,2006/2007,England
Charlton Athletic,Ismaël Fofana,18.0,Centre-Forward,ASEC Mimosas,€700Th.,in,Winter,0.7,Premier League,2006,2006/2007,England
Charlton Athletic,Alex Song,19.0,Defensive Midfield,Arsenal,Loan fee:€275Th.,in,Winter,0.275,Premier League,2006,2006/2007,England
Charlton Athletic,Chris Dickson,22.0,Centre-Forward,Dulwich Hamlet,€60Th.,in,Winter,0.06,Premier League,2006,2006/2007,England
Fulham FC,Clint Dempsey,23.0,Second Striker,New England,€3.00m,in,Winter,3.0,Premier League,2006,2006/2007,England
Newcastle United,Oguchi Onyewu,24.0,Centre-Back,Standard Liège,Loan fee:€375Th.,in,Winter,0.375,Premier League,2006,2006/2007,England
Blackburn Rovers,David Dunn,27.0,Attacking Midfield,Birmingham,€3.20m,in,Winter,3.2,Premier League,2006,2006/2007,England
Blackburn Rovers,Stephen Warnock,25.0,Left-Back,Liverpool,€2.25m,in,Winter,2.25,Premier League,2006,2006/2007,England
Blackburn Rovers,Christopher Samba,22.0,Centre-Back,Hertha BSC,€500Th.,in,Winter,0.5,Premier League,2006,2006/2007,England
Blackburn Rovers,Bruno Berner,29.0,Left-Back,FC Basel,€500Th.,in,Winter,0.5,Premier League,2006,2006/2007,England
Portsmouth FC,Djimi Traoré,26.0,Centre-Back,Charlton,€1.40m,in,Winter,1.4,Premier League,2006,2006/2007,England
Portsmouth FC,Laurén,29.0,Right-Back,Arsenal,€550Th.,in,Winter,0.55,Premier League,2006,2006/2007,England
Portsmouth FC,Arnold Mvuemba,21.0,Defensive Midfield,Stade Rennais,Loan fee:€200Th.,in,Winter,0.2,Premier League,2006,2006/2007,England
Wigan Athletic,Caleb Folan,24.0,Centre-Forward,Chesterfield FC,€750Th.,in,Winter,0.75,Premier League,2006,2006/2007,England
Wigan Athletic,Carlo Nash,33.0,Goalkeeper,Preston,€450Th.,in,Winter,0.45,Premier League,2006,2006/2007,England
Wigan Athletic,Kristofer Haestad,23.0,Central Midfield,IK Start,Loan fee:€250Th.,in,Winter,0.25,Premier League,2006,2006/2007,England
Wigan Athletic,Andreas Granqvist,21.0,Centre-Back,Helsingborg,Loan fee:€200Th.,in,Winter,0.2,Premier League,2006,2006/2007,England
West Ham United,Matthew Upson,27.0,Centre-Back,Birmingham,€12.60m,in,Winter,12.6,Premier League,2006,2006/2007,England
West Ham United,Luís Boa Morte,29.0,Left Midfield,Fulham,€6.80m,in,Winter,6.8,Premier League,2006,2006/2007,England
West Ham United,Calum Davenport,24.0,defence,Spurs,€4.20m,in,Winter,4.2,Premier League,2006,2006/2007,England
West Ham United,Lucas Neill,28.0,Centre-Back,Blackburn,€2.30m,in,Winter,2.3,Premier League,2006,2006/2007,England
West Ham United,Nigel Quashie,28.0,Central Midfield,West Brom,€2.25m,in,Winter,2.25,Premier League,2006,2006/2007,England
Reading FC,Greg Halford,22.0,Centre-Back,Colchester Utd.,€4.50m,in,Winter,4.5,Premier League,2006,2006/2007,England
Reading FC,Michael Duberry,31.0,Centre-Back,Stoke City,€1.50m,in,Winter,1.5,Premier League,2006,2006/2007,England
Reading FC,Alan Bennett,25.0,Centre-Back,Cork City,€300Th.,in,Winter,0.3,Premier League,2006,2006/2007,England
Reading FC,Mikkel Andersen,18.0,Goalkeeper,Akademisk BK,€100Th.,in,Winter,0.1,Premier League,2006,2006/2007,England
Sheffield United,Matthew Kilgallon,22.0,Centre-Back,Leeds,€3.80m,in,Winter,3.8,Premier League,2006,2006/2007,England
Sheffield United,Luton Shelton,21.0,Left Winger,Helsingborg,€2.70m,in,Winter,2.7,Premier League,2006,2006/2007,England
Sheffield United,Jon Stead,23.0,Centre-Forward,Sunderland,€1.13m,in,Winter,1.13,Premier League,2006,2006/2007,England
Sheffield United,Ahmed Fathi,22.0,Right-Back,Ismaily,€1.05m,in,Winter,1.05,Premier League,2006,2006/2007,England
Watford FC,Gareth Williams,25.0,Central Midfield,Leicester,€1.25m,in,Winter,1.25,Premier League,2006,2006/2007,England
Watford FC,Will Hoskins,20.0,Centre-Forward,Rotherham,€1.00m,in,Winter,1.0,Premier League,2006,2006/2007,England
Watford FC,Steve Kabba,25.0,Centre-Forward,Sheff Utd,€750Th.,in,Winter,0.75,Premier League,2006,2006/2007,England
Watford FC,Lee Williamson,24.0,Central Midfield,Rotherham,€500Th.,in,Winter,0.5,Premier League,2006,2006/2007,England
Watford FC,Moses Ashikodi,19.0,Centre-Forward,Rangers,€100Th.,in,Winter,0.1,Premier League,2006,2006/2007,England
Manchester United,Anderson,19.0,Central Midfield,FC Porto,€31.50m,in,Summer,31.5,Premier League,2007,2007/2008,England
Manchester United,Nani,20.0,Left Winger,Sporting CP,€25.50m,in,Summer,25.5,Premier League,2007,2007/2008,England
Manchester United,Owen Hargreaves,26.0,Defensive Midfield,Bayern Munich,€25.00m,in,Summer,25.0,Premier League,2007,2007/2008,England
Manchester United,Carlos Tévez,23.0,Second Striker,West Ham,Loan fee:€12.70m,in,Summer,12.7,Premier League,2007,2007/2008,England
Manchester United,Tomasz Kuszczak,25.0,Goalkeeper,West Brom,€4.30m,in,Summer,4.3,Premier League,2007,2007/2008,England
Chelsea FC,Florent Malouda,27.0,Left Winger,Olympique Lyon,€19.00m,in,Summer,19.0,Premier League,2007,2007/2008,England
Chelsea FC,Juliano Belletti,31.0,Right-Back,Barcelona,€5.50m,in,Summer,5.5,Premier League,2007,2007/2008,England
Liverpool FC,Fernando Torres,23.0,Centre-Forward,Atlético Madrid,€38.00m,in,Summer,38.0,Premier League,2007,2007/2008,England
Liverpool FC,Ryan Babel,20.0,Left Winger,Ajax,€17.25m,in,Summer,17.25,Premier League,2007,2007/2008,England
Liverpool FC,Lucas Leiva,21.0,Defensive Midfield,Grêmio,€10.00m,in,Summer,10.0,Premier League,2007,2007/2008,England
Liverpool FC,Yossi Benayoun,27.0,Right Winger,West Ham,€7.30m,in,Summer,7.3,Premier League,2007,2007/2008,England
Liverpool FC,Krisztián Németh,18.0,Centre-Forward,MTK Budapest,€3.00m,in,Summer,3.0,Premier League,2007,2007/2008,England
Liverpool FC,Sebastián Leto,20.0,Left Winger,Lanús,€3.00m,in,Summer,3.0,Premier League,2007,2007/2008,England
Liverpool FC,Charles Itandje,24.0,Goalkeeper,Lens,€1.50m,in,Summer,1.5,Premier League,2007,2007/2008,England
Liverpool FC,Damien Plessis,19.0,Defensive Midfield,Olymp. Lyon B,€500Th.,in,Summer,0.5,Premier League,2007,2007/2008,England
Liverpool FC,Nikolay Mihaylov,19.0,Goalkeeper,Levski Sofia,€150Th.,in,Summer,0.15,Premier League,2007,2007/2008,England
Arsenal FC,Eduardo,24.0,Centre-Forward,Dinamo Zagreb,€13.50m,in,Summer,13.5,Premier League,2007,2007/2008,England
Arsenal FC,Bacary Sagna,24.0,Right-Back,AJ Auxerre,€9.00m,in,Summer,9.0,Premier League,2007,2007/2008,England
Arsenal FC,Lukasz Fabianski,22.0,Goalkeeper,Legia Warszawa,€4.35m,in,Summer,4.35,Premier League,2007,2007/2008,England
Arsenal FC,Lassana Diarra,22.0,Defensive Midfield,Chelsea,€2.90m,in,Summer,2.9,Premier League,2007,2007/2008,England
Arsenal FC,Pedro Botelho,17.0,Left-Back,Figueirense U17,€1.20m,in,Summer,1.2,Premier League,2007,2007/2008,England
Tottenham Hotspur,Darren Bent,23.0,Centre-Forward,Charlton,€24.75m,in,Summer,24.75,Premier League,2007,2007/2008,England
Tottenham Hotspur,Gareth Bale,17.0,Right Winger,Southampton,€14.70m,in,Summer,14.7,Premier League,2007,2007/2008,England
Tottenham Hotspur,Younès Kaboul,21.0,Centre-Back,AJ Auxerre,€12.00m,in,Summer,12.0,Premier League,2007,2007/2008,England
Tottenham Hotspur,Kevin-Prince Boateng,20.0,Attacking Midfield,Hertha BSC,€7.90m,in,Summer,7.9,Premier League,2007,2007/2008,England
Tottenham Hotspur,Adel Taarabt,18.0,Central Midfield,Lens,€4.00m,in,Summer,4.0,Premier League,2007,2007/2008,England
Tottenham Hotspur,Danny Rose,17.0,Left-Back,Leeds U18,€1.00m,in,Summer,1.0,Premier League,2007,2007/2008,England
Everton FC,Yakubu Aiyegbeni,24.0,Centre-Forward,Middlesbrough,€16.50m,in,Summer,16.5,Premier League,2007,2007/2008,England
Everton FC,Leighton Baines,22.0,Left-Back,Wigan,€7.50m,in,Summer,7.5,Premier League,2007,2007/2008,England
Everton FC,Phil Jagielka,24.0,Centre-Back,Sheff Utd,€6.00m,in,Summer,6.0,Premier League,2007,2007/2008,England
Everton FC,Tim Howard,28.0,Goalkeeper,Man Utd,€4.20m,in,Summer,4.2,Premier League,2007,2007/2008,England
Everton FC,Lukas Jutkiewicz,18.0,Centre-Forward,Swindon Town,€600Th.,in,Summer,0.6,Premier League,2007,2007/2008,England
Everton FC,Steven Pienaar,25.0,Left Winger,Bor. Dortmund,Loan fee:€500Th.,in,Summer,0.5,Premier League,2007,2007/2008,England
Bolton Wanderers,Heidar Helguson,29.0,Centre-Forward,Fulham,€2.85m,in,Summer,2.85,Premier League,2007,2007/2008,England
Bolton Wanderers,Gavin McCann,29.0,Central Midfield,Aston Villa,€1.50m,in,Summer,1.5,Premier League,2007,2007/2008,England
Bolton Wanderers,Daniel Braaten,25.0,Right Winger,Rosenborg,€750Th.,in,Summer,0.75,Premier League,2007,2007/2008,England
Bolton Wanderers,Christian Wilhelmsson,27.0,Right Winger,FC Nantes,Loan fee:€500Th.,in,Summer,0.5,Premier League,2007,2007/2008,England
Reading FC,Emerse Faé,23.0,Central Midfield,FC Nantes,€3.50m,in,Summer,3.5,Premier League,2007,2007/2008,England
Reading FC,Liam Rosenior,23.0,Right-Back,Fulham,€1.90m,in,Summer,1.9,Premier League,2007,2007/2008,England
Reading FC,André Bikey,22.0,defence,Loko Moscow,€1.50m,in,Summer,1.5,Premier League,2007,2007/2008,England
Reading FC,Kalifa Cissé,23.0,Centre-Back,Boavista,€1.50m,in,Summer,1.5,Premier League,2007,2007/2008,England
Portsmouth FC,Sulley Muntari,22.0,Central Midfield,Udinese,€10.51m,in,Summer,10.51,Premier League,2007,2007/2008,England
Portsmouth FC,John Utaka,25.0,Left Winger,Stade Rennais,€10.00m,in,Summer,10.0,Premier League,2007,2007/2008,England
Portsmouth FC,David Nugent,22.0,Centre-Forward,Preston,€9.00m,in,Summer,9.0,Premier League,2007,2007/2008,England
Portsmouth FC,Glen Johnson,23.0,Right-Back,Chelsea,€5.50m,in,Summer,5.5,Premier League,2007,2007/2008,England
Portsmouth FC,Papa Bouba Diop,29.0,Defensive Midfield,Fulham,€5.00m,in,Summer,5.0,Premier League,2007,2007/2008,England
Portsmouth FC,Arnold Mvuemba,22.0,Defensive Midfield,Stade Rennais,€1.90m,in,Summer,1.9,Premier League,2007,2007/2008,England
Blackburn Rovers,Roque Santa Cruz,25.0,Centre-Forward,Bayern Munich,€5.00m,in,Summer,5.0,Premier League,2007,2007/2008,England
Blackburn Rovers,Maceo Rigters,23.0,Centre-Forward,NAC Breda,€1.20m,in,Summer,1.2,Premier League,2007,2007/2008,England
Aston Villa,Nigel Reo-Coker,23.0,Defensive Midfield,West Ham,€12.50m,in,Summer,12.5,Premier League,2007,2007/2008,England
Aston Villa,Marlon Harewood,27.0,Centre-Forward,West Ham,€5.50m,in,Summer,5.5,Premier League,2007,2007/2008,England
Aston Villa,Zat Knight,27.0,Centre-Back,Fulham,€4.70m,in,Summer,4.7,Premier League,2007,2007/2008,England
Aston Villa,Moustapha Salifou,24.0,Attacking Midfield,FC Wil 1900,€500Th.,in,Summer,0.5,Premier League,2007,2007/2008,England
Middlesbrough FC,Jonathan Woodgate,27.0,Centre-Back,Real Madrid,€9.60m,in,Summer,9.6,Premier League,2007,2007/2008,England
Middlesbrough FC,Mido,24.0,Centre-Forward,Spurs,€8.80m,in,Summer,8.8,Premier League,2007,2007/2008,England
Middlesbrough FC,Gary O'Neil,24.0,Central Midfield,Portsmouth,€7.50m,in,Summer,7.5,Premier League,2007,2007/2008,England
Middlesbrough FC,Luke Young,28.0,Right-Back,Charlton,€3.75m,in,Summer,3.75,Premier League,2007,2007/2008,England
Middlesbrough FC,Jérémie Aliadière,24.0,Centre-Forward,Arsenal,€3.00m,in,Summer,3.0,Premier League,2007,2007/2008,England
Middlesbrough FC,Mohamed Shawky,25.0,Defensive Midfield,El Ahly,€950Th.,in,Summer,0.95,Premier League,2007,2007/2008,England
Newcastle United,Alan Smith,26.0,Central Midfield,Man Utd,€9.00m,in,Summer,9.0,Premier League,2007,2007/2008,England
Newcastle United,José Enrique,21.0,Left-Back,Villarreal,€8.70m,in,Summer,8.7,Premier League,2007,2007/2008,England
Newcastle United,Joey Barton,24.0,Central Midfield,Man City,€8.60m,in,Summer,8.6,Premier League,2007,2007/2008,England
Newcastle United,David Rozehnal,26.0,Centre-Back,Paris SG,€4.30m,in,Summer,4.3,Premier League,2007,2007/2008,England
Newcastle United,Habib Bèye,29.0,Right-Back,Marseille,€2.80m,in,Summer,2.8,Premier League,2007,2007/2008,England
Newcastle United,Abdoulaye Faye,29.0,Centre-Back,Bolton,€2.80m,in,Summer,2.8,Premier League,2007,2007/2008,England
Manchester City,Vedran Corluka,21.0,Centre-Back,Dinamo Zagreb,€13.00m,in,Summer,13.0,Premier League,2007,2007/2008,England
Manchester City,Rolando Bianchi,24.0,Centre-Forward,Reggina,€13.00m,in,Summer,13.0,Premier League,2007,2007/2008,England
Manchester City,Elano,26.0,Attacking Midfield,Shakhtar D.,€12.00m,in,Summer,12.0,Premier League,2007,2007/2008,England
Manchester City,Valeri Bozhinov,21.0,Centre-Forward,Fiorentina,€8.00m,in,Summer,8.0,Premier League,2007,2007/2008,England
Manchester City,Martin Petrov,28.0,Left Winger,Atlético Madrid,€7.00m,in,Summer,7.0,Premier League,2007,2007/2008,England
Manchester City,Gelson Fernandes,20.0,Defensive Midfield,FC Sion,€5.50m,in,Summer,5.5,Premier League,2007,2007/2008,England
Manchester City,Javier Garrido,22.0,Left-Back,Real Sociedad,€2.25m,in,Summer,2.25,Premier League,2007,2007/2008,England
West Ham United,Kieron Dyer,28.0,Right Midfield,Newcastle,€12.00m,in,Summer,12.0,Premier League,2007,2007/2008,England
West Ham United,Craig Bellamy,27.0,Left Winger,Liverpool,€11.25m,in,Summer,11.25,Premier League,2007,2007/2008,England
West Ham United,Scott Parker,26.0,Central Midfield,Newcastle,€10.25m,in,Summer,10.25,Premier League,2007,2007/2008,England
West Ham United,Julien Faubert,24.0,Right-Back,G. Bordeaux,€9.15m,in,Summer,9.15,Premier League,2007,2007/2008,England
West Ham United,Freddie Ljungberg,30.0,Right Midfield,Arsenal,€4.50m,in,Summer,4.5,Premier League,2007,2007/2008,England
Fulham FC,Diomansy Kamara,26.0,Right Winger,West Brom,€9.00m,in,Summer,9.0,Premier League,2007,2007/2008,England
Fulham FC,Steven Davis,22.0,Central Midfield,Aston Villa,€5.90m,in,Summer,5.9,Premier League,2007,2007/2008,England
Fulham FC,Hameur Bouazza,22.0,Right Winger,Watford,€4.50m,in,Summer,4.5,Premier League,2007,2007/2008,England
Fulham FC,Chris Baird,25.0,Defensive Midfield,Southampton,€4.50m,in,Summer,4.5,Premier League,2007,2007/2008,England
Fulham FC,Paul Konchesky,26.0,Left-Back,West Ham,€4.00m,in,Summer,4.0,Premier League,2007,2007/2008,England
Fulham FC,Lee Cook,24.0,Left Winger,QPR,€3.75m,in,Summer,3.75,Premier League,2007,2007/2008,England
Fulham FC,David Healy,27.0,Centre-Forward,Leeds,€2.25m,in,Summer,2.25,Premier League,2007,2007/2008,England
Fulham FC,Dejan Stefanovic,32.0,Centre-Back,Portsmouth,€1.50m,in,Summer,1.5,Premier League,2007,2007/2008,England
Fulham FC,Aaron Hughes,27.0,Centre-Back,Aston Villa,€1.50m,in,Summer,1.5,Premier League,2007,2007/2008,England
Fulham FC,Bruno Luz,18.0,Right Winger,Setúbal U19,€100Th.,in,Summer,0.1,Premier League,2007,2007/2008,England
Wigan Athletic,Jason Koumas,27.0,Attacking Midfield,West Brom,€6.90m,in,Summer,6.9,Premier League,2007,2007/2008,England
Wigan Athletic,Michael Brown,30.0,Central Midfield,Fulham,€1.30m,in,Summer,1.3,Premier League,2007,2007/2008,England
Wigan Athletic,Andreas Granqvist,22.0,Centre-Back,Helsingborg,€1.00m,in,Summer,1.0,Premier League,2007,2007/2008,England
Wigan Athletic,Rachid Bouaouzan,23.0,Left Midfield,Sparta R.,€450Th.,in,Summer,0.45,Premier League,2007,2007/2008,England
Derby County,Robert Earnshaw,26.0,Centre-Forward,Norwich,€5.20m,in,Summer,5.2,Premier League,2007,2007/2008,England
Derby County,Kenny Miller,27.0,Centre-Forward,Celtic,€4.50m,in,Summer,4.5,Premier League,2007,2007/2008,England
Derby County,Claude Davis,28.0,Centre-Back,Sheff Utd,€4.50m,in,Summer,4.5,Premier League,2007,2007/2008,England
Derby County,Benny Feilhaber,22.0,Central Midfield,Hamburger SV,€1.50m,in,Summer,1.5,Premier League,2007,2007/2008,England
Derby County,Andy Todd,32.0,Centre-Back,Blackburn,€675Th.,in,Summer,0.675,Premier League,2007,2007/2008,England
Derby County,Lewis Price,22.0,Goalkeeper,Ipswich,€350Th.,in,Summer,0.35,Premier League,2007,2007/2008,England
Derby County,Eddie Lewis,33.0,Left Midfield,Leeds,€300Th.,in,Summer,0.3,Premier League,2007,2007/2008,England
Sunderland AFC,Craig Gordon,24.0,Goalkeeper,Heart of Midl.,€10.82m,in,Summer,10.82,Premier League,2007,2007/2008,England
Sunderland AFC,Kenwyne Jones,22.0,Centre-Forward,Southampton,€9.00m,in,Summer,9.0,Premier League,2007,2007/2008,England
Sunderland AFC,Kieran Richardson,22.0,Left-Back,Man Utd,€8.20m,in,Summer,8.2,Premier League,2007,2007/2008,England
Sunderland AFC,Michael Chopra,23.0,Centre-Forward,Cardiff,€7.50m,in,Summer,7.5,Premier League,2007,2007/2008,England
Sunderland AFC,Greg Halford,22.0,Centre-Back,Reading,€5.20m,in,Summer,5.2,Premier League,2007,2007/2008,England
Sunderland AFC,Danny Higginbotham,28.0,Centre-Back,Stoke City,€3.75m,in,Summer,3.75,Premier League,2007,2007/2008,England
Sunderland AFC,Paul McShane,21.0,Centre-Back,West Brom,€3.75m,in,Summer,3.75,Premier League,2007,2007/2008,England
Sunderland AFC,Dickson Etuhu,25.0,Defensive Midfield,Norwich,€2.00m,in,Summer,2.0,Premier League,2007,2007/2008,England
Sunderland AFC,Russell Anderson,28.0,Centre-Back,Aberdeen FC,€1.50m,in,Summer,1.5,Premier League,2007,2007/2008,England
Sunderland AFC,Roy O'Donovan,21.0,Centre-Forward,Cork City,€500Th.,in,Summer,0.5,Premier League,2007,2007/2008,England
Birmingham City,Fabrice Muamba,19.0,Central Midfield,Arsenal,€6.00m,in,Summer,6.0,Premier League,2007,2007/2008,England
Birmingham City,Garry O'Connor,24.0,Centre-Forward,Loko Moscow,€4.00m,in,Summer,4.0,Premier League,2007,2007/2008,England
Birmingham City,Franck Queudrue,28.0,Left-Back,Fulham,€3.75m,in,Summer,3.75,Premier League,2007,2007/2008,England
Birmingham City,Liam Ridgewell,23.0,Centre-Back,Aston Villa,€3.00m,in,Summer,3.0,Premier League,2007,2007/2008,England
Birmingham City,Olivier Kapo,26.0,Attacking Midfield,Juventus,€2.30m,in,Summer,2.3,Premier League,2007,2007/2008,England
Birmingham City,Rafael,26.0,Centre-Back,LOSC Lille,Loan fee:€500Th.,in,Summer,0.5,Premier League,2007,2007/2008,England
Manchester United,Rodrigo Possebon,18.0,Central Midfield,Internacional,€3.50m,in,Winter,3.5,Premier League,2007,2007/2008,England
Manchester United,Rafael,17.0,Right-Back,Fluminense,€3.00m,in,Winter,3.0,Premier League,2007,2007/2008,England
Manchester United,Manucho,24.0,Centre-Forward,Petro Luanda,€1.00m,in,Winter,1.0,Premier League,2007,2007/2008,England
Chelsea FC,Nicolas Anelka,28.0,Centre-Forward,Bolton,€18.00m,in,Winter,18.0,Premier League,2007,2007/2008,England
Chelsea FC,Branislav Ivanovic,23.0,Centre-Back,Loko Moscow,€12.00m,in,Winter,12.0,Premier League,2007,2007/2008,England
Chelsea FC,Franco Di Santo,18.0,Centre-Forward,Audax Italiano,€4.50m,in,Winter,4.5,Premier League,2007,2007/2008,England
Liverpool FC,Martin Skrtel,23.0,Centre-Back,Zenit S-Pb,€10.00m,in,Winter,10.0,Premier League,2007,2007/2008,England
Tottenham Hotspur,Alan Hutton,23.0,Right-Back,Rangers,€13.00m,in,Winter,13.0,Premier League,2007,2007/2008,England
Tottenham Hotspur,Jonathan Woodgate,28.0,Centre-Back,Middlesbrough,€10.80m,in,Winter,10.8,Premier League,2007,2007/2008,England
Tottenham Hotspur,Chris Gunter,18.0,Right-Back,Cardiff,€3.20m,in,Winter,3.2,Premier League,2007,2007/2008,England
Tottenham Hotspur,Gilberto,31.0,Left Midfield,Hertha BSC,€2.80m,in,Winter,2.8,Premier League,2007,2007/2008,England
Everton FC,Dan Gosling,17.0,Central Midfield,Plymouth,€1.50m,in,Winter,1.5,Premier League,2007,2007/2008,England
Everton FC,Manuel Fernandes,21.0,Attacking Midfield,Valencia,Loan fee:€750Th.,in,Winter,0.75,Premier League,2007,2007/2008,England
Bolton Wanderers,Gary Cahill,22.0,Centre-Back,Aston Villa,€6.00m,in,Winter,6.0,Premier League,2007,2007/2008,England
Bolton Wanderers,Grétar Steinsson,25.0,Right-Back,AZ Alkmaar,€5.25m,in,Winter,5.25,Premier League,2007,2007/2008,England
Bolton Wanderers,Matthew Taylor,26.0,Left Midfield,Portsmouth,€4.70m,in,Winter,4.7,Premier League,2007,2007/2008,England
Bolton Wanderers,Tamir Cohen,23.0,Central Midfield,Maccabi Netanya,€800Th.,in,Winter,0.8,Premier League,2007,2007/2008,England
Reading FC,Marek Matejovsky,26.0,Central Midfield,Mlada Boleslav,€1.90m,in,Winter,1.9,Premier League,2007,2007/2008,England
Reading FC,Jimmy Kébé,24.0,Right Winger,RC Lens B,€1.80m,in,Winter,1.8,Premier League,2007,2007/2008,England
Portsmouth FC,Jermain Defoe,25.0,Centre-Forward,Spurs,€9.30m,in,Winter,9.3,Premier League,2007,2007/2008,England
Portsmouth FC,Lassana Diarra,22.0,Defensive Midfield,Arsenal,€7.00m,in,Winter,7.0,Premier League,2007,2007/2008,England
Portsmouth FC,Danijel Subotic,18.0,Centre-Forward,FC Basel U21,€400Th.,in,Winter,0.4,Premier League,2007,2007/2008,England
Portsmouth FC,Adda Djeziri,19.0,Second Striker,BK Frem,€30Th.,in,Winter,0.03,Premier League,2007,2007/2008,England
Aston Villa,Wayne Routledge,23.0,Left Winger,Spurs,€1.70m,in,Winter,1.7,Premier League,2007,2007/2008,England
Middlesbrough FC,Afonso Alves,26.0,Centre-Forward,Heerenveen,€17.00m,in,Winter,17.0,Premier League,2007,2007/2008,England
Newcastle United,Tamás Kádár,17.0,Centre-Back,Zalaegerszeg,€1.35m,in,Winter,1.35,Premier League,2007,2007/2008,England
Newcastle United,Ben Tozer,17.0,Centre-Back,Swindon Town,€300Th.,in,Winter,0.3,Premier League,2007,2007/2008,England
Manchester City,Felipe Caicedo,19.0,Centre-Forward,FC Basel,€7.00m,in,Winter,7.0,Premier League,2007,2007/2008,England
Manchester City,Benjani,29.0,Centre-Forward,Portsmouth,€5.20m,in,Winter,5.2,Premier League,2007,2007/2008,England
Manchester City,Nery Castillo,23.0,Right Winger,Shakhtar D.,Loan fee:€5.00m,in,Winter,5.0,Premier League,2007,2007/2008,England
Fulham FC,Leon Andreasen,24.0,Central Midfield,Werder Bremen,€4.30m,in,Winter,4.3,Premier League,2007,2007/2008,England
Fulham FC,Brede Hangeland,26.0,Centre-Back,FC Copenhagen,€3.30m,in,Winter,3.3,Premier League,2007,2007/2008,England
Fulham FC,Erik Nevland,30.0,Centre-Forward,FC Groningen,€3.00m,in,Winter,3.0,Premier League,2007,2007/2008,England
Fulham FC,Eddie Johnson,23.0,Centre-Forward,Wizards,€2.50m,in,Winter,2.5,Premier League,2007,2007/2008,England
Fulham FC,Toni Kallio,29.0,Centre-Back,BSC Young Boys,€330Th.,in,Winter,0.33,Premier League,2007,2007/2008,England
Wigan Athletic,Marlon King,27.0,Centre-Forward,Watford,€4.00m,in,Winter,4.0,Premier League,2007,2007/2008,England
Wigan Athletic,Antonio Valencia,22.0,Right-Back,Villarreal,€2.00m,in,Winter,2.0,Premier League,2007,2007/2008,England
Wigan Athletic,Wilson Palacios,23.0,Defensive Midfield,CD Olimpia,€1.30m,in,Winter,1.3,Premier League,2007,2007/2008,England
Wigan Athletic,Erik Edman,29.0,Left-Back,Stade Rennais,€700Th.,in,Winter,0.7,Premier League,2007,2007/2008,England
Wigan Athletic,Erik Hagen,32.0,Centre-Back,Zenit S-Pb,Loan fee:€250Th.,in,Winter,0.25,Premier League,2007,2007/2008,England
Derby County,Emanuel Villa,25.0,Centre-Forward,UAG Tecos,€3.00m,in,Winter,3.0,Premier League,2007,2007/2008,England
Derby County,Robbie Savage,33.0,Central Midfield,Blackburn,€2.25m,in,Winter,2.25,Premier League,2007,2007/2008,England
Derby County,Mile Sterjovski,28.0,Left Midfield,GB Oftasspor,€400Th.,in,Winter,0.4,Premier League,2007,2007/2008,England
Sunderland AFC,Andy Reid,25.0,Left Midfield,Charlton,€6.00m,in,Winter,6.0,Premier League,2007,2007/2008,England
Sunderland AFC,Phil Bardsley,22.0,Right-Back,Man Utd,€3.00m,in,Winter,3.0,Premier League,2007,2007/2008,England
Sunderland AFC,Rade Prica,27.0,Centre-Forward,Aalborg BK,€2.70m,in,Winter,2.7,Premier League,2007,2007/2008,England
Sunderland AFC,Jean-Yves M'voto,19.0,Centre-Back,Paris SG,€400Th.,in,Winter,0.4,Premier League,2007,2007/2008,England
Birmingham City,James McFadden,24.0,Second Striker,Everton,€7.50m,in,Winter,7.5,Premier League,2007,2007/2008,England
Birmingham City,David Murphy,23.0,Left-Back,Hibernian FC,€2.25m,in,Winter,2.25,Premier League,2007,2007/2008,England
Manchester United,Dimitar Berbatov,27.0,Centre-Forward,Spurs,€38.00m,in,Summer,38.0,Premier League,2008,2008/2009,England
Chelsea FC,Bosingwa,25.0,Right-Back,FC Porto,€20.50m,in,Summer,20.5,Premier League,2008,2008/2009,England
Chelsea FC,Deco,30.0,Attacking Midfield,Barcelona,€10.00m,in,Summer,10.0,Premier League,2008,2008/2009,England
Arsenal FC,Samir Nasri,21.0,Attacking Midfield,Marseille,€16.00m,in,Summer,16.0,Premier League,2008,2008/2009,England
Arsenal FC,Aaron Ramsey,17.0,Central Midfield,Cardiff,€6.40m,in,Summer,6.4,Premier League,2008,2008/2009,England
Arsenal FC,Mikaël Silvestre,31.0,Left-Back,Man Utd,€950Th.,in,Summer,0.95,Premier League,2008,2008/2009,England
Arsenal FC,Amaury Bischoff,21.0,Central Midfield,W. Bremen II,€300Th.,in,Summer,0.3,Premier League,2008,2008/2009,England
Liverpool FC,Robbie Keane,28.0,Centre-Forward,Spurs,€24.00m,in,Summer,24.0,Premier League,2008,2008/2009,England
Liverpool FC,Javier Mascherano,24.0,Defensive Midfield,West Ham,€22.50m,in,Summer,22.5,Premier League,2008,2008/2009,England
Liverpool FC,Albert Riera,26.0,Left Midfield,Espanyol,€9.80m,in,Summer,9.8,Premier League,2008,2008/2009,England
Liverpool FC,Andrea Dossena,26.0,Left Midfield,Udinese,€9.00m,in,Summer,9.0,Premier League,2008,2008/2009,England
Liverpool FC,Diego Cavalieri,25.0,Goalkeeper,Palmeiras,€4.40m,in,Summer,4.4,Premier League,2008,2008/2009,England
Liverpool FC,David N'Gog,19.0,Centre-Forward,Paris SG,€1.50m,in,Summer,1.5,Premier League,2008,2008/2009,England
Liverpool FC,Péter Gulácsi,18.0,Goalkeeper,MTK U19,€250Th.,in,Summer,0.25,Premier League,2008,2008/2009,England
Everton FC,Marouane Fellaini,20.0,Central Midfield,Standard Liège,€21.76m,in,Summer,21.76,Premier League,2008,2008/2009,England
Everton FC,Steven Pienaar,26.0,Left Winger,Bor. Dortmund,€2.75m,in,Summer,2.75,Premier League,2008,2008/2009,England
Everton FC,Segundo Castillo,26.0,Defensive Midfield,Red Star,Loan fee:€500Th.,in,Summer,0.5,Premier League,2008,2008/2009,England
Aston Villa,James Milner,22.0,Central Midfield,Newcastle,€15.00m,in,Summer,15.0,Premier League,2008,2008/2009,England
Aston Villa,Curtis Davies,23.0,Centre-Back,West Brom,€10.00m,in,Summer,10.0,Premier League,2008,2008/2009,England
Aston Villa,Carlos Cuéllar,26.0,Centre-Back,Rangers,€10.00m,in,Summer,10.0,Premier League,2008,2008/2009,England
Aston Villa,Steve Sidwell,25.0,Central Midfield,Chelsea,€6.30m,in,Summer,6.3,Premier League,2008,2008/2009,England
Aston Villa,Nicky Shorey,27.0,Left-Back,Reading,€4.40m,in,Summer,4.4,Premier League,2008,2008/2009,England
Aston Villa,Luke Young,29.0,Right-Back,Middlesbrough,€3.00m,in,Summer,3.0,Premier League,2008,2008/2009,England
Aston Villa,Brad Friedel,37.0,Goalkeeper,Blackburn,€2.50m,in,Summer,2.5,Premier League,2008,2008/2009,England
Aston Villa,Brad Guzan,23.0,Goalkeeper,Chivas USA,€1.00m,in,Summer,1.0,Premier League,2008,2008/2009,England
Blackburn Rovers,Paul Robinson,28.0,Goalkeeper,Spurs,€4.40m,in,Summer,4.4,Premier League,2008,2008/2009,England
Blackburn Rovers,Vince Grella,28.0,Central Midfield,Torino,€4.00m,in,Summer,4.0,Premier League,2008,2008/2009,England
Blackburn Rovers,Keith Andrews,27.0,Central Midfield,MK Dons,€930Th.,in,Summer,0.93,Premier League,2008,2008/2009,England
Blackburn Rovers,Mark Bunn,23.0,Goalkeeper,Northampton,€150Th.,in,Summer,0.15,Premier League,2008,2008/2009,England
Portsmouth FC,Peter Crouch,27.0,Centre-Forward,Liverpool,€13.70m,in,Summer,13.7,Premier League,2008,2008/2009,England
Portsmouth FC,Younès Kaboul,22.0,Centre-Back,Spurs,€6.25m,in,Summer,6.25,Premier League,2008,2008/2009,England
Manchester City,Robinho,24.0,Left Winger,Real Madrid,€43.00m,in,Summer,43.0,Premier League,2008,2008/2009,England
Manchester City,Jô,21.0,Centre-Forward,CSKA Moscow,€24.00m,in,Summer,24.0,Premier League,2008,2008/2009,England
Manchester City,Shaun Wright-Phillips,26.0,Right Winger,Chelsea,€11.25m,in,Summer,11.25,Premier League,2008,2008/2009,England
Manchester City,Pablo Zabaleta,23.0,Right-Back,Espanyol,€8.70m,in,Summer,8.7,Premier League,2008,2008/2009,England
Manchester City,Vincent Kompany,22.0,Centre-Back,Hamburger SV,€8.50m,in,Summer,8.5,Premier League,2008,2008/2009,England
Manchester City,Tal Ben Haim,26.0,Centre-Back,Chelsea,€6.40m,in,Summer,6.4,Premier League,2008,2008/2009,England
West Ham United,Valon Behrami,23.0,Defensive Midfield,Lazio,€6.30m,in,Summer,6.3,Premier League,2008,2008/2009,England
West Ham United,David Di Michele,32.0,Centre-Forward,Torino,Loan fee:€700Th.,in,Summer,0.7,Premier League,2008,2008/2009,England
Tottenham Hotspur,Luka Modric,22.0,Central Midfield,Dinamo Zagreb,€22.50m,in,Summer,22.5,Premier League,2008,2008/2009,England
Tottenham Hotspur,David Bentley,23.0,Right Midfield,Blackburn,€22.00m,in,Summer,22.0,Premier League,2008,2008/2009,England
Tottenham Hotspur,Roman Pavlyuchenko,26.0,Centre-Forward,Spartak Moscow,€17.40m,in,Summer,17.4,Premier League,2008,2008/2009,England
Tottenham Hotspur,Vedran Corluka,22.0,Centre-Back,Man City,€13.75m,in,Summer,13.75,Premier League,2008,2008/2009,England
Tottenham Hotspur,Heurelho Gomes,27.0,Goalkeeper,PSV Eindhoven,€9.00m,in,Summer,9.0,Premier League,2008,2008/2009,England
Tottenham Hotspur,Giovani dos Santos,19.0,Second Striker,Barcelona,€6.00m,in,Summer,6.0,Premier League,2008,2008/2009,England
Tottenham Hotspur,John Bostock,16.0,Central Midfield,Crystal Palace,€2.00m,in,Summer,2.0,Premier League,2008,2008/2009,England
Newcastle United,Fabricio Coloccini,26.0,Centre-Back,Dep. La Coruña,€13.00m,in,Summer,13.0,Premier League,2008,2008/2009,England
Newcastle United,Jonás Gutiérrez,24.0,Central Midfield,RCD Mallorca,€5.80m,in,Summer,5.8,Premier League,2008,2008/2009,England
Newcastle United,Xisco,22.0,Centre-Forward,Dep. La Coruña,€5.68m,in,Summer,5.68,Premier League,2008,2008/2009,England
Newcastle United,Danny Guthrie,21.0,Central Midfield,Liverpool,€4.30m,in,Summer,4.3,Premier League,2008,2008/2009,England
Newcastle United,Sébastien Bassong,21.0,Centre-Back,FC Metz,€1.80m,in,Summer,1.8,Premier League,2008,2008/2009,England
Middlesbrough FC,Didier Digard,21.0,Defensive Midfield,Paris SG,€5.00m,in,Summer,5.0,Premier League,2008,2008/2009,England
Middlesbrough FC,Marvin Emnes,20.0,Centre-Forward,Sparta R.,€4.00m,in,Summer,4.0,Premier League,2008,2008/2009,England
Middlesbrough FC,Justin Hoyte,23.0,Right-Back,Arsenal,€3.80m,in,Summer,3.8,Premier League,2008,2008/2009,England
Wigan Athletic,Lee Cattermole,20.0,Defensive Midfield,Middlesbrough,€4.40m,in,Summer,4.4,Premier League,2008,2008/2009,England
Wigan Athletic,Olivier Kapo,27.0,Attacking Midfield,Birmingham,€4.40m,in,Summer,4.4,Premier League,2008,2008/2009,England
Wigan Athletic,Amr Zaki,25.0,Centre-Forward,Zamalek,Loan fee:€2.00m,in,Summer,2.0,Premier League,2008,2008/2009,England
Sunderland AFC,Anton Ferdinand,23.0,Centre-Back,West Ham,€10.00m,in,Summer,10.0,Premier League,2008,2008/2009,England
Sunderland AFC,George McCartney,27.0,Left-Back,West Ham,€5.50m,in,Summer,5.5,Premier League,2008,2008/2009,England
Sunderland AFC,Steed Malbranque,28.0,Central Midfield,Spurs,€5.00m,in,Summer,5.0,Premier League,2008,2008/2009,England
Sunderland AFC,Pascal Chimbonda,29.0,Centre-Back,Spurs,€3.20m,in,Summer,3.2,Premier League,2008,2008/2009,England
Sunderland AFC,El-Hadji Diouf,27.0,Centre-Forward,Bolton,€3.20m,in,Summer,3.2,Premier League,2008,2008/2009,England
Sunderland AFC,Teemu Tainio,28.0,Defensive Midfield,Spurs,€3.00m,in,Summer,3.0,Premier League,2008,2008/2009,England
Sunderland AFC,David Healy,29.0,Centre-Forward,Fulham,€1.50m,in,Summer,1.5,Premier League,2008,2008/2009,England
Sunderland AFC,Djibril Cissé,27.0,Centre-Forward,Marseille,Loan fee:€1.50m,in,Summer,1.5,Premier League,2008,2008/2009,England
Sunderland AFC,David Meyler,19.0,Central Midfield,Cork City,€210Th.,in,Summer,0.21,Premier League,2008,2008/2009,England
Bolton Wanderers,Johan Elmander,27.0,Centre-Forward,Toulouse,€12.60m,in,Summer,12.6,Premier League,2008,2008/2009,England
Bolton Wanderers,Fabrice Muamba,20.0,Central Midfield,Birmingham,€6.40m,in,Summer,6.4,Premier League,2008,2008/2009,England
Bolton Wanderers,Danny Shittu,27.0,Centre-Back,Watford,€2.40m,in,Summer,2.4,Premier League,2008,2008/2009,England
Bolton Wanderers,Riga Mustapha,26.0,Right Winger,Levante,€400Th.,in,Summer,0.4,Premier League,2008,2008/2009,England
Fulham FC,Andy Johnson,27.0,Centre-Forward,Everton,€13.30m,in,Summer,13.3,Premier League,2008,2008/2009,England
Fulham FC,Bobby Zamora,27.0,Centre-Forward,West Ham,€4.10m,in,Summer,4.1,Premier League,2008,2008/2009,England
Fulham FC,John Paintsil,27.0,Right-Back,West Ham,€3.80m,in,Summer,3.8,Premier League,2008,2008/2009,England
Fulham FC,Fredrik Stoor Siekkinen,24.0,Right-Back,Rosenborg,€3.00m,in,Summer,3.0,Premier League,2008,2008/2009,England
Fulham FC,Dickson Etuhu,26.0,Defensive Midfield,Sunderland,€1.85m,in,Summer,1.85,Premier League,2008,2008/2009,England
Fulham FC,Julian Gray,28.0,Centre-Forward,Coventry,€400Th.,in,Summer,0.4,Premier League,2008,2008/2009,England
Fulham FC,David Stockdale,22.0,Goalkeeper,Darlington,€400Th.,in,Summer,0.4,Premier League,2008,2008/2009,England
West Bromwich Albion,Borja Valero,23.0,Central Midfield,RCD Mallorca,€5.90m,in,Summer,5.9,Premier League,2008,2008/2009,England
West Bromwich Albion,Scott Carson,22.0,Goalkeeper,Liverpool,€4.00m,in,Summer,4.0,Premier League,2008,2008/2009,England
West Bromwich Albion,Gianni Zuiverloon,21.0,Centre-Back,Heerenveen,€4.00m,in,Summer,4.0,Premier League,2008,2008/2009,England
West Bromwich Albion,Luke Moore,22.0,Centre-Forward,Aston Villa,€3.75m,in,Summer,3.75,Premier League,2008,2008/2009,England
West Bromwich Albion,Abdoulaye Méïté,27.0,Centre-Back,Bolton,€2.60m,in,Summer,2.6,Premier League,2008,2008/2009,England
West Bromwich Albion,Marek Cech,25.0,Left-Back,FC Porto,€1.80m,in,Summer,1.8,Premier League,2008,2008/2009,England
West Bromwich Albion,Jonas Olsson,25.0,Centre-Back,NEC Nijmegen,€1.00m,in,Summer,1.0,Premier League,2008,2008/2009,England
West Bromwich Albion,Do-heon Kim,25.0,Central Midfield,Seongnam Ilhwa,€720Th.,in,Summer,0.72,Premier League,2008,2008/2009,England
West Bromwich Albion,Graham Dorrans,21.0,Central Midfield,Livingston FC,€300Th.,in,Summer,0.3,Premier League,2008,2008/2009,England
Stoke City,Dave Kitson,28.0,Centre-Forward,Reading,€7.00m,in,Summer,7.0,Premier League,2008,2008/2009,England
Stoke City,Seyi Olofinjana,28.0,Central Midfield,Wolves,€3.80m,in,Summer,3.8,Premier League,2008,2008/2009,England
Stoke City,Ibrahima Sonko,27.0,Centre-Back,Reading,€3.00m,in,Summer,3.0,Premier League,2008,2008/2009,England
Stoke City,Michael Tonge,25.0,Central Midfield,Sheff Utd,€3.00m,in,Summer,3.0,Premier League,2008,2008/2009,England
Stoke City,Danny Higginbotham,29.0,Centre-Back,Sunderland,€3.00m,in,Summer,3.0,Premier League,2008,2008/2009,England
Stoke City,Abdoulaye Faye,30.0,Centre-Back,Newcastle,€2.90m,in,Summer,2.9,Premier League,2008,2008/2009,England
Stoke City,Andrew Davies,23.0,Centre-Back,Southampton,€1.90m,in,Summer,1.9,Premier League,2008,2008/2009,England
Stoke City,Tom Soares,22.0,Central Midfield,Crystal Palace,€1.90m,in,Summer,1.9,Premier League,2008,2008/2009,England
Stoke City,Amdy Faye,31.0,Defensive Midfield,Charlton,€450Th.,in,Summer,0.45,Premier League,2008,2008/2009,England
Hull City,Anthony Gardner,27.0,Centre-Back,Spurs,€3.20m,in,Summer,3.2,Premier League,2008,2008/2009,England
Hull City,Péter Halmosi,28.0,Left Midfield,Plymouth,€2.50m,in,Summer,2.5,Premier League,2008,2008/2009,England
Hull City,Daniel Cousin,31.0,Centre-Forward,Rangers,€1.90m,in,Summer,1.9,Premier League,2008,2008/2009,England
Hull City,George Boateng,32.0,Defensive Midfield,Middlesbrough,€1.20m,in,Summer,1.2,Premier League,2008,2008/2009,England
Hull City,Kamil Zayatte,23.0,Centre-Back,BSC Young Boys,Loan fee:€600Th.,in,Summer,0.6,Premier League,2008,2008/2009,England
Hull City,Mark Oxley,17.0,Goalkeeper,Rotherham,€195Th.,in,Summer,0.195,Premier League,2008,2008/2009,England
Manchester United,Zoran Tosic,21.0,Right Winger,Partizan,€7.00m,in,Winter,7.0,Premier League,2008,2008/2009,England
Manchester United,Ritchie De Laet,20.0,Centre-Back,Stoke City,€250Th.,in,Winter,0.25,Premier League,2008,2008/2009,England
Arsenal FC,Andrey Arshavin,27.0,Second Striker,Zenit S-Pb,€16.50m,in,Winter,16.5,Premier League,2008,2008/2009,England
Everton FC,Seamus Coleman,20.0,Right-Back,Sligo Rovers,€70Th.,in,Winter,0.07,Premier League,2008,2008/2009,England
Aston Villa,Emile Heskey,31.0,Centre-Forward,Wigan,€3.70m,in,Winter,3.7,Premier League,2008,2008/2009,England
Blackburn Rovers,El-Hadji Diouf,28.0,Centre-Forward,Sunderland,€2.20m,in,Winter,2.2,Premier League,2008,2008/2009,England
Portsmouth FC,Nadir Belhadj,26.0,Left-Back,Lens,€4.50m,in,Winter,4.5,Premier League,2008,2008/2009,England
Portsmouth FC,Hayden Mullins,29.0,Defensive Midfield,West Ham,€2.30m,in,Winter,2.3,Premier League,2008,2008/2009,England
Portsmouth FC,Theofanis Gekas,28.0,Centre-Forward,Bay. Leverkusen,Loan fee:€800Th.,in,Winter,0.8,Premier League,2008,2008/2009,England
Portsmouth FC,Pelé,21.0,Central Midfield,FC Porto,Loan fee:€650Th.,in,Winter,0.65,Premier League,2008,2008/2009,England
Manchester City,Nigel de Jong,24.0,Defensive Midfield,Hamburger SV,€18.00m,in,Winter,18.0,Premier League,2008,2008/2009,England
Manchester City,Craig Bellamy,29.0,Left Winger,West Ham,€15.50m,in,Winter,15.5,Premier League,2008,2008/2009,England
Manchester City,Wayne Bridge,28.0,Left-Back,Chelsea,€13.00m,in,Winter,13.0,Premier League,2008,2008/2009,England
Manchester City,Shay Given,32.0,Goalkeeper,Newcastle,€9.00m,in,Winter,9.0,Premier League,2008,2008/2009,England
West Ham United,Savio Nsereko,19.0,Right Winger,Brescia,€8.50m,in,Winter,8.5,Premier League,2008,2008/2009,England
West Ham United,Radoslav Kovac,29.0,Centre-Back,Spartak Moscow,Loan fee:€500Th.,in,Winter,0.5,Premier League,2008,2008/2009,England
Tottenham Hotspur,Robbie Keane,28.0,Centre-Forward,Liverpool,€16.70m,in,Winter,16.7,Premier League,2008,2008/2009,England
Tottenham Hotspur,Jermain Defoe,26.0,Centre-Forward,Portsmouth,€16.40m,in,Winter,16.4,Premier League,2008,2008/2009,England
Tottenham Hotspur,Wilson Palacios,24.0,Defensive Midfield,Wigan,€15.00m,in,Winter,15.0,Premier League,2008,2008/2009,England
Tottenham Hotspur,Pascal Chimbonda,29.0,Centre-Back,Sunderland,€3.20m,in,Winter,3.2,Premier League,2008,2008/2009,England
Newcastle United,Kevin Nolan,26.0,Attacking Midfield,Bolton,€4.50m,in,Winter,4.5,Premier League,2008,2008/2009,England
Newcastle United,Ryan Taylor,24.0,Right-Back,Wigan,€300Th.,in,Winter,0.3,Premier League,2008,2008/2009,England
Newcastle United,Haris Vuckic,16.0,Centre-Forward,NK Domzale,€100Th.,in,Winter,0.1,Premier League,2008,2008/2009,England
Wigan Athletic,Charles N'Zogbia,22.0,Right Winger,Newcastle,€6.40m,in,Winter,6.4,Premier League,2008,2008/2009,England
Wigan Athletic,Hugo Rodallega,23.0,Centre-Forward,Necaxa,€4.80m,in,Winter,4.8,Premier League,2008,2008/2009,England
Wigan Athletic,Ben Watson,23.0,Central Midfield,Crystal Palace,€2.10m,in,Winter,2.1,Premier League,2008,2008/2009,England
Bolton Wanderers,Ariza Makukula,27.0,Centre-Forward,Benfica,Loan fee:€800Th.,in,Winter,0.8,Premier League,2008,2008/2009,England
Bolton Wanderers,Mark Davies,20.0,Central Midfield,Wolves,€600Th.,in,Winter,0.6,Premier League,2008,2008/2009,England
Bolton Wanderers,Sébastien Puygrenier,26.0,Centre-Back,Zenit S-Pb,Loan fee:€500Th.,in,Winter,0.5,Premier League,2008,2008/2009,England
West Bromwich Albion,Youssouf Mulumbu,22.0,Defensive Midfield,Paris SG,Loan fee:€250Th.,in,Winter,0.25,Premier League,2008,2008/2009,England
Stoke City,James Beattie,30.0,Centre-Forward,Sheff Utd,€4.00m,in,Winter,4.0,Premier League,2008,2008/2009,England
Stoke City,Matthew Etherington,27.0,Left Midfield,West Ham,€3.00m,in,Winter,3.0,Premier League,2008,2008/2009,England
Hull City,Jimmy Bullard,30.0,Central Midfield,Fulham,€5.30m,in,Winter,5.3,Premier League,2008,2008/2009,England
Hull City,Kamil Zayatte,23.0,Centre-Back,BSC Young Boys,€2.50m,in,Winter,2.5,Premier League,2008,2008/2009,England
Hull City,Kevin Kilbane,31.0,Left Midfield,Wigan,€550Th.,in,Winter,0.55,Premier League,2008,2008/2009,England
Manchester United,Antonio Valencia,23.0,Right-Back,Wigan,€18.80m,in,Summer,18.8,Premier League,2009,2009/2010,England
Manchester United,Mame Diouf,21.0,Centre-Forward,Molde,€4.50m,in,Summer,4.5,Premier League,2009,2009/2010,England
Manchester United,Gabriel Obertan,20.0,Attacking Midfield,G. Bordeaux,€4.00m,in,Summer,4.0,Premier League,2009,2009/2010,England
Liverpool FC,Glen Johnson,24.0,Right-Back,Portsmouth,€20.50m,in,Summer,20.5,Premier League,2009,2009/2010,England
Liverpool FC,Alberto Aquilani,25.0,Central Midfield,AS Roma,€20.00m,in,Summer,20.0,Premier League,2009,2009/2010,England
Liverpool FC,Sotiris Kyrgiakos,30.0,Centre-Back,AEK Athens,€3.00m,in,Summer,3.0,Premier League,2009,2009/2010,England
Chelsea FC,Yuri Zhirkov,25.0,Left-Back,CSKA Moscow,€21.00m,in,Summer,21.0,Premier League,2009,2009/2010,England
Chelsea FC,Daniel Sturridge,19.0,Centre-Forward,Man City,€7.25m,in,Summer,7.25,Premier League,2009,2009/2010,England
Chelsea FC,Nemanja Matić,21.0,Defensive Midfield,MFK Košice,€1.75m,in,Summer,1.75,Premier League,2009,2009/2010,England
Arsenal FC,Thomas Vermaelen,23.0,Centre-Back,Ajax,€12.00m,in,Summer,12.0,Premier League,2009,2009/2010,England
Everton FC,Diniyar Bilyaletdinov,24.0,Attacking Midfield,Loko Moscow,€10.00m,in,Summer,10.0,Premier League,2009,2009/2010,England
Everton FC,Johnny Heitinga,25.0,Centre-Back,Atlético Madrid,€6.80m,in,Summer,6.8,Premier League,2009,2009/2010,England
Everton FC,Sylvain Distin,31.0,Centre-Back,Portsmouth,€6.50m,in,Summer,6.5,Premier League,2009,2009/2010,England
Aston Villa,Stewart Downing,24.0,Left Midfield,Middlesbrough,€13.00m,in,Summer,13.0,Premier League,2009,2009/2010,England
Aston Villa,Fabian Delph,19.0,Central Midfield,Leeds,€9.50m,in,Summer,9.5,Premier League,2009,2009/2010,England
Aston Villa,Stephen Warnock,27.0,Left-Back,Blackburn,€9.00m,in,Summer,9.0,Premier League,2009,2009/2010,England
Aston Villa,Richard Dunne,29.0,Centre-Back,Man City,€6.80m,in,Summer,6.8,Premier League,2009,2009/2010,England
Aston Villa,James Collins,26.0,Centre-Back,West Ham,€5.70m,in,Summer,5.7,Premier League,2009,2009/2010,England
Aston Villa,Habib Bèye,31.0,Right-Back,Newcastle,€2.90m,in,Summer,2.9,Premier League,2009,2009/2010,England
Fulham FC,Damien Duff,30.0,Right Midfield,Newcastle,€4.00m,in,Summer,4.0,Premier League,2009,2009/2010,England
Fulham FC,Björn Helge Riise,26.0,Right Midfield,Lillestrøm,€2.00m,in,Summer,2.0,Premier League,2009,2009/2010,England
Fulham FC,David Elm,26.0,Centre-Forward,Kalmar FF,€600Th.,in,Summer,0.6,Premier League,2009,2009/2010,England
Fulham FC,Kagisho Dikgacoi,24.0,Central Midfield,Golden Arrows,€300Th.,in,Summer,0.3,Premier League,2009,2009/2010,England
Fulham FC,Stefan Payne,17.0,Centre-Forward,Sutton Utd,€30Th.,in,Summer,0.03,Premier League,2009,2009/2010,England
Tottenham Hotspur,Peter Crouch,28.0,Centre-Forward,Portsmouth,€10.50m,in,Summer,10.5,Premier League,2009,2009/2010,England
Tottenham Hotspur,Sébastien Bassong,23.0,Centre-Back,Newcastle,€9.30m,in,Summer,9.3,Premier League,2009,2009/2010,England
Tottenham Hotspur,Kyle Naughton,20.0,Right-Back,Sheff Utd,€5.90m,in,Summer,5.9,Premier League,2009,2009/2010,England
Tottenham Hotspur,Kyle Walker,19.0,Right-Back,Sheff Utd,€5.90m,in,Summer,5.9,Premier League,2009,2009/2010,England
Tottenham Hotspur,Niko Kranjcar,25.0,Attacking Midfield,Portsmouth,€2.80m,in,Summer,2.8,Premier League,2009,2009/2010,England
West Ham United,Alessandro Diamanti,26.0,Attacking Midfield,AS Livorno,€6.80m,in,Summer,6.8,Premier League,2009,2009/2010,England
West Ham United,Radoslav Kovac,29.0,Centre-Back,Spartak Moscow,€3.80m,in,Summer,3.8,Premier League,2009,2009/2010,England
West Ham United,Hérita Ilunga,27.0,Left-Back,Toulouse,€3.50m,in,Summer,3.5,Premier League,2009,2009/2010,England
West Ham United,Manuel da Costa,23.0,Centre-Back,Fiorentina,€2.70m,in,Summer,2.7,Premier League,2009,2009/2010,England
West Ham United,Fabio Daprelà,18.0,Centre-Back,Grasshoppers,€1.20m,in,Summer,1.2,Premier League,2009,2009/2010,England
West Ham United,Luis Jiménez,25.0,Attacking Midfield,Inter,Loan fee:€600Th.,in,Summer,0.6,Premier League,2009,2009/2010,England
West Ham United,Péter Kurucz,21.0,Goalkeeper,Újpest FC,€450Th.,in,Summer,0.45,Premier League,2009,2009/2010,England
Manchester City,Carlos Tévez,25.0,Second Striker,West Ham,€29.00m,in,Summer,29.0,Premier League,2009,2009/2010,England
Manchester City,Emmanuel Adebayor,25.0,Centre-Forward,Arsenal,€29.00m,in,Summer,29.0,Premier League,2009,2009/2010,England
Manchester City,Joleon Lescott,27.0,Centre-Back,Everton,€27.50m,in,Summer,27.5,Premier League,2009,2009/2010,England
Manchester City,Roque Santa Cruz,27.0,Centre-Forward,Blackburn,€21.20m,in,Summer,21.2,Premier League,2009,2009/2010,England
Manchester City,Kolo Touré,28.0,Centre-Back,Arsenal,€18.70m,in,Summer,18.7,Premier League,2009,2009/2010,England
Manchester City,Gareth Barry,28.0,Defensive Midfield,Aston Villa,€13.90m,in,Summer,13.9,Premier League,2009,2009/2010,England
Wigan Athletic,James McCarthy,18.0,Central Midfield,Hamilton Acad.,€5.10m,in,Summer,5.1,Premier League,2009,2009/2010,England
Wigan Athletic,Mohamed Diamé,22.0,Defensive Midfield,Rayo Vallecano,€3.00m,in,Summer,3.0,Premier League,2009,2009/2010,England
Wigan Athletic,Jordi Gómez,24.0,Central Midfield,Espanyol,€2.45m,in,Summer,2.45,Premier League,2009,2009/2010,England
Wigan Athletic,Jason Scotland,30.0,Centre-Forward,Swansea,€2.30m,in,Summer,2.3,Premier League,2009,2009/2010,England
Wigan Athletic,Antonio Amaya,26.0,Centre-Back,Rayo Vallecano,€800Th.,in,Summer,0.8,Premier League,2009,2009/2010,England
Stoke City,Robert Huth,24.0,Centre-Back,Middlesbrough,€7.00m,in,Summer,7.0,Premier League,2009,2009/2010,England
Stoke City,Tuncay Sanli,27.0,Left Winger,Middlesbrough,€5.70m,in,Summer,5.7,Premier League,2009,2009/2010,England
Stoke City,Dean Whitehead,27.0,Central Midfield,Sunderland,€3.50m,in,Summer,3.5,Premier League,2009,2009/2010,England
Stoke City,Danny Collins,29.0,Centre-Back,Sunderland,€3.10m,in,Summer,3.1,Premier League,2009,2009/2010,England
Stoke City,Diego Arismendi,21.0,Defensive Midfield,Nacional,€3.00m,in,Summer,3.0,Premier League,2009,2009/2010,England
Bolton Wanderers,Zat Knight,29.0,Centre-Back,Aston Villa,€4.70m,in,Summer,4.7,Premier League,2009,2009/2010,England
Bolton Wanderers,Chung-yong Lee,21.0,Right Winger,FC Seoul,€2.50m,in,Summer,2.5,Premier League,2009,2009/2010,England
Bolton Wanderers,Sam Ricketts,27.0,Right-Back,Hull City,€2.40m,in,Summer,2.4,Premier League,2009,2009/2010,England
Bolton Wanderers,Mark Connolly,17.0,Centre-Back,Wolves U18,€1.20m,in,Summer,1.2,Premier League,2009,2009/2010,England
Portsmouth FC,Kevin-Prince Boateng,22.0,Attacking Midfield,Spurs,€4.50m,in,Summer,4.5,Premier League,2009,2009/2010,England
Portsmouth FC,Mike Williamson,25.0,Centre-Back,Watford,€2.30m,in,Summer,2.3,Premier League,2009,2009/2010,England
Portsmouth FC,Tommy Smith,29.0,Centre-Forward,Watford,€2.00m,in,Summer,2.0,Premier League,2009,2009/2010,England
Portsmouth FC,Aruna Dindane,28.0,Second Striker,Lens,Loan fee:€500Th.,in,Summer,0.5,Premier League,2009,2009/2010,England
Portsmouth FC,Frédéric Piquionne,30.0,Centre-Forward,Olympique Lyon,Loan fee:€500Th.,in,Summer,0.5,Premier League,2009,2009/2010,England
Portsmouth FC,Hassan Yebda,25.0,Central Midfield,Benfica,Loan fee:€480Th.,in,Summer,0.48,Premier League,2009,2009/2010,England
Blackburn Rovers,Nikola Kalinic,21.0,Centre-Forward,Hajduk Split,€7.00m,in,Summer,7.0,Premier League,2009,2009/2010,England
Blackburn Rovers,Gaël Givet,27.0,Centre-Back,Marseille,€4.00m,in,Summer,4.0,Premier League,2009,2009/2010,England
Blackburn Rovers,Pascal Chimbonda,30.0,Centre-Back,Spurs,€1.70m,in,Summer,1.7,Premier League,2009,2009/2010,England
Blackburn Rovers,Steven Nzonzi,20.0,Defensive Midfield,Amiens SC,€580Th.,in,Summer,0.58,Premier League,2009,2009/2010,England
Sunderland AFC,Michael Turner,25.0,Centre-Back,Hull City,€13.60m,in,Summer,13.6,Premier League,2009,2009/2010,England
Sunderland AFC,Darren Bent,25.0,Centre-Forward,Spurs,€11.80m,in,Summer,11.8,Premier League,2009,2009/2010,England
Sunderland AFC,Lee Cattermole,21.0,Defensive Midfield,Wigan,€7.00m,in,Summer,7.0,Premier League,2009,2009/2010,England
Sunderland AFC,Lorik Cana,25.0,Defensive Midfield,Marseille,€5.80m,in,Summer,5.8,Premier League,2009,2009/2010,England
Sunderland AFC,Fraizer Campbell,21.0,Centre-Forward,Man Utd,€4.10m,in,Summer,4.1,Premier League,2009,2009/2010,England
Sunderland AFC,John Mensah,26.0,Centre-Back,Olympique Lyon,Loan fee:€1.50m,in,Summer,1.5,Premier League,2009,2009/2010,England
Hull City,Stephen Hunt,28.0,Left Midfield,Reading,€4.00m,in,Summer,4.0,Premier League,2009,2009/2010,England
Hull City,Seyi Olofinjana,29.0,Central Midfield,Stoke City,€3.50m,in,Summer,3.5,Premier League,2009,2009/2010,England
Hull City,Paul McShane,23.0,Centre-Back,Sunderland,€2.50m,in,Summer,2.5,Premier League,2009,2009/2010,England
Hull City,Steven Mouyokolo,22.0,Centre-Back,US Boulogne,€2.15m,in,Summer,2.15,Premier League,2009,2009/2010,England
Hull City,Kamel Ghilas,25.0,Second Striker,Celta de Vigo,€2.00m,in,Summer,2.0,Premier League,2009,2009/2010,England
Wolverhampton Wanderers,Kevin Doyle,25.0,Centre-Forward,Reading,€7.60m,in,Summer,7.6,Premier League,2009,2009/2010,England
Wolverhampton Wanderers,Ronald Zubar,23.0,Centre-Back,Marseille,€3.00m,in,Summer,3.0,Premier League,2009,2009/2010,England
Wolverhampton Wanderers,Nenad Milijas,26.0,Central Midfield,Red Star,€2.80m,in,Summer,2.8,Premier League,2009,2009/2010,England
Wolverhampton Wanderers,Greg Halford,24.0,Centre-Back,Sunderland,€2.40m,in,Summer,2.4,Premier League,2009,2009/2010,England
Wolverhampton Wanderers,Stefan Maierhofer,27.0,Centre-Forward,Rapid Vienna,€2.00m,in,Summer,2.0,Premier League,2009,2009/2010,England
Wolverhampton Wanderers,Andrew Surman,22.0,Central Midfield,Southampton,€1.40m,in,Summer,1.4,Premier League,2009,2009/2010,England
Wolverhampton Wanderers,Segundo Castillo,27.0,Defensive Midfield,Red Star,Loan fee:€250Th.,in,Summer,0.25,Premier League,2009,2009/2010,England
Birmingham City,Roger Johnson,26.0,Centre-Back,Cardiff,€5.90m,in,Summer,5.9,Premier League,2009,2009/2010,England
Birmingham City,Scott Dann,22.0,Centre-Back,Coventry,€4.00m,in,Summer,4.0,Premier League,2009,2009/2010,England
Birmingham City,Barry Ferguson,31.0,Defensive Midfield,Rangers,€1.20m,in,Summer,1.2,Premier League,2009,2009/2010,England
Birmingham City,Joe Hart,22.0,Goalkeeper,Man City,Loan fee:€1.15m,in,Summer,1.15,Premier League,2009,2009/2010,England
Birmingham City,Christian Benítez,23.0,Centre-Forward,Santos Laguna,Loan fee:€900Th.,in,Summer,0.9,Premier League,2009,2009/2010,England
Birmingham City,Jay O'Shea,20.0,Central Midfield,Galway United,€100Th.,in,Summer,0.1,Premier League,2009,2009/2010,England
Burnley FC,Steven Fletcher,22.0,Centre-Forward,Hibernian FC,€4.70m,in,Summer,4.7,Premier League,2009,2009/2010,England
Burnley FC,André Bikey,24.0,defence,Reading,€3.25m,in,Summer,3.25,Premier League,2009,2009/2010,England
Burnley FC,Tyrone Mears,26.0,Right-Back,Derby,€590Th.,in,Summer,0.59,Premier League,2009,2009/2010,England
Burnley FC,Brian Easton,21.0,Left-Back,Hamilton Acad.,€400Th.,in,Summer,0.4,Premier League,2009,2009/2010,England
Burnley FC,David Edgar,22.0,Centre-Back,Newcastle,€350Th.,in,Summer,0.35,Premier League,2009,2009/2010,England
Fulham FC,Stefano Okaka,20.0,Centre-Forward,AS Roma,Loan fee:€175Th.,in,Winter,0.175,Premier League,2009,2009/2010,England
Tottenham Hotspur,Younès Kaboul,23.0,Centre-Back,Portsmouth,€5.90m,in,Winter,5.9,Premier League,2009,2009/2010,England
West Ham United,Benni McCarthy,32.0,Centre-Forward,Blackburn,€2.60m,in,Winter,2.6,Premier League,2009,2009/2010,England
Manchester City,Adam Johnson,22.0,Right Winger,Middlesbrough,€8.00m,in,Winter,8.0,Premier League,2009,2009/2010,England
Wigan Athletic,Victor Moses,19.0,Right Midfield,Crystal Palace,€3.00m,in,Winter,3.0,Premier League,2009,2009/2010,England
Wigan Athletic,Gary Caldwell,27.0,Centre-Back,Celtic,€1.10m,in,Winter,1.1,Premier League,2009,2009/2010,England
Wigan Athletic,Marcelo Moreno,22.0,Centre-Forward,Shakhtar D.,Loan fee:€685Th.,in,Winter,0.685,Premier League,2009,2009/2010,England
Stoke City,Asmir Begovic,22.0,Goalkeeper,Portsmouth,€3.75m,in,Winter,3.75,Premier League,2009,2009/2010,England
Bolton Wanderers,Paul Robinson,31.0,Centre-Back,West Brom,€1.20m,in,Winter,1.2,Premier League,2009,2009/2010,England
Portsmouth FC,Quincy Owusu-Abeyie,23.0,Left Winger,Spartak Moscow,Loan fee:€280Th.,in,Winter,0.28,Premier League,2009,2009/2010,England
Sunderland AFC,Matthew Kilgallon,26.0,Centre-Back,Sheff Utd,€2.30m,in,Winter,2.3,Premier League,2009,2009/2010,England
Hull City,Amr Zaki,26.0,Centre-Forward,Zamalek,Loan fee:€700Th.,in,Winter,0.7,Premier League,2009,2009/2010,England
Birmingham City,Craig Gardner,23.0,Central Midfield,Aston Villa,€3.50m,in,Winter,3.5,Premier League,2009,2009/2010,England
Birmingham City,Míchel Madera,24.0,Central Midfield,Sporting Gijón,€3.30m,in,Winter,3.3,Premier League,2009,2009/2010,England
Burnley FC,Danny Fox,23.0,Left-Back,Celtic,€2.10m,in,Winter,2.1,Premier League,2009,2009/2010,England
Burnley FC,Leon Cort,30.0,Centre-Back,Stoke City,€1.80m,in,Winter,1.8,Premier League,2009,2009/2010,England
Burnley FC,Kevin Long,19.0,Centre-Back,Cork City,€350Th.,in,Winter,0.35,Premier League,2009,2009/2010,England
Aston Villa,Stephen Ireland,23.0,Attacking Midfield,Man City,€9.70m,in,Summer,9.7,Premier League,2010,2010/2011,England
Blackpool FC,DJ Campbell,28.0,Centre-Forward,Leicester,€1.50m,in,Summer,1.5,Premier League,2010,2010/2011,England
Blackpool FC,Elliot Grandin,22.0,Attacking Midfield,CSKA Sofia,€1.50m,in,Summer,1.5,Premier League,2010,2010/2011,England
Blackpool FC,Chris Basham,21.0,Centre-Back,Bolton,€1.40m,in,Summer,1.4,Premier League,2010,2010/2011,England
Blackpool FC,Craig Cathcart,21.0,Centre-Back,Man Utd Res.,€625Th.,in,Summer,0.625,Premier League,2010,2010/2011,England
Blackpool FC,Matt Phillips,19.0,Right Winger,Wycombe,€400Th.,in,Summer,0.4,Premier League,2010,2010/2011,England
Wigan Athletic,Ronnie Stam,26.0,Right-Back,Twente FC,€4.00m,in,Summer,4.0,Premier League,2010,2010/2011,England
Wigan Athletic,Mauro Boselli,25.0,Centre-Forward,Estudiantes,€3.70m,in,Summer,3.7,Premier League,2010,2010/2011,England
Wigan Athletic,Franco Di Santo,21.0,Centre-Forward,Chelsea,€2.40m,in,Summer,2.4,Premier League,2010,2010/2011,England
Wigan Athletic,James McArthur,22.0,Central Midfield,Hamilton Acad.,€600Th.,in,Summer,0.6,Premier League,2010,2010/2011,England
Manchester United,Bebé,20.0,Left Winger,Vit. Guimarães,€8.80m,in,Summer,8.8,Premier League,2010,2010/2011,England
Manchester United,Chris Smalling,20.0,Centre-Back,Fulham,€8.00m,in,Summer,8.0,Premier League,2010,2010/2011,England
Manchester United,Chicharito,22.0,Centre-Forward,Chivas,€7.50m,in,Summer,7.5,Premier League,2010,2010/2011,England
West Bromwich Albion,Marc-Antoine Fortuné,29.0,Centre-Forward,Celtic,€3.00m,in,Summer,3.0,Premier League,2010,2010/2011,England
West Bromwich Albion,Somen Tchoyi,27.0,Attacking Midfield,RB Salzburg,€3.00m,in,Summer,3.0,Premier League,2010,2010/2011,England
West Bromwich Albion,Peter Odemwingie,29.0,Right Winger,Loko Moscow,€3.00m,in,Summer,3.0,Premier League,2010,2010/2011,England
West Bromwich Albion,Nicky Shorey,29.0,Left-Back,Aston Villa,€1.80m,in,Summer,1.8,Premier League,2010,2010/2011,England
West Bromwich Albion,Boaz Myhill,27.0,Goalkeeper,Hull City,€1.80m,in,Summer,1.8,Premier League,2010,2010/2011,England
West Bromwich Albion,Gabriel Tamas,26.0,Centre-Back,AJ Auxerre,€930Th.,in,Summer,0.93,Premier League,2010,2010/2011,England
West Bromwich Albion,Craig Dawson,20.0,Centre-Back,Rochdale,€300Th.,in,Summer,0.3,Premier League,2010,2010/2011,England
Fulham FC,Mousa Dembélé,23.0,Central Midfield,AZ Alkmaar,€6.00m,in,Summer,6.0,Premier League,2010,2010/2011,England
Fulham FC,Rafik Halliche,23.0,Centre-Back,Benfica,€2.50m,in,Summer,2.5,Premier League,2010,2010/2011,England
Fulham FC,Carlos Salcido,30.0,Centre-Back,PSV Eindhoven,€1.95m,in,Summer,1.95,Premier League,2010,2010/2011,England
Newcastle United,Cheik Tioté,24.0,Defensive Midfield,Twente FC,€4.28m,in,Summer,4.28,Premier League,2010,2010/2011,England
Newcastle United,Hatem Ben Arfa,23.0,Attacking Midfield,Marseille,Loan fee:€2.50m,in,Summer,2.5,Premier League,2010,2010/2011,England
Newcastle United,James Perch,24.0,Defensive Midfield,Nottm Forest,€1.20m,in,Summer,1.2,Premier League,2010,2010/2011,England
Chelsea FC,Ramires,23.0,Central Midfield,Benfica,€22.00m,in,Summer,22.0,Premier League,2010,2010/2011,England
Chelsea FC,Yossi Benayoun,30.0,Right Winger,Liverpool,€7.00m,in,Summer,7.0,Premier League,2010,2010/2011,England
Chelsea FC,Tomas Kalas,17.0,Centre-Back,Sigma Olomouc,€6.00m,in,Summer,6.0,Premier League,2010,2010/2011,England
Chelsea FC,Matej Delac,17.0,Goalkeeper,Inter Zapresic,€3.00m,in,Summer,3.0,Premier League,2010,2010/2011,England
Wolverhampton Wanderers,Steven Fletcher,23.0,Centre-Forward,Burnley,€7.20m,in,Summer,7.2,Premier League,2010,2010/2011,England
Wolverhampton Wanderers,Stephen Hunt,28.0,Left Midfield,Hull City,€3.60m,in,Summer,3.6,Premier League,2010,2010/2011,England
Wolverhampton Wanderers,Jelle Van Damme,26.0,Centre-Back,RSC Anderlecht,€3.25m,in,Summer,3.25,Premier League,2010,2010/2011,England
Wolverhampton Wanderers,Steven Mouyokolo,23.0,Centre-Back,Hull City,€3.00m,in,Summer,3.0,Premier League,2010,2010/2011,England
Wolverhampton Wanderers,Adlène Guédioura,24.0,Central Midfield,RSC Charleroi,€2.30m,in,Summer,2.3,Premier League,2010,2010/2011,England
Wolverhampton Wanderers,Matt Doherty,18.0,Right-Back,Bohemians,€90Th.,in,Summer,0.09,Premier League,2010,2010/2011,England
Stoke City,Kenwyne Jones,25.0,Centre-Forward,Sunderland,€9.70m,in,Summer,9.7,Premier League,2010,2010/2011,England
Stoke City,Marc Wilson,23.0,Centre-Back,Portsmouth,€3.60m,in,Summer,3.6,Premier League,2010,2010/2011,England
Stoke City,Jonathan Walters,26.0,Right Winger,Ipswich,€3.30m,in,Summer,3.3,Premier League,2010,2010/2011,England
Stoke City,Eidur Gudjohnsen,31.0,Centre-Forward,Monaco,€2.50m,in,Summer,2.5,Premier League,2010,2010/2011,England
Arsenal FC,Laurent Koscielny,24.0,Centre-Back,FC Lorient,€12.50m,in,Summer,12.5,Premier League,2010,2010/2011,England
Arsenal FC,Sébastien Squillaci,30.0,Centre-Back,Sevilla FC,€6.50m,in,Summer,6.5,Premier League,2010,2010/2011,England
West Ham United,Pablo Barrera,23.0,Right Winger,UNAM Pumas,€4.80m,in,Summer,4.8,Premier League,2010,2010/2011,England
West Ham United,Winston Reid,22.0,Centre-Back,FC Midtjylland,€4.20m,in,Summer,4.2,Premier League,2010,2010/2011,England
West Ham United,Frédéric Piquionne,31.0,Centre-Forward,Olympique Lyon,€1.20m,in,Summer,1.2,Premier League,2010,2010/2011,England
West Ham United,Ruud Boffin,22.0,Goalkeeper,MVV Maastricht,€300Th.,in,Summer,0.3,Premier League,2010,2010/2011,England
Bolton Wanderers,Marcos Alonso,19.0,Left-Back,RM Castilla,€2.40m,in,Summer,2.4,Premier League,2010,2010/2011,England
Bolton Wanderers,Tom Eaves,18.0,Centre-Forward,Oldham Athletic,€245Th.,in,Summer,0.245,Premier League,2010,2010/2011,England
Birmingham City,Ben Foster,27.0,Goalkeeper,Man Utd,€7.00m,in,Summer,7.0,Premier League,2010,2010/2011,England
Birmingham City,Nikola Zigic,29.0,Centre-Forward,Valencia,€7.00m,in,Summer,7.0,Premier League,2010,2010/2011,England
Birmingham City,Jean Beausejour,26.0,Left-Back,América,€4.80m,in,Summer,4.8,Premier League,2010,2010/2011,England
Birmingham City,Aleksandr Hleb,29.0,Attacking Midfield,Barcelona,Loan fee:€1.20m,in,Summer,1.2,Premier League,2010,2010/2011,England
Birmingham City,Martin Jiranek,31.0,Centre-Back,Spartak Moscow,€600Th.,in,Summer,0.6,Premier League,2010,2010/2011,England
Birmingham City,Matt Derbyshire,24.0,Centre-Forward,Olympiacos,Loan fee:€600Th.,in,Summer,0.6,Premier League,2010,2010/2011,England
Sunderland AFC,Asamoah Gyan,24.0,Centre-Forward,Stade Rennais,€16.00m,in,Summer,16.0,Premier League,2010,2010/2011,England
Sunderland AFC,Simon Mignolet,22.0,Goalkeeper,Sint-Truiden,€2.50m,in,Summer,2.5,Premier League,2010,2010/2011,England
Sunderland AFC,Marcos Angeleri,27.0,Centre-Back,Estudiantes,€1.80m,in,Summer,1.8,Premier League,2010,2010/2011,England
Sunderland AFC,Titus Bramble,28.0,Centre-Back,Wigan,€1.20m,in,Summer,1.2,Premier League,2010,2010/2011,England
Sunderland AFC,Ahmed Elmohamady,22.0,Right-Back,Enppi SC,Loan fee:€600Th.,in,Summer,0.6,Premier League,2010,2010/2011,England
Manchester City,Yaya Touré,27.0,Central Midfield,Barcelona,€30.00m,in,Summer,30.0,Premier League,2010,2010/2011,England
Manchester City,Mario Balotelli,20.0,Centre-Forward,Inter,€29.50m,in,Summer,29.5,Premier League,2010,2010/2011,England
Manchester City,David Silva,24.0,Attacking Midfield,Valencia,€28.75m,in,Summer,28.75,Premier League,2010,2010/2011,England
Manchester City,Aleksandar Kolarov,24.0,Left-Back,Lazio,€23.86m,in,Summer,23.86,Premier League,2010,2010/2011,England
Manchester City,James Milner,24.0,Central Midfield,Aston Villa,€22.00m,in,Summer,22.0,Premier League,2010,2010/2011,England
Manchester City,Jérôme Boateng,21.0,Centre-Back,Hamburger SV,€12.50m,in,Summer,12.5,Premier League,2010,2010/2011,England
Tottenham Hotspur,Rafael van der Vaart,27.0,Attacking Midfield,Real Madrid,€10.50m,in,Summer,10.5,Premier League,2010,2010/2011,England
Tottenham Hotspur,Sandro,21.0,Defensive Midfield,Internacional,€10.00m,in,Summer,10.0,Premier League,2010,2010/2011,England
Tottenham Hotspur,Stipe Pletikosa,31.0,Goalkeeper,Spartak Moscow,Loan fee:€700Th.,in,Summer,0.7,Premier League,2010,2010/2011,England
Liverpool FC,Raúl Meireles,27.0,Central Midfield,FC Porto,€13.00m,in,Summer,13.0,Premier League,2010,2010/2011,England
Liverpool FC,Christian Poulsen,30.0,Defensive Midfield,Juventus,€5.48m,in,Summer,5.48,Premier League,2010,2010/2011,England
Liverpool FC,Paul Konchesky,29.0,Left-Back,Fulham,€4.20m,in,Summer,4.2,Premier League,2010,2010/2011,England
Liverpool FC,Brad Jones,28.0,Goalkeeper,Middlesbrough,€2.80m,in,Summer,2.8,Premier League,2010,2010/2011,England
Liverpool FC,Danny Wilson,18.0,Centre-Back,Rangers,€2.75m,in,Summer,2.75,Premier League,2010,2010/2011,England
Liverpool FC,Jonjo Shelvey,18.0,Central Midfield,Charlton,€2.00m,in,Summer,2.0,Premier League,2010,2010/2011,England
Everton FC,Magaye Gueye,19.0,Centre-Forward,R. Strasbourg,€1.40m,in,Summer,1.4,Premier League,2010,2010/2011,England
Aston Villa,Darren Bent,26.0,Centre-Forward,Sunderland,€21.50m,in,Winter,21.5,Premier League,2010,2010/2011,England
Aston Villa,Jean II Makoun,27.0,Defensive Midfield,Olympique Lyon,€6.20m,in,Winter,6.2,Premier League,2010,2010/2011,England
Blackpool FC,Sergey Kornilenko,27.0,Centre-Forward,Zenit S-Pb,Loan fee:€300Th.,in,Winter,0.3,Premier League,2010,2010/2011,England
Wigan Athletic,Conor Sammon,24.0,Centre-Forward,Kilmarnock FC,€700Th.,in,Winter,0.7,Premier League,2010,2010/2011,England
Manchester United,Anders Lindegaard,26.0,Goalkeeper,Aalesund,€5.00m,in,Winter,5.0,Premier League,2010,2010/2011,England
Fulham FC,Steve Sidwell,28.0,Central Midfield,Aston Villa,€600Th.,in,Winter,0.6,Premier League,2010,2010/2011,England
Newcastle United,Hatem Ben Arfa,23.0,Attacking Midfield,Marseille,€6.00m,in,Winter,6.0,Premier League,2010,2010/2011,England
Chelsea FC,Fernando Torres,26.0,Centre-Forward,Liverpool,€58.50m,in,Winter,58.5,Premier League,2010,2010/2011,England
Chelsea FC,David Luiz,23.0,Centre-Back,Benfica,€25.00m,in,Winter,25.0,Premier League,2010,2010/2011,England
Wolverhampton Wanderers,Adam Hammill,22.0,Right Winger,Barnsley FC,€600Th.,in,Winter,0.6,Premier League,2010,2010/2011,England
Wolverhampton Wanderers,Leigh Griffiths,20.0,Centre-Forward,Dundee FC,€175Th.,in,Winter,0.175,Premier League,2010,2010/2011,England
Stoke City,Jermaine Pennant,27.0,Right Winger,Real Zaragoza,€2.00m,in,Winter,2.0,Premier League,2010,2010/2011,England
Arsenal FC,Wellington Silva,18.0,Right Winger,Fluminense,€4.00m,in,Winter,4.0,Premier League,2010,2010/2011,England
West Ham United,Demba Ba,25.0,Centre-Forward,TSG Hoffenheim,€3.00m,in,Winter,3.0,Premier League,2010,2010/2011,England
West Ham United,Gary O'Neil,27.0,Central Midfield,Middlesbrough,€2.90m,in,Winter,2.9,Premier League,2010,2010/2011,England
West Ham United,Robbie Keane,30.0,Centre-Forward,Spurs,Loan fee:€1.20m,in,Winter,1.2,Premier League,2010,2010/2011,England
West Ham United,Wayne Bridge,30.0,Left-Back,Man City,Loan fee:€350Th.,in,Winter,0.35,Premier League,2010,2010/2011,England
West Ham United,Paul McCallum,17.0,Centre-Forward,Dulwich Hamlet,€75Th.,in,Winter,0.075,Premier League,2010,2010/2011,England
Bolton Wanderers,David Wheater,23.0,Centre-Back,Middlesbrough,€2.75m,in,Winter,2.75,Premier League,2010,2010/2011,England
Birmingham City,Curtis Davies,25.0,Centre-Back,Aston Villa,€4.00m,in,Winter,4.0,Premier League,2010,2010/2011,England
Birmingham City,Obafemi Martins,26.0,Centre-Forward,Rubin Kazan,Loan fee:€400Th.,in,Winter,0.4,Premier League,2010,2010/2011,England
Sunderland AFC,Stéphane Sessègnon,26.0,Attacking Midfield,Paris SG,€7.00m,in,Winter,7.0,Premier League,2010,2010/2011,England
Manchester City,Edin Dzeko,24.0,Centre-Forward,VfL Wolfsburg,€37.00m,in,Winter,37.0,Premier League,2010,2010/2011,England
Blackburn Rovers,Mauro Formica,22.0,Attacking Midfield,Newell's,€4.00m,in,Winter,4.0,Premier League,2010,2010/2011,England
Blackburn Rovers,Jermaine Jones,29.0,Defensive Midfield,FC Schalke 04,Loan fee:€600Th.,in,Winter,0.6,Premier League,2010,2010/2011,England
Blackburn Rovers,Rubén Rochina,19.0,Right Winger,Barcelona B,€450Th.,in,Winter,0.45,Premier League,2010,2010/2011,England
Tottenham Hotspur,Steven Pienaar,28.0,Left Winger,Everton,€3.60m,in,Winter,3.6,Premier League,2010,2010/2011,England
Tottenham Hotspur,Bongani Khumalo,23.0,Centre-Back,SuperSport Utd.,€1.80m,in,Winter,1.8,Premier League,2010,2010/2011,England
Liverpool FC,Andy Carroll,22.0,Centre-Forward,Newcastle,€41.00m,in,Winter,41.0,Premier League,2010,2010/2011,England
Liverpool FC,Luis Suárez,24.0,Centre-Forward,Ajax,€26.50m,in,Winter,26.5,Premier League,2010,2010/2011,England
Everton FC,Apostolos Vellios,19.0,Centre-Forward,Iraklis,€300Th.,in,Winter,0.3,Premier League,2010,2010/2011,England
Arsenal FC,Alex Oxlade-Chamberlain,17.0,Central Midfield,Southampton,€13.80m,in,Summer,13.8,Premier League,2011,2011/2012,England
Arsenal FC,Gervinho,24.0,Left Winger,LOSC Lille,€12.00m,in,Summer,12.0,Premier League,2011,2011/2012,England
Arsenal FC,Mikel Arteta,29.0,Central Midfield,Everton,€12.00m,in,Summer,12.0,Premier League,2011,2011/2012,England
Arsenal FC,Per Mertesacker,26.0,Centre-Back,Werder Bremen,€11.30m,in,Summer,11.3,Premier League,2011,2011/2012,England
Arsenal FC,André Santos,28.0,Attacking Midfield,Fenerbahce,€7.00m,in,Summer,7.0,Premier League,2011,2011/2012,England
Arsenal FC,Chu-young Park,26.0,Centre-Forward,Monaco,€6.50m,in,Summer,6.5,Premier League,2011,2011/2012,England
Arsenal FC,Carl Jenkinson,19.0,Right-Back,Charlton,€1.13m,in,Summer,1.13,Premier League,2011,2011/2012,England
Arsenal FC,Joel Campbell,19.0,Right Winger,Saprissa,€1.00m,in,Summer,1.0,Premier League,2011,2011/2012,England
Chelsea FC,Juan Mata,23.0,Attacking Midfield,Valencia,€26.70m,in,Summer,26.7,Premier League,2011,2011/2012,England
Chelsea FC,Romelu Lukaku,18.0,Centre-Forward,RSC Anderlecht,€15.00m,in,Summer,15.0,Premier League,2011,2011/2012,England
Chelsea FC,Raúl Meireles,28.0,Central Midfield,Liverpool,€13.50m,in,Summer,13.5,Premier League,2011,2011/2012,England
Chelsea FC,Thibaut Courtois,19.0,Goalkeeper,KRC Genk,€8.95m,in,Summer,8.95,Premier League,2011,2011/2012,England
Chelsea FC,Oriol Romeu,19.0,Defensive Midfield,Barcelona B,€4.60m,in,Summer,4.6,Premier League,2011,2011/2012,England
Chelsea FC,Ulises Dávila,20.0,Attacking Midfield,Chivas,€2.00m,in,Summer,2.0,Premier League,2011,2011/2012,England
Newcastle United,Davide Santon,20.0,Right-Back,Inter,€5.65m,in,Summer,5.65,Premier League,2011,2011/2012,England
Newcastle United,Yohan Cabaye,25.0,Central Midfield,LOSC Lille,€5.00m,in,Summer,5.0,Premier League,2011,2011/2012,England
Newcastle United,Gabriel Obertan,22.0,Attacking Midfield,Man Utd,€3.40m,in,Summer,3.4,Premier League,2011,2011/2012,England
Newcastle United,Demba Ba,26.0,Centre-Forward,West Ham,€800Th.,in,Summer,0.8,Premier League,2011,2011/2012,England
Newcastle United,Rob Elliot,25.0,Goalkeeper,Charlton,€150Th.,in,Summer,0.15,Premier League,2011,2011/2012,England
Fulham FC,Bryan Ruiz,26.0,Attacking Midfield,Twente FC,€12.00m,in,Summer,12.0,Premier League,2011,2011/2012,England
Fulham FC,John Arne Riise,30.0,Left-Back,AS Roma,€2.63m,in,Summer,2.63,Premier League,2011,2011/2012,England
Fulham FC,Pajtim Kasami,19.0,Central Midfield,US Palermo,€1.60m,in,Summer,1.6,Premier League,2011,2011/2012,England
Fulham FC,Marcel Gecov,23.0,Central Midfield,Slovan Liberec,€800Th.,in,Summer,0.8,Premier League,2011,2011/2012,England
West Bromwich Albion,Shane Long,24.0,Centre-Forward,Reading,€5.10m,in,Summer,5.1,Premier League,2011,2011/2012,England
West Bromwich Albion,Ben Foster,28.0,Goalkeeper,Birmingham,Loan fee:€1.10m,in,Summer,1.1,Premier League,2011,2011/2012,England
Manchester United,David de Gea,20.0,Goalkeeper,Atlético Madrid,€25.00m,in,Summer,25.0,Premier League,2011,2011/2012,England
Manchester United,Phil Jones,19.0,Centre-Back,Blackburn,€19.30m,in,Summer,19.3,Premier League,2011,2011/2012,England
Manchester United,Ashley Young,25.0,Left-Back,Aston Villa,€18.00m,in,Summer,18.0,Premier League,2011,2011/2012,England
Queens Park Rangers,Shaun Wright-Phillips,29.0,Right Winger,Man City,€4.50m,in,Summer,4.5,Premier League,2011,2011/2012,England
Queens Park Rangers,DJ Campbell,29.0,Centre-Forward,Blackpool,€2.00m,in,Summer,2.0,Premier League,2011,2011/2012,England
Queens Park Rangers,Armand Traoré,21.0,Left-Back,Arsenal,€1.35m,in,Summer,1.35,Premier League,2011,2011/2012,England
Queens Park Rangers,Anton Ferdinand,26.0,Centre-Back,Sunderland,€1.13m,in,Summer,1.13,Premier League,2011,2011/2012,England
Queens Park Rangers,Luke Young,32.0,Right-Back,Aston Villa,€1.13m,in,Summer,1.13,Premier League,2011,2011/2012,England
Queens Park Rangers,Jason Puncheon,25.0,Central Midfield,Southampton,Loan fee:€225Th.,in,Summer,0.225,Premier League,2011,2011/2012,England
Wigan Athletic,Ali Al-Habsi,29.0,Goalkeeper,Bolton,€4.30m,in,Summer,4.3,Premier League,2011,2011/2012,England
Wigan Athletic,Albert Crusat,29.0,Left Winger,UD Almería,€2.25m,in,Summer,2.25,Premier League,2011,2011/2012,England
Wigan Athletic,Shaun Maloney,28.0,Attacking Midfield,Celtic,€1.13m,in,Summer,1.13,Premier League,2011,2011/2012,England
Norwich City,Steve Morison,27.0,Centre-Forward,Millwall,€3.15m,in,Summer,3.15,Premier League,2011,2011/2012,England
Norwich City,James Vaughan,22.0,Centre-Forward,Everton,€2.30m,in,Summer,2.3,Premier League,2011,2011/2012,England
Norwich City,Anthony Pilkington,23.0,Left Winger,Huddersfield,€2.25m,in,Summer,2.25,Premier League,2011,2011/2012,England
Norwich City,Elliott Bennett,22.0,Right Midfield,Brighton,€1.70m,in,Summer,1.7,Premier League,2011,2011/2012,England
Norwich City,Daniel Ayala,20.0,Centre-Back,Liverpool,€900Th.,in,Summer,0.9,Premier League,2011,2011/2012,England
Wolverhampton Wanderers,Roger Johnson,28.0,Centre-Back,Birmingham,€8.00m,in,Summer,8.0,Premier League,2011,2011/2012,England
Wolverhampton Wanderers,Jamie O'Hara,24.0,Central Midfield,Spurs,€3.75m,in,Summer,3.75,Premier League,2011,2011/2012,England
Stoke City,Peter Crouch,30.0,Centre-Forward,Spurs,€11.30m,in,Summer,11.3,Premier League,2011,2011/2012,England
Stoke City,Wilson Palacios,26.0,Defensive Midfield,Spurs,€9.00m,in,Summer,9.0,Premier League,2011,2011/2012,England
Stoke City,Cameron Jerome,25.0,Centre-Forward,Birmingham,€4.50m,in,Summer,4.5,Premier League,2011,2011/2012,England
Liverpool FC,Stewart Downing,26.0,Left Midfield,Aston Villa,€22.80m,in,Summer,22.8,Premier League,2011,2011/2012,England
Liverpool FC,Jordan Henderson,21.0,Central Midfield,Sunderland,€18.00m,in,Summer,18.0,Premier League,2011,2011/2012,England
Liverpool FC,Charlie Adam,25.0,Central Midfield,Blackpool,€8.40m,in,Summer,8.4,Premier League,2011,2011/2012,England
Liverpool FC,Sebastián Coates,20.0,Centre-Back,Nacional,€8.00m,in,Summer,8.0,Premier League,2011,2011/2012,England
Liverpool FC,José Enrique,25.0,Left-Back,Newcastle,€8.00m,in,Summer,8.0,Premier League,2011,2011/2012,England
Tottenham Hotspur,Scott Parker,30.0,Central Midfield,West Ham,€5.75m,in,Summer,5.75,Premier League,2011,2011/2012,England
Tottenham Hotspur,Emmanuel Adebayor,27.0,Centre-Forward,Man City,Loan fee:€2.25m,in,Summer,2.25,Premier League,2011,2011/2012,England
Blackburn Rovers,Scott Dann,24.0,Centre-Back,Birmingham,€6.80m,in,Summer,6.8,Premier League,2011,2011/2012,England
Blackburn Rovers,David Goodwillie,22.0,Centre-Forward,Dundee United,€3.40m,in,Summer,3.4,Premier League,2011,2011/2012,England
Blackburn Rovers,Radosav Petrovic,22.0,Defensive Midfield,Partizan,€3.30m,in,Summer,3.3,Premier League,2011,2011/2012,England
Blackburn Rovers,Simon Vukcevic,25.0,Right Winger,Sporting CP,€2.30m,in,Summer,2.3,Premier League,2011,2011/2012,England
Blackburn Rovers,Yakubu Aiyegbeni,28.0,Centre-Forward,Everton,€1.70m,in,Summer,1.7,Premier League,2011,2011/2012,England
Blackburn Rovers,Jordan Slew,18.0,Centre-Forward,Sheff Utd,€1.25m,in,Summer,1.25,Premier League,2011,2011/2012,England
Manchester City,Sergio Agüero,23.0,Centre-Forward,Atlético Madrid,€40.00m,in,Summer,40.0,Premier League,2011,2011/2012,England
Manchester City,Samir Nasri,24.0,Attacking Midfield,Arsenal,€27.50m,in,Summer,27.5,Premier League,2011,2011/2012,England
Manchester City,Stefan Savic,20.0,Centre-Back,Partizan,€12.00m,in,Summer,12.0,Premier League,2011,2011/2012,England
Manchester City,Gaël Clichy,25.0,Left-Back,Arsenal,€7.75m,in,Summer,7.75,Premier League,2011,2011/2012,England
Manchester City,Costel Pantilimon,24.0,Goalkeeper,Poli. Timisoara,Loan fee:€500Th.,in,Summer,0.5,Premier League,2011,2011/2012,England
Sunderland AFC,Connor Wickham,18.0,Centre-Forward,Ipswich,€9.00m,in,Summer,9.0,Premier League,2011,2011/2012,England
Sunderland AFC,Craig Gardner,24.0,Central Midfield,Birmingham,€6.60m,in,Summer,6.6,Premier League,2011,2011/2012,England
Sunderland AFC,John O'Shea,30.0,Centre-Back,Man Utd,€4.50m,in,Summer,4.5,Premier League,2011,2011/2012,England
Sunderland AFC,Ahmed Elmohamady,23.0,Right-Back,Enppi SC,€2.50m,in,Summer,2.5,Premier League,2011,2011/2012,England
Sunderland AFC,Dong-won Ji,20.0,Centre-Forward,Chunnam Dragons,€2.40m,in,Summer,2.4,Premier League,2011,2011/2012,England
Sunderland AFC,Wes Brown,31.0,Centre-Back,Man Utd,€1.50m,in,Summer,1.5,Premier League,2011,2011/2012,England
Sunderland AFC,Nicklas Bendtner,23.0,Centre-Forward,Arsenal,Loan fee:€1.00m,in,Summer,1.0,Premier League,2011,2011/2012,England
Sunderland AFC,James McClean,22.0,Left Midfield,Derry City,€420Th.,in,Summer,0.42,Premier League,2011,2011/2012,England
Bolton Wanderers,David N'Gog,22.0,Centre-Forward,Liverpool,€4.50m,in,Summer,4.5,Premier League,2011,2011/2012,England
Bolton Wanderers,Chris Eagles,25.0,Right Winger,Burnley,€1.70m,in,Summer,1.7,Premier League,2011,2011/2012,England
Bolton Wanderers,Tyrone Mears,28.0,Right-Back,Burnley,€1.70m,in,Summer,1.7,Premier League,2011,2011/2012,England
Bolton Wanderers,Tuncay Sanli,29.0,Left Winger,VfL Wolfsburg,Loan fee:€1.00m,in,Summer,1.0,Premier League,2011,2011/2012,England
Aston Villa,Charles N'Zogbia,25.0,Right Winger,Wigan,€10.80m,in,Summer,10.8,Premier League,2011,2011/2012,England
Aston Villa,Alan Hutton,26.0,Right-Back,Spurs,€4.50m,in,Summer,4.5,Premier League,2011,2011/2012,England
Aston Villa,Shay Given,35.0,Goalkeeper,Man City,€3.75m,in,Summer,3.75,Premier League,2011,2011/2012,England
Aston Villa,Jermaine Jenas,28.0,Central Midfield,Spurs,Loan fee:€1.00m,in,Summer,1.0,Premier League,2011,2011/2012,England
Swansea City,Danny Graham,25.0,Centre-Forward,Watford,€3.90m,in,Summer,3.9,Premier League,2011,2011/2012,England
Swansea City,Wayne Routledge,26.0,Left Winger,Newcastle,€3.25m,in,Summer,3.25,Premier League,2011,2011/2012,England
Swansea City,Leroy Lita,26.0,Centre-Forward,Middlesbrough,€2.00m,in,Summer,2.0,Premier League,2011,2011/2012,England
Swansea City,Michel Vorm,27.0,Goalkeeper,FC Utrecht,€1.70m,in,Summer,1.7,Premier League,2011,2011/2012,England
Swansea City,José Moreira,29.0,Goalkeeper,Benfica,€850Th.,in,Summer,0.85,Premier League,2011,2011/2012,England
Swansea City,Darnel Situ,19.0,Centre-Back,Lens,€285Th.,in,Summer,0.285,Premier League,2011,2011/2012,England
Wolverhampton Wanderers,Eggert Gunnthór Jónsson,23.0,Defensive Midfield,Heart of Midl.,€300Th.,in,Winter,0.3,Premier League,2011,2011/2012,England
Swansea City,Gylfi Sigurdsson,22.0,Attacking Midfield,TSG Hoffenheim,Loan fee:€500Th.,in,Winter,0.5,Premier League,2011,2011/2012,England
Swansea City,Curtis Obeng,22.0,Right-Back,Wrexham,€240Th.,in,Winter,0.24,Premier League,2011,2011/2012,England
Swansea City,Rory Donnelly,19.0,Centre-Forward,Cliftonville,€125Th.,in,Winter,0.125,Premier League,2011,2011/2012,England
Norwich City,Ryan Bennett,21.0,Centre-Back,Peterborough,€3.85m,in,Winter,3.85,Premier League,2011,2011/2012,England
Norwich City,Jonathan Howson,23.0,Central Midfield,Leeds,€1.10m,in,Winter,1.1,Premier League,2011,2011/2012,England
Wigan Athletic,Jean Beausejour,27.0,Left-Back,Birmingham,€4.70m,in,Winter,4.7,Premier League,2011,2011/2012,England
Queens Park Rangers,Bobby Zamora,31.0,Centre-Forward,Fulham,€5.80m,in,Winter,5.8,Premier League,2011,2011/2012,England
Queens Park Rangers,Djibril Cissé,30.0,Centre-Forward,Lazio,€5.00m,in,Winter,5.0,Premier League,2011,2011/2012,England
Queens Park Rangers,Nedum Onuoha,25.0,Centre-Back,Man City,€4.70m,in,Winter,4.7,Premier League,2011,2011/2012,England
Queens Park Rangers,Samba Diakité,23.0,Defensive Midfield,AS Nancy,Loan fee:€400Th.,in,Winter,0.4,Premier League,2011,2011/2012,England
West Bromwich Albion,Liam Ridgewell,27.0,Centre-Back,Birmingham,€2.40m,in,Winter,2.4,Premier League,2011,2011/2012,England
West Bromwich Albion,Scott Allan,20.0,Attacking Midfield,Dundee United,€480Th.,in,Winter,0.48,Premier League,2011,2011/2012,England
West Bromwich Albion,Keith Andrews,31.0,Central Midfield,Blackburn,€58Th.,in,Winter,0.058,Premier League,2011,2011/2012,England
Fulham FC,Ryan Williams,18.0,Right Midfield,Portsmouth,€600Th.,in,Winter,0.6,Premier League,2011,2011/2012,England
Fulham FC,Pavel Pogrebnyak,28.0,Centre-Forward,VfB Stuttgart,€500Th.,in,Winter,0.5,Premier League,2011,2011/2012,England
Newcastle United,Papiss Demba Cissé,26.0,Centre-Forward,SC Freiburg,€12.00m,in,Winter,12.0,Premier League,2011,2011/2012,England
Chelsea FC,Gary Cahill,26.0,Centre-Back,Bolton,€8.40m,in,Winter,8.4,Premier League,2011,2011/2012,England
Chelsea FC,Kevin De Bruyne,20.0,Attacking Midfield,KRC Genk,€8.00m,in,Winter,8.0,Premier League,2011,2011/2012,England
Chelsea FC,Lucas Piazon,18.0,Attacking Midfield,São Paulo,€7.50m,in,Winter,7.5,Premier League,2011,2011/2012,England
Chelsea FC,Patrick Bamford,18.0,Centre-Forward,Nottm Forest,€1.80m,in,Winter,1.8,Premier League,2011,2011/2012,England
Arsenal FC,Thomas Eisfeld,19.0,Attacking Midfield,B. Dortmund U19,€750Th.,in,Winter,0.75,Premier League,2011,2011/2012,England
Aston Villa,Enda Stevens,21.0,Left-Back,Shamrock Rovers,€285Th.,in,Winter,0.285,Premier League,2011,2011/2012,England
Bolton Wanderers,Marvin Sordell,20.0,Centre-Forward,Watford,€3.60m,in,Winter,3.6,Premier League,2011,2011/2012,England
Bolton Wanderers,Tim Ream,24.0,Centre-Back,New York RB,€3.10m,in,Winter,3.1,Premier League,2011,2011/2012,England
Manchester City,Costel Pantilimon,24.0,Goalkeeper,Poli. Timisoara,€3.30m,in,Winter,3.3,Premier League,2011,2011/2012,England
Blackburn Rovers,Bradley Orr,29.0,Centre-Back,QPR,€1.80m,in,Winter,1.8,Premier League,2011,2011/2012,England
Tottenham Hotspur,Iago Falque,22.0,Right Winger,Juventus U19,€1.00m,in,Winter,1.0,Premier League,2011,2011/2012,England
Liverpool FC,Danny Ward,18.0,Goalkeeper,Wrexham,€125Th.,in,Winter,0.125,Premier League,2011,2011/2012,England
Everton FC,Nikica Jelavic,26.0,Centre-Forward,Rangers,€6.60m,in,Winter,6.6,Premier League,2011,2011/2012,England
Everton FC,Darron Gibson,24.0,Central Midfield,Man Utd,€600Th.,in,Winter,0.6,Premier League,2011,2011/2012,England
Chelsea FC,Eden Hazard,21.0,Left Winger,LOSC Lille,€35.00m,in,Summer,35.0,Premier League,2012,2012/2013,England
Chelsea FC,Oscar,20.0,Attacking Midfield,Internacional,€32.00m,in,Summer,32.0,Premier League,2012,2012/2013,England
Chelsea FC,Victor Moses,21.0,Right Midfield,Wigan,€11.50m,in,Summer,11.5,Premier League,2012,2012/2013,England
Chelsea FC,César Azpilicueta,22.0,Right-Back,Marseille,€8.80m,in,Summer,8.8,Premier League,2012,2012/2013,England
Chelsea FC,Marko Marin,23.0,Attacking Midfield,Werder Bremen,€8.00m,in,Summer,8.0,Premier League,2012,2012/2013,England
Chelsea FC,Thorgan Hazard,19.0,Left Winger,Lens,€500Th.,in,Summer,0.5,Premier League,2012,2012/2013,England
Swansea City,Pablo Hernández,27.0,Attacking Midfield,Valencia,€7.00m,in,Summer,7.0,Premier League,2012,2012/2013,England
Swansea City,Sung-yueng Ki,23.0,Defensive Midfield,Celtic,€7.00m,in,Summer,7.0,Premier League,2012,2012/2013,England
Swansea City,Michu,26.0,Second Striker,Rayo Vallecano,€2.57m,in,Summer,2.57,Premier League,2012,2012/2013,England
Swansea City,Chico Flores,25.0,Centre-Back,Genoa,€2.50m,in,Summer,2.5,Premier League,2012,2012/2013,England
Swansea City,Kyle Bartley,21.0,Centre-Back,Arsenal U21,€1.30m,in,Summer,1.3,Premier League,2012,2012/2013,England
Swansea City,Itay Shechter,25.0,Centre-Forward,1.FC K'lautern,Loan fee:€100Th.,in,Summer,0.1,Premier League,2012,2012/2013,England
Manchester United,Robin van Persie,29.0,Centre-Forward,Arsenal,€30.70m,in,Summer,30.7,Premier League,2012,2012/2013,England
Manchester United,Shinji Kagawa,23.0,Attacking Midfield,Bor. Dortmund,€16.00m,in,Summer,16.0,Premier League,2012,2012/2013,England
Manchester United,Nick Powell,18.0,Attacking Midfield,Crewe Alexandra,€7.50m,in,Summer,7.5,Premier League,2012,2012/2013,England
Manchester United,Ángelo Henríquez,18.0,Centre-Forward,U. de Chile,€5.50m,in,Summer,5.5,Premier League,2012,2012/2013,England
Manchester United,Alexander Büttner,23.0,Left-Back,Vitesse,€5.00m,in,Summer,5.0,Premier League,2012,2012/2013,England
West Bromwich Albion,Ben Foster,29.0,Goalkeeper,Birmingham,€5.00m,in,Summer,5.0,Premier League,2012,2012/2013,England
Fulham FC,Dimitar Berbatov,31.0,Centre-Forward,Man Utd,€5.00m,in,Summer,5.0,Premier League,2012,2012/2013,England
Fulham FC,Ashkan Dejagah,26.0,Right Winger,VfL Wolfsburg,€2.50m,in,Summer,2.5,Premier League,2012,2012/2013,England
Fulham FC,Kieran Richardson,27.0,Left-Back,Sunderland,€2.50m,in,Summer,2.5,Premier League,2012,2012/2013,England
Newcastle United,Vurnon Anita,23.0,Defensive Midfield,Ajax,€8.50m,in,Summer,8.5,Premier League,2012,2012/2013,England
Newcastle United,Gaël Bigirimana,18.0,Central Midfield,Coventry,€1.25m,in,Summer,1.25,Premier League,2012,2012/2013,England
Newcastle United,Curtis Good,19.0,Centre-Back,Melbourne Heart,€515Th.,in,Summer,0.515,Premier League,2012,2012/2013,England
Arsenal FC,Santi Cazorla,27.0,Central Midfield,Málaga CF,€19.00m,in,Summer,19.0,Premier League,2012,2012/2013,England
Arsenal FC,Lukas Podolski,27.0,Attacking Midfield,1. FC Köln,€15.00m,in,Summer,15.0,Premier League,2012,2012/2013,England
Arsenal FC,Olivier Giroud,25.0,Centre-Forward,Montpellier,€12.00m,in,Summer,12.0,Premier League,2012,2012/2013,England
Aston Villa,Christian Benteke,21.0,Centre-Forward,KRC Genk,€8.80m,in,Summer,8.8,Premier League,2012,2012/2013,England
Aston Villa,Ron Vlaar,27.0,Centre-Back,Feyenoord,€3.80m,in,Summer,3.8,Premier League,2012,2012/2013,England
Aston Villa,Matthew Lowton,23.0,Right-Back,Sheff Utd,€3.75m,in,Summer,3.75,Premier League,2012,2012/2013,England
Aston Villa,Joe Bennett,22.0,Left-Back,Middlesbrough,€3.15m,in,Summer,3.15,Premier League,2012,2012/2013,England
Aston Villa,Karim El Ahmadi,27.0,Defensive Midfield,Feyenoord,€2.80m,in,Summer,2.8,Premier League,2012,2012/2013,England
Aston Villa,Ashley Westwood,22.0,Defensive Midfield,Crewe Alexandra,€2.50m,in,Summer,2.5,Premier League,2012,2012/2013,England
Aston Villa,Jordan Bowery,21.0,Centre-Forward,Chesterfield FC,€630Th.,in,Summer,0.63,Premier League,2012,2012/2013,England
West Ham United,Matt Jarvis,26.0,Left Winger,Wolves,€9.50m,in,Summer,9.5,Premier League,2012,2012/2013,England
West Ham United,Modibo Maïga,24.0,Centre-Forward,FC Sochaux,€6.00m,in,Summer,6.0,Premier League,2012,2012/2013,England
West Ham United,James Collins,28.0,Centre-Back,Aston Villa,€3.20m,in,Summer,3.2,Premier League,2012,2012/2013,England
West Ham United,Alou Diarra,31.0,Defensive Midfield,Marseille,€2.50m,in,Summer,2.5,Premier League,2012,2012/2013,England
West Ham United,Andy Carroll,23.0,Centre-Forward,Liverpool,Loan fee:€1.25m,in,Summer,1.25,Premier League,2012,2012/2013,England
West Ham United,Stephen Henderson,24.0,Goalkeeper,Portsmouth,€745Th.,in,Summer,0.745,Premier League,2012,2012/2013,England
West Ham United,Raphael Spiegel,19.0,Goalkeeper,Grasshoppers,€400Th.,in,Summer,0.4,Premier League,2012,2012/2013,England
Sunderland AFC,Steven Fletcher,25.0,Centre-Forward,Wolves,€15.20m,in,Summer,15.2,Premier League,2012,2012/2013,England
Sunderland AFC,Adam Johnson,25.0,Right Winger,Man City,€12.60m,in,Summer,12.6,Premier League,2012,2012/2013,England
Manchester City,Javi García,25.0,Defensive Midfield,Benfica,€20.20m,in,Summer,20.2,Premier League,2012,2012/2013,England
Manchester City,Matija Nastasić,19.0,Centre-Back,Fiorentina,€15.20m,in,Summer,15.2,Premier League,2012,2012/2013,England
Manchester City,Jack Rodwell,21.0,Defensive Midfield,Everton,€15.00m,in,Summer,15.0,Premier League,2012,2012/2013,England
Manchester City,Scott Sinclair,23.0,Left Winger,Swansea,€7.80m,in,Summer,7.8,Premier League,2012,2012/2013,England
Manchester City,Maicon,31.0,Right-Back,Inter,€3.75m,in,Summer,3.75,Premier League,2012,2012/2013,England
Southampton FC,Gastón Ramírez,21.0,Attacking Midfield,Bologna,€15.20m,in,Summer,15.2,Premier League,2012,2012/2013,England
Southampton FC,Jay Rodríguez,22.0,Centre-Forward,Burnley,€8.65m,in,Summer,8.65,Premier League,2012,2012/2013,England
Southampton FC,Emmanuel Mayuka,21.0,Centre-Forward,BSC Young Boys,€4.00m,in,Summer,4.0,Premier League,2012,2012/2013,England
Southampton FC,Nathaniel Clyne,21.0,Right-Back,Crystal Palace,€3.20m,in,Summer,3.2,Premier League,2012,2012/2013,England
Southampton FC,Paulo Gazzaniga,20.0,Goalkeeper,Gillingham FC,€3.15m,in,Summer,3.15,Premier League,2012,2012/2013,England
Southampton FC,Maya Yoshida,24.0,Centre-Back,VVV-Venlo,€2.80m,in,Summer,2.8,Premier League,2012,2012/2013,England
Southampton FC,Steven Davis,27.0,Central Midfield,Rangers,€1.00m,in,Summer,1.0,Premier League,2012,2012/2013,England
Tottenham Hotspur,Mousa Dembélé,25.0,Central Midfield,Fulham,€19.00m,in,Summer,19.0,Premier League,2012,2012/2013,England
Tottenham Hotspur,Hugo Lloris,25.0,Goalkeeper,Olympique Lyon,€12.60m,in,Summer,12.6,Premier League,2012,2012/2013,England
Tottenham Hotspur,Jan Vertonghen,25.0,Centre-Back,Ajax,€12.50m,in,Summer,12.5,Premier League,2012,2012/2013,England
Tottenham Hotspur,Gylfi Sigurdsson,22.0,Attacking Midfield,TSG Hoffenheim,€10.00m,in,Summer,10.0,Premier League,2012,2012/2013,England
Tottenham Hotspur,Clint Dempsey,29.0,Second Striker,Fulham,€7.50m,in,Summer,7.5,Premier League,2012,2012/2013,England
Tottenham Hotspur,Emmanuel Adebayor,28.0,Centre-Forward,Man City,€6.40m,in,Summer,6.4,Premier League,2012,2012/2013,England
Liverpool FC,Joe Allen,22.0,Central Midfield,Swansea,€19.00m,in,Summer,19.0,Premier League,2012,2012/2013,England
Liverpool FC,Fabio Borini,21.0,Left Winger,AS Roma,€13.30m,in,Summer,13.3,Premier League,2012,2012/2013,England
Liverpool FC,Nuri Sahin,23.0,Defensive Midfield,Real Madrid,Loan fee:€5.00m,in,Summer,5.0,Premier League,2012,2012/2013,England
Liverpool FC,Oussama Assaidi,24.0,Left Winger,Heerenveen,€4.00m,in,Summer,4.0,Premier League,2012,2012/2013,England
Liverpool FC,Samed Yesil,18.0,Centre-Forward,Bay. Leverkusen,€1.30m,in,Summer,1.3,Premier League,2012,2012/2013,England
Everton FC,Kevin Mirallas,24.0,Right Winger,Olympiacos,€7.65m,in,Summer,7.65,Premier League,2012,2012/2013,England
Everton FC,Steven Pienaar,30.0,Left Winger,Spurs,€5.75m,in,Summer,5.75,Premier League,2012,2012/2013,England
Everton FC,Bryan Oviedo,22.0,Left-Back,FC Copenhagen,€4.50m,in,Summer,4.5,Premier League,2012,2012/2013,England
Everton FC,Matty Kennedy,17.0,Left Winger,Kilmarnock FC,€250Th.,in,Summer,0.25,Premier League,2012,2012/2013,England
Norwich City,Robert Snodgrass,24.0,Right Winger,Leeds,€3.20m,in,Summer,3.2,Premier League,2012,2012/2013,England
Norwich City,Sébastien Bassong,26.0,Centre-Back,Spurs,€3.00m,in,Summer,3.0,Premier League,2012,2012/2013,England
Norwich City,Michael Turner,28.0,Centre-Back,Sunderland,€1.90m,in,Summer,1.9,Premier League,2012,2012/2013,England
Norwich City,Alexander Tettey,26.0,Defensive Midfield,Stade Rennais,€1.50m,in,Summer,1.5,Premier League,2012,2012/2013,England
Norwich City,Mark Bunn,27.0,Goalkeeper,Blackburn,€1.25m,in,Summer,1.25,Premier League,2012,2012/2013,England
Stoke City,Charlie Adam,26.0,Central Midfield,Liverpool,€6.20m,in,Summer,6.2,Premier League,2012,2012/2013,England
Stoke City,Steven Nzonzi,23.0,Defensive Midfield,Blackburn,€4.40m,in,Summer,4.4,Premier League,2012,2012/2013,England
Stoke City,Michael Kightly,26.0,Left Winger,Wolves,€3.50m,in,Summer,3.5,Premier League,2012,2012/2013,England
Stoke City,Geoff Cameron,27.0,Defensive Midfield,Houston,€2.15m,in,Summer,2.15,Premier League,2012,2012/2013,England
Stoke City,Maurice Edu,26.0,Defensive Midfield,Rangers,€630Th.,in,Summer,0.63,Premier League,2012,2012/2013,England
Wigan Athletic,Iván Ramis,27.0,Centre-Back,RCD Mallorca,€6.00m,in,Summer,6.0,Premier League,2012,2012/2013,England
Wigan Athletic,Arouna Koné,28.0,Centre-Forward,Levante,€3.80m,in,Summer,3.8,Premier League,2012,2012/2013,England
Wigan Athletic,Fraser Fyvie,19.0,Central Midfield,Aberdeen FC,€635Th.,in,Summer,0.635,Premier League,2012,2012/2013,England
Queens Park Rangers,Esteban Granero,25.0,Central Midfield,Real Madrid,€8.00m,in,Summer,8.0,Premier League,2012,2012/2013,England
Queens Park Rangers,Stéphane Mbia,26.0,Defensive Midfield,Marseille,€6.00m,in,Summer,6.0,Premier League,2012,2012/2013,England
Queens Park Rangers,Samba Diakité,23.0,Defensive Midfield,AS Nancy,€4.00m,in,Summer,4.0,Premier League,2012,2012/2013,England
Queens Park Rangers,Junior Hoilett,22.0,Left Winger,Blackburn,€3.75m,in,Summer,3.75,Premier League,2012,2012/2013,England
Queens Park Rangers,Ji-sung Park,31.0,Attacking Midfield,Man Utd,€3.10m,in,Summer,3.1,Premier League,2012,2012/2013,England
Reading FC,Adrian Mariappa,25.0,Centre-Back,Watford,€3.80m,in,Summer,3.8,Premier League,2012,2012/2013,England
Reading FC,Chris Gunter,22.0,Right-Back,Nottm Forest,€3.00m,in,Summer,3.0,Premier League,2012,2012/2013,England
Chelsea FC,Demba Ba,27.0,Centre-Forward,Newcastle,€8.50m,in,Winter,8.5,Premier League,2012,2012/2013,England
Chelsea FC,Wallace Oliveira,18.0,Right-Back,Fluminense,€5.40m,in,Winter,5.4,Premier League,2012,2012/2013,England
Manchester United,Wilfried Zaha,20.0,Left Winger,Crystal Palace,€11.75m,in,Winter,11.75,Premier League,2012,2012/2013,England
Newcastle United,Mapou Yanga-Mbiwa,23.0,Centre-Back,Montpellier,€8.00m,in,Winter,8.0,Premier League,2012,2012/2013,England
Newcastle United,Mathieu Debuchy,27.0,Right-Back,LOSC Lille,€6.20m,in,Winter,6.2,Premier League,2012,2012/2013,England
Newcastle United,Massadio Haidara,20.0,Left-Back,AS Nancy,€2.50m,in,Winter,2.5,Premier League,2012,2012/2013,England
Newcastle United,Yoan Gouffran,26.0,Left Winger,G. Bordeaux,€2.00m,in,Winter,2.0,Premier League,2012,2012/2013,England
Newcastle United,Moussa Sissoko,23.0,Central Midfield,Toulouse,€2.00m,in,Winter,2.0,Premier League,2012,2012/2013,England
Newcastle United,Kevin Mbabu,17.0,Right-Back,Servette FC,€1.00m,in,Winter,1.0,Premier League,2012,2012/2013,England
Arsenal FC,Nacho Monreal,26.0,Left-Back,Málaga CF,€10.00m,in,Winter,10.0,Premier League,2012,2012/2013,England
Aston Villa,Yacouba Sylla,22.0,Defensive Midfield,Clermont Foot,€2.40m,in,Winter,2.4,Premier League,2012,2012/2013,England
West Ham United,Emanuel Pogatetz,30.0,Centre-Back,VfL Wolfsburg,Loan fee:€300Th.,in,Winter,0.3,Premier League,2012,2012/2013,England
Sunderland AFC,Danny Graham,27.0,Centre-Forward,Swansea,€5.80m,in,Winter,5.8,Premier League,2012,2012/2013,England
Sunderland AFC,Alfred N'Diaye,22.0,Defensive Midfield,Bursaspor,€4.70m,in,Winter,4.7,Premier League,2012,2012/2013,England
Southampton FC,Vegard Forren,24.0,Centre-Back,Molde,€3.50m,in,Winter,3.5,Premier League,2012,2012/2013,England
Tottenham Hotspur,Zeki Fryers,20.0,Left-Back,Standard Liège,€3.50m,in,Winter,3.5,Premier League,2012,2012/2013,England
Tottenham Hotspur,Lewis Holtby,22.0,Central Midfield,FC Schalke 04,€1.75m,in,Winter,1.75,Premier League,2012,2012/2013,England
Liverpool FC,Daniel Sturridge,23.0,Centre-Forward,Chelsea,€15.00m,in,Winter,15.0,Premier League,2012,2012/2013,England
Liverpool FC,Philippe Coutinho,20.0,Left Winger,Inter,€13.00m,in,Winter,13.0,Premier League,2012,2012/2013,England
Everton FC,John Stones,18.0,Centre-Back,Barnsley FC,€3.50m,in,Winter,3.5,Premier League,2012,2012/2013,England
Norwich City,Luciano Becchio,29.0,Centre-Forward,Leeds,€230Th.,in,Winter,0.23,Premier League,2012,2012/2013,England
Stoke City,Jack Butland,19.0,Goalkeeper,Birmingham,€3.80m,in,Winter,3.8,Premier League,2012,2012/2013,England
Stoke City,Brek Shea,22.0,Left Midfield,Dallas,€3.00m,in,Winter,3.0,Premier League,2012,2012/2013,England
Wigan Athletic,Paul Scharner,32.0,Centre-Back,Hamburger SV,Loan fee:€100Th.,in,Winter,0.1,Premier League,2012,2012/2013,England
Queens Park Rangers,Christopher Samba,28.0,Centre-Back,Anzhi,€15.00m,in,Winter,15.0,Premier League,2012,2012/2013,England
Queens Park Rangers,Loïc Rémy,26.0,Centre-Forward,Marseille,€10.50m,in,Winter,10.5,Premier League,2012,2012/2013,England
Reading FC,Stephen Kelly,29.0,Right-Back,Fulham,€1.50m,in,Winter,1.5,Premier League,2012,2012/2013,England
Reading FC,Nick Blackman,23.0,Centre-Forward,Sheff Utd,€1.40m,in,Winter,1.4,Premier League,2012,2012/2013,England
Reading FC,Daniel Carriço,24.0,Centre-Back,Sporting CP,€750Th.,in,Winter,0.75,Premier League,2012,2012/2013,England
Reading FC,Hope Akpan,21.0,Central Midfield,Crawley Town,€370Th.,in,Winter,0.37,Premier League,2012,2012/2013,England
Manchester United,Marouane Fellaini,25.0,Central Midfield,Everton,€32.40m,in,Summer,32.4,Premier League,2013,2013/2014,England
Manchester City,Fernandinho,28.0,Defensive Midfield,Shakhtar D.,€40.00m,in,Summer,40.0,Premier League,2013,2013/2014,England
Manchester City,Stevan Jovetic,23.0,Centre-Forward,Fiorentina,€26.00m,in,Summer,26.0,Premier League,2013,2013/2014,England
Manchester City,Álvaro Negredo,27.0,Centre-Forward,Sevilla FC,€25.00m,in,Summer,25.0,Premier League,2013,2013/2014,England
Manchester City,Jesús Navas,27.0,Right-Back,Sevilla FC,€20.00m,in,Summer,20.0,Premier League,2013,2013/2014,England
Manchester City,Martín Demichelis,32.0,Centre-Back,Atlético Madrid,€4.50m,in,Summer,4.5,Premier League,2013,2013/2014,England
Chelsea FC,Willian,25.0,Left Winger,Anzhi,€35.50m,in,Summer,35.5,Premier League,2013,2013/2014,England
Chelsea FC,André Schürrle,22.0,Left Winger,Bay. Leverkusen,€22.00m,in,Summer,22.0,Premier League,2013,2013/2014,England
Chelsea FC,Marco van Ginkel,20.0,Central Midfield,Vitesse,€9.40m,in,Summer,9.4,Premier League,2013,2013/2014,England
Chelsea FC,Christian Atsu,21.0,Left Winger,FC Porto,€3.00m,in,Summer,3.0,Premier League,2013,2013/2014,England
Chelsea FC,Stipe Perica,18.0,Centre-Forward,NK Zadar,€2.45m,in,Summer,2.45,Premier League,2013,2013/2014,England
Chelsea FC,Cristian Cuevas,18.0,Left-Back,O'Higgins,€1.90m,in,Summer,1.9,Premier League,2013,2013/2014,England
Arsenal FC,Mesut Özil,24.0,Attacking Midfield,Real Madrid,€47.00m,in,Summer,47.0,Premier League,2013,2013/2014,England
Arsenal FC,Emiliano Viviano,27.0,Goalkeeper,US Palermo,Loan fee:€1.00m,in,Summer,1.0,Premier League,2013,2013/2014,England
Arsenal FC,Semi Ajayi,19.0,Centre-Back,Charlton,€500Th.,in,Summer,0.5,Premier League,2013,2013/2014,England
Tottenham Hotspur,Erik Lamela,21.0,Right Winger,AS Roma,€30.00m,in,Summer,30.0,Premier League,2013,2013/2014,England
Tottenham Hotspur,Roberto Soldado,28.0,Centre-Forward,Valencia,€30.00m,in,Summer,30.0,Premier League,2013,2013/2014,England
Tottenham Hotspur,Paulinho,24.0,Central Midfield,Corinthians,€19.75m,in,Summer,19.75,Premier League,2013,2013/2014,England
Tottenham Hotspur,Christian Eriksen,21.0,Attacking Midfield,Ajax,€14.15m,in,Summer,14.15,Premier League,2013,2013/2014,England
Tottenham Hotspur,Étienne Capoue,25.0,Defensive Midfield,Toulouse,€11.00m,in,Summer,11.0,Premier League,2013,2013/2014,England
Tottenham Hotspur,Vlad Chiriches,23.0,Centre-Back,Steaua Bucharest,€9.50m,in,Summer,9.5,Premier League,2013,2013/2014,England
Tottenham Hotspur,Nacer Chadli,23.0,Left Winger,Twente FC,€8.15m,in,Summer,8.15,Premier League,2013,2013/2014,England
Everton FC,James McCarthy,22.0,Central Midfield,Wigan,€15.30m,in,Summer,15.3,Premier League,2013,2013/2014,England
Everton FC,Arouna Koné,29.0,Centre-Forward,Wigan,€7.00m,in,Summer,7.0,Premier League,2013,2013/2014,England
Everton FC,Joel Robles,23.0,Goalkeeper,Atlético Madrid,€4.00m,in,Summer,4.0,Premier League,2013,2013/2014,England
Everton FC,Romelu Lukaku,20.0,Centre-Forward,Chelsea,Loan fee:€3.50m,in,Summer,3.5,Premier League,2013,2013/2014,England
Liverpool FC,Mamadou Sakho,23.0,Centre-Back,Paris SG,€19.00m,in,Summer,19.0,Premier League,2013,2013/2014,England
Liverpool FC,Iago Aspas,25.0,Centre-Forward,Celta de Vigo,€10.80m,in,Summer,10.8,Premier League,2013,2013/2014,England
Liverpool FC,Simon Mignolet,25.0,Goalkeeper,Sunderland,€10.60m,in,Summer,10.6,Premier League,2013,2013/2014,England
Liverpool FC,Luis Alberto,20.0,Central Midfield,Sevilla FC,€8.00m,in,Summer,8.0,Premier League,2013,2013/2014,England
Liverpool FC,Tiago Ilori,20.0,Centre-Back,Sporting CP,€7.50m,in,Summer,7.5,Premier League,2013,2013/2014,England
Liverpool FC,Victor Moses,22.0,Right Midfield,Chelsea,Loan fee:€1.20m,in,Summer,1.2,Premier League,2013,2013/2014,England
Liverpool FC,Aly Cissokho,25.0,Centre-Back,Valencia,Loan fee:€1.00m,in,Summer,1.0,Premier League,2013,2013/2014,England
West Bromwich Albion,Stéphane Sessègnon,29.0,Attacking Midfield,Sunderland,€7.00m,in,Summer,7.0,Premier League,2013,2013/2014,England
West Bromwich Albion,Victor Anichebe,25.0,Centre-Forward,Everton,€5.90m,in,Summer,5.9,Premier League,2013,2013/2014,England
West Bromwich Albion,Scott Sinclair,24.0,Left Winger,Man City,Loan fee:€2.30m,in,Summer,2.3,Premier League,2013,2013/2014,England
Swansea City,Wilfried Bony,24.0,Centre-Forward,Vitesse,€16.00m,in,Summer,16.0,Premier League,2013,2013/2014,England
Swansea City,Jonjo Shelvey,21.0,Central Midfield,Liverpool,€5.80m,in,Summer,5.8,Premier League,2013,2013/2014,England
Swansea City,Jordi Amat,21.0,Centre-Back,Espanyol,€2.90m,in,Summer,2.9,Premier League,2013,2013/2014,England
Swansea City,Álvaro Vázquez,22.0,Centre-Forward,Getafe,Loan fee:€1.20m,in,Summer,1.2,Premier League,2013,2013/2014,England
Swansea City,Alejandro Pozuelo,21.0,Attacking Midfield,Real Betis,€500Th.,in,Summer,0.5,Premier League,2013,2013/2014,England
West Ham United,Andy Carroll,24.0,Centre-Forward,Liverpool,€17.50m,in,Summer,17.5,Premier League,2013,2013/2014,England
West Ham United,Stewart Downing,29.0,Left Midfield,Liverpool,€5.80m,in,Summer,5.8,Premier League,2013,2013/2014,England
Norwich City,Ricky van Wolfswinkel,24.0,Centre-Forward,Sporting CP,€10.00m,in,Summer,10.0,Premier League,2013,2013/2014,England
Norwich City,Gary Hooper,25.0,Centre-Forward,Celtic,€6.30m,in,Summer,6.3,Premier League,2013,2013/2014,England
Norwich City,Leroy Fer,23.0,Defensive Midfield,Twente FC,€5.50m,in,Summer,5.5,Premier League,2013,2013/2014,England
Norwich City,Martin Olsson,25.0,Left-Back,Blackburn,€2.90m,in,Summer,2.9,Premier League,2013,2013/2014,England
Norwich City,Nathan Redmond,19.0,Left Winger,Birmingham,€2.30m,in,Summer,2.3,Premier League,2013,2013/2014,England
Norwich City,Javier Garrido,28.0,Left-Back,Lazio,€1.50m,in,Summer,1.5,Premier League,2013,2013/2014,England
Norwich City,Johan Elmander,32.0,Centre-Forward,Galatasaray,Loan fee:€700Th.,in,Summer,0.7,Premier League,2013,2013/2014,England
Fulham FC,Maarten Stekelenburg,30.0,Goalkeeper,AS Roma,€5.60m,in,Summer,5.6,Premier League,2013,2013/2014,England
Fulham FC,Scott Parker,32.0,Central Midfield,Spurs,€4.30m,in,Summer,4.3,Premier League,2013,2013/2014,England
Fulham FC,Darren Bent,29.0,Centre-Forward,Aston Villa,Loan fee:€2.40m,in,Summer,2.4,Premier League,2013,2013/2014,England
Fulham FC,Sascha Riether,30.0,Right-Back,1. FC Köln,€1.40m,in,Summer,1.4,Premier League,2013,2013/2014,England
Fulham FC,Elsad Zverotic,26.0,Defensive Midfield,BSC Young Boys,€400Th.,in,Summer,0.4,Premier League,2013,2013/2014,England
Stoke City,Erik Pieters,24.0,Left-Back,PSV Eindhoven,€3.60m,in,Summer,3.6,Premier League,2013,2013/2014,England
Stoke City,Marko Arnautovic,24.0,Centre-Forward,Werder Bremen,€2.80m,in,Summer,2.8,Premier League,2013,2013/2014,England
Stoke City,Stephen Ireland,27.0,Attacking Midfield,Aston Villa,Loan fee:€600Th.,in,Summer,0.6,Premier League,2013,2013/2014,England
Southampton FC,Daniel Osvaldo,27.0,Centre-Forward,AS Roma,€15.10m,in,Summer,15.1,Premier League,2013,2013/2014,England
Southampton FC,Victor Wanyama,22.0,Defensive Midfield,Celtic,€14.50m,in,Summer,14.5,Premier League,2013,2013/2014,England
Southampton FC,Dejan Lovren,23.0,Centre-Back,Olympique Lyon,€10.00m,in,Summer,10.0,Premier League,2013,2013/2014,England
Aston Villa,Libor Kozak,24.0,Centre-Forward,Lazio,€6.50m,in,Summer,6.5,Premier League,2013,2013/2014,England
Aston Villa,Jores Okore,20.0,Centre-Back,Nordsjaelland,€4.70m,in,Summer,4.7,Premier League,2013,2013/2014,England
Aston Villa,Aleksandar Tonev,23.0,Left Winger,Lech Poznan,€3.20m,in,Summer,3.2,Premier League,2013,2013/2014,England
Aston Villa,Antonio Luna,22.0,Left-Back,Sevilla FC,€2.00m,in,Summer,2.0,Premier League,2013,2013/2014,England
Aston Villa,Nicklas Helenius,22.0,Centre-Forward,Aalborg BK,€1.50m,in,Summer,1.5,Premier League,2013,2013/2014,England
Aston Villa,Leandro Bacuna,21.0,Central Midfield,FC Groningen,€1.40m,in,Summer,1.4,Premier League,2013,2013/2014,England
Aston Villa,Jed Steer,20.0,Goalkeeper,Norwich,€540Th.,in,Summer,0.54,Premier League,2013,2013/2014,England
Newcastle United,Loïc Rémy,26.0,Centre-Forward,QPR,Loan fee:€2.30m,in,Summer,2.3,Premier League,2013,2013/2014,England
Sunderland AFC,Jozy Altidore,23.0,Centre-Forward,AZ Alkmaar,€10.00m,in,Summer,10.0,Premier League,2013,2013/2014,England
Sunderland AFC,Emanuele Giaccherini,28.0,Left Midfield,Juventus,€7.50m,in,Summer,7.5,Premier League,2013,2013/2014,England
Sunderland AFC,Charalampos Mavrias,19.0,Right-Back,Panathinaikos,€3.00m,in,Summer,3.0,Premier League,2013,2013/2014,England
Sunderland AFC,Vito Mannone,25.0,Goalkeeper,Arsenal,€2.40m,in,Summer,2.4,Premier League,2013,2013/2014,England
Sunderland AFC,Fabio Borini,22.0,Left Winger,Liverpool,Loan fee:€1.80m,in,Summer,1.8,Premier League,2013,2013/2014,England
Sunderland AFC,David Moberg Karlsson,19.0,Right Winger,IFK Göteborg,€1.75m,in,Summer,1.75,Premier League,2013,2013/2014,England
Sunderland AFC,Ondrej Celustka,24.0,Centre-Back,Trabzonspor,Loan fee:€150Th.,in,Summer,0.15,Premier League,2013,2013/2014,England
Cardiff City,Gary Medel,26.0,Centre-Back,Sevilla FC,€13.00m,in,Summer,13.0,Premier League,2013,2013/2014,England
Cardiff City,Steven Caulker,21.0,Centre-Back,Spurs,€9.15m,in,Summer,9.15,Premier League,2013,2013/2014,England
Cardiff City,Andreas Cornelius,20.0,Centre-Forward,FC Copenhagen,€8.70m,in,Summer,8.7,Premier League,2013,2013/2014,England
Cardiff City,Peter Odemwingie,32.0,Right Winger,West Brom,€2.90m,in,Summer,2.9,Premier League,2013,2013/2014,England
Cardiff City,Kévin Théophile-Catherine,23.0,Centre-Back,Stade Rennais,€2.50m,in,Summer,2.5,Premier League,2013,2013/2014,England
Cardiff City,John Brayford,25.0,Right-Back,Derby,€1.74m,in,Summer,1.74,Premier League,2013,2013/2014,England
Cardiff City,Simon Moore,23.0,Goalkeeper,Brentford,€175Th.,in,Summer,0.175,Premier League,2013,2013/2014,England
Hull City,Tom Huddlestone,26.0,Defensive Midfield,Spurs,€5.80m,in,Summer,5.8,Premier League,2013,2013/2014,England
Hull City,Curtis Davies,28.0,Centre-Back,Birmingham,€2.65m,in,Summer,2.65,Premier League,2013,2013/2014,England
Hull City,Ahmed Elmohamady,25.0,Right-Back,Sunderland,€2.30m,in,Summer,2.3,Premier League,2013,2013/2014,England
Hull City,Yannick Sagbo,25.0,Centre-Forward,Évian,€1.80m,in,Summer,1.8,Premier League,2013,2013/2014,England
Hull City,Allan McGregor,31.0,Goalkeeper,Besiktas,€1.75m,in,Summer,1.75,Premier League,2013,2013/2014,England
Hull City,Jake Livermore,23.0,Defensive Midfield,Spurs,Loan fee:€300Th.,in,Summer,0.3,Premier League,2013,2013/2014,England
Hull City,Gedo,28.0,Second Striker,El Ahly,Loan fee:€200Th.,in,Summer,0.2,Premier League,2013,2013/2014,England
Crystal Palace,Dwight Gayle,23.0,Centre-Forward,Peterborough,€5.30m,in,Summer,5.3,Premier League,2013,2013/2014,England
Crystal Palace,Adlène Guédioura,27.0,Central Midfield,Nottm Forest,€3.50m,in,Summer,3.5,Premier League,2013,2013/2014,England
Crystal Palace,Adrian Mariappa,26.0,Centre-Back,Reading,€3.50m,in,Summer,3.5,Premier League,2013,2013/2014,England
Crystal Palace,Jack Hunt,22.0,Right-Back,Huddersfield,€2.35m,in,Summer,2.35,Premier League,2013,2013/2014,England
Crystal Palace,Barry Bannan,23.0,Central Midfield,Aston Villa,€2.10m,in,Summer,2.1,Premier League,2013,2013/2014,England
Crystal Palace,José Campaña,20.0,Central Midfield,Sevilla FC,€2.00m,in,Summer,2.0,Premier League,2013,2013/2014,England
Crystal Palace,Marouane Chamakh,29.0,Centre-Forward,Arsenal,€1.20m,in,Summer,1.2,Premier League,2013,2013/2014,England
Crystal Palace,Stephen Dobbie,30.0,Centre-Forward,Brighton,€990Th.,in,Summer,0.99,Premier League,2013,2013/2014,England
Crystal Palace,Jimmy Kébé,29.0,Right Winger,Reading,€880Th.,in,Summer,0.88,Premier League,2013,2013/2014,England
Manchester United,Juan Mata,25.0,Attacking Midfield,Chelsea,€44.73m,in,Winter,44.73,Premier League,2013,2013/2014,England
Chelsea FC,Nemanja Matić,25.0,Defensive Midfield,Benfica,€25.00m,in,Winter,25.0,Premier League,2013,2013/2014,England
Chelsea FC,Mohamed Salah,21.0,Right Winger,FC Basel,€16.50m,in,Winter,16.5,Premier League,2013,2013/2014,England
Chelsea FC,Kurt Zouma,19.0,Centre-Back,Saint-Étienne,€14.60m,in,Winter,14.6,Premier League,2013,2013/2014,England
Arsenal FC,Kim Källström,31.0,Central Midfield,Spartak Moscow,Loan fee:€750Th.,in,Winter,0.75,Premier League,2013,2013/2014,England
Everton FC,Aiden McGeady,27.0,Left Winger,Spartak Moscow,€2.00m,in,Winter,2.0,Premier League,2013,2013/2014,England
West Bromwich Albion,Thievy Bifouma,21.0,Right Winger,Espanyol,Loan fee:€500Th.,in,Winter,0.5,Premier League,2013,2013/2014,England
Swansea City,Adam King,18.0,Central Midfield,Heart of Midl.,€212Th.,in,Winter,0.212,Premier League,2013,2013/2014,England
West Ham United,Marco Borriello,31.0,Centre-Forward,AS Roma,Loan fee:€700Th.,in,Winter,0.7,Premier League,2013,2013/2014,England
Norwich City,Joseph Yobo,33.0,Centre-Back,Fenerbahce,Loan fee:€850Th.,in,Winter,0.85,Premier League,2013,2013/2014,England
Fulham FC,Konstantinos Mitroglou,25.0,Centre-Forward,Olympiacos,€15.20m,in,Winter,15.2,Premier League,2013,2013/2014,England
Newcastle United,Luuk de Jong,23.0,Centre-Forward,Bor. M'gladbach,Loan fee:€1.50m,in,Winter,1.5,Premier League,2013,2013/2014,England
Sunderland AFC,Liam Bridcutt,24.0,Defensive Midfield,Brighton,€3.66m,in,Winter,3.66,Premier League,2013,2013/2014,England
Sunderland AFC,Ignacio Scocco,28.0,Centre-Forward,Internacional,€3.65m,in,Winter,3.65,Premier League,2013,2013/2014,England
Cardiff City,Mats Möller Daehli,18.0,Attacking Midfield,Molde,€3.00m,in,Winter,3.0,Premier League,2013,2013/2014,England
Cardiff City,Magnus Wolff Eikrem,23.0,Attacking Midfield,Heerenveen,€2.50m,in,Winter,2.5,Premier League,2013,2013/2014,England
Cardiff City,Wilfried Zaha,21.0,Left Winger,Man Utd,Loan fee:€1.80m,in,Winter,1.8,Premier League,2013,2013/2014,England
Cardiff City,Juan Cala,24.0,Centre-Back,Sevilla FC,€350Th.,in,Winter,0.35,Premier League,2013,2013/2014,England
Hull City,Shane Long,26.0,Centre-Forward,West Brom,€8.50m,in,Winter,8.5,Premier League,2013,2013/2014,England
Hull City,Nikica Jelavic,28.0,Centre-Forward,Everton,€7.80m,in,Winter,7.8,Premier League,2013,2013/2014,England
Crystal Palace,Wayne Hennessey,27.0,Goalkeeper,Wolves,€3.65m,in,Winter,3.65,Premier League,2013,2013/2014,England
Crystal Palace,Joe Ledley,27.0,Central Midfield,Celtic,€3.50m,in,Winter,3.5,Premier League,2013,2013/2014,England
Crystal Palace,Jason Puncheon,27.0,Central Midfield,Southampton,€2.20m,in,Winter,2.2,Premier League,2013,2013/2014,England
Crystal Palace,Scott Dann,26.0,Centre-Back,Blackburn,€1.83m,in,Winter,1.83,Premier League,2013,2013/2014,England
Arsenal FC,Alexis Sánchez,25.0,Centre-Forward,Barcelona,€42.50m,in,Summer,42.5,Premier League,2014,2014/2015,England
Arsenal FC,Calum Chambers,19.0,Centre-Back,Southampton,€20.23m,in,Summer,20.23,Premier League,2014,2014/2015,England
Arsenal FC,Danny Welbeck,23.0,Centre-Forward,Man Utd,€20.00m,in,Summer,20.0,Premier League,2014,2014/2015,England
Arsenal FC,Mathieu Debuchy,28.0,Right-Back,Newcastle,€15.00m,in,Summer,15.0,Premier League,2014,2014/2015,England
Arsenal FC,David Ospina,25.0,Goalkeeper,OGC Nice,€4.00m,in,Summer,4.0,Premier League,2014,2014/2015,England
Aston Villa,Carlos Sánchez,28.0,Defensive Midfield,Elche CF,€6.00m,in,Summer,6.0,Premier League,2014,2014/2015,England
Aston Villa,Aly Cissokho,26.0,Centre-Back,Valencia,€2.50m,in,Summer,2.5,Premier League,2014,2014/2015,England
Aston Villa,Kieran Richardson,29.0,Left-Back,Fulham,€750Th.,in,Summer,0.75,Premier League,2014,2014/2015,England
Burnley FC,George Boyd,28.0,Left Winger,Hull City,€3.80m,in,Summer,3.8,Premier League,2014,2014/2015,England
Burnley FC,Lukas Jutkiewicz,25.0,Centre-Forward,Middlesbrough,€3.10m,in,Summer,3.1,Premier League,2014,2014/2015,England
Burnley FC,Michael Kightly,28.0,Left Winger,Stoke City,€1.90m,in,Summer,1.9,Premier League,2014,2014/2015,England
Burnley FC,Stephen Ward,28.0,Left-Back,Wolves,€630Th.,in,Summer,0.63,Premier League,2014,2014/2015,England
Burnley FC,Marvin Sordell,23.0,Centre-Forward,Bolton,€630Th.,in,Summer,0.63,Premier League,2014,2014/2015,England
Chelsea FC,Diego Costa,25.0,Centre-Forward,Atlético Madrid,€38.00m,in,Summer,38.0,Premier League,2014,2014/2015,England
Chelsea FC,Cesc Fàbregas,27.0,Central Midfield,Barcelona,€33.00m,in,Summer,33.0,Premier League,2014,2014/2015,England
Chelsea FC,Filipe Luís,28.0,Left-Back,Atlético Madrid,€20.00m,in,Summer,20.0,Premier League,2014,2014/2015,England
Chelsea FC,Loïc Rémy,27.0,Centre-Forward,QPR,€13.20m,in,Summer,13.2,Premier League,2014,2014/2015,England
Chelsea FC,Mario Pasalic,19.0,Attacking Midfield,Hajduk Split,€2.50m,in,Summer,2.5,Premier League,2014,2014/2015,England
Crystal Palace,James McArthur,26.0,Central Midfield,Wigan,€8.80m,in,Summer,8.8,Premier League,2014,2014/2015,England
Crystal Palace,Zeki Fryers,21.0,Left-Back,Spurs,€3.80m,in,Summer,3.8,Premier League,2014,2014/2015,England
Crystal Palace,Martin Kelly,24.0,Right-Back,Liverpool,€2.00m,in,Summer,2.0,Premier League,2014,2014/2015,England
Crystal Palace,Fraizer Campbell,26.0,Centre-Forward,Cardiff,€1.14m,in,Summer,1.14,Premier League,2014,2014/2015,England
Everton FC,Romelu Lukaku,21.0,Centre-Forward,Chelsea,€35.36m,in,Summer,35.36,Premier League,2014,2014/2015,England
Everton FC,Muhamed Besic,21.0,Defensive Midfield,Ferencváros,€4.80m,in,Summer,4.8,Premier League,2014,2014/2015,England
Hull City,Abel Hernández,24.0,Centre-Forward,US Palermo,€12.00m,in,Summer,12.0,Premier League,2014,2014/2015,England
Hull City,Robert Snodgrass,26.0,Right Winger,Norwich,€7.50m,in,Summer,7.5,Premier League,2014,2014/2015,England
Hull City,Jake Livermore,24.0,Defensive Midfield,Spurs,€7.00m,in,Summer,7.0,Premier League,2014,2014/2015,England
Hull City,Mohamed Diamé,27.0,Defensive Midfield,West Ham,€4.40m,in,Summer,4.4,Premier League,2014,2014/2015,England
Hull City,Michael Dawson,30.0,Centre-Back,Spurs,€4.40m,in,Summer,4.4,Premier League,2014,2014/2015,England
Hull City,Andrew Robertson,20.0,Left-Back,Dundee United,€3.60m,in,Summer,3.6,Premier League,2014,2014/2015,England
Hull City,Harry Maguire,21.0,Centre-Back,Sheff Utd,€3.15m,in,Summer,3.15,Premier League,2014,2014/2015,England
Hull City,Tom Ince,22.0,Right Winger,Blackpool,€1.95m,in,Summer,1.95,Premier League,2014,2014/2015,England
Hull City,Brian Lenihan,20.0,Right-Back,Cork City,€257Th.,in,Summer,0.257,Premier League,2014,2014/2015,England
Leicester City,Leonardo Ulloa,27.0,Centre-Forward,Brighton,€10.10m,in,Summer,10.1,Premier League,2014,2014/2015,England
Leicester City,Danny Simpson,27.0,Right-Back,QPR,€2.50m,in,Summer,2.5,Premier League,2014,2014/2015,England
Leicester City,Tom Lawrence,20.0,Left Winger,Man Utd U21,€1.26m,in,Summer,1.26,Premier League,2014,2014/2015,England
Liverpool FC,Adam Lallana,26.0,Attacking Midfield,Southampton,€31.00m,in,Summer,31.0,Premier League,2014,2014/2015,England
Liverpool FC,Dejan Lovren,25.0,Centre-Back,Southampton,€25.30m,in,Summer,25.3,Premier League,2014,2014/2015,England
Liverpool FC,Lazar Markovic,20.0,Right Winger,Benfica,€25.00m,in,Summer,25.0,Premier League,2014,2014/2015,England
Liverpool FC,Mario Balotelli,24.0,Centre-Forward,AC Milan,€20.00m,in,Summer,20.0,Premier League,2014,2014/2015,England
Liverpool FC,Alberto Moreno,22.0,Left-Back,Sevilla FC,€18.00m,in,Summer,18.0,Premier League,2014,2014/2015,England
Liverpool FC,Divock Origi,19.0,Centre-Forward,LOSC Lille,€12.63m,in,Summer,12.63,Premier League,2014,2014/2015,England
Liverpool FC,Emre Can,20.0,Defensive Midfield,Bay. Leverkusen,€12.00m,in,Summer,12.0,Premier League,2014,2014/2015,England
Liverpool FC,Rickie Lambert,32.0,Centre-Forward,Southampton,€5.50m,in,Summer,5.5,Premier League,2014,2014/2015,England
Liverpool FC,Javier Manquillo,20.0,Right-Back,Atlético Madrid,Loan fee:€2.00m,in,Summer,2.0,Premier League,2014,2014/2015,England
Manchester City,Eliaquim Mangala,23.0,Centre-Back,FC Porto,€45.00m,in,Summer,45.0,Premier League,2014,2014/2015,England
Manchester City,Fernando,26.0,Defensive Midfield,FC Porto,€15.00m,in,Summer,15.0,Premier League,2014,2014/2015,England
Manchester City,Willy Caballero,32.0,Goalkeeper,Málaga CF,€8.00m,in,Summer,8.0,Premier League,2014,2014/2015,England
Manchester City,Bruno Zuculini,21.0,Defensive Midfield,Racing Club,€2.50m,in,Summer,2.5,Premier League,2014,2014/2015,England
Manchester United,Ángel Di María,26.0,Right Winger,Real Madrid,€75.00m,in,Summer,75.0,Premier League,2014,2014/2015,England
Manchester United,Luke Shaw,18.0,Left-Back,Southampton,€37.50m,in,Summer,37.5,Premier League,2014,2014/2015,England
Manchester United,Ander Herrera,24.0,Central Midfield,Athletic,€36.00m,in,Summer,36.0,Premier League,2014,2014/2015,England
Manchester United,Marcos Rojo,24.0,Centre-Back,Sporting CP,€20.00m,in,Summer,20.0,Premier League,2014,2014/2015,England
Manchester United,Daley Blind,24.0,Left-Back,Ajax,€17.50m,in,Summer,17.5,Premier League,2014,2014/2015,England
Manchester United,Radamel Falcao,28.0,Centre-Forward,Monaco,Loan fee:€7.60m,in,Summer,7.6,Premier League,2014,2014/2015,England
Manchester United,Vanja Milinković-Savić,17.0,Goalkeeper,Vojvodina,€1.75m,in,Summer,1.75,Premier League,2014,2014/2015,England
Newcastle United,Rémy Cabella,24.0,Attacking Midfield,Montpellier,€10.00m,in,Summer,10.0,Premier League,2014,2014/2015,England
Newcastle United,Siem de Jong,25.0,Attacking Midfield,Ajax,€8.70m,in,Summer,8.7,Premier League,2014,2014/2015,England
Newcastle United,Emmanuel Rivière,24.0,Centre-Forward,Monaco,€6.32m,in,Summer,6.32,Premier League,2014,2014/2015,England
Newcastle United,Daryl Janmaat,24.0,Centre-Back,Feyenoord,€6.00m,in,Summer,6.0,Premier League,2014,2014/2015,England
Newcastle United,Jamaal Lascelles,20.0,Centre-Back,Nottm Forest,€5.00m,in,Summer,5.0,Premier League,2014,2014/2015,England
Newcastle United,Karl Darlow,23.0,Goalkeeper,Nottm Forest,€5.00m,in,Summer,5.0,Premier League,2014,2014/2015,England
Newcastle United,Ayoze Pérez,20.0,Second Striker,CD Tenerife,€2.00m,in,Summer,2.0,Premier League,2014,2014/2015,England
Newcastle United,Facundo Ferreyra,23.0,Centre-Forward,Shakhtar D.,Loan fee:€2.00m,in,Summer,2.0,Premier League,2014,2014/2015,England
Queens Park Rangers,Steven Caulker,22.0,Centre-Back,Cardiff,€10.75m,in,Summer,10.75,Premier League,2014,2014/2015,England
Queens Park Rangers,Leroy Fer,24.0,Defensive Midfield,Norwich,€10.00m,in,Summer,10.0,Premier League,2014,2014/2015,England
Queens Park Rangers,Jordon Mutch,22.0,Central Midfield,Cardiff,€7.57m,in,Summer,7.57,Premier League,2014,2014/2015,England
Queens Park Rangers,Sandro,25.0,Defensive Midfield,Spurs,€7.50m,in,Summer,7.5,Premier League,2014,2014/2015,England
Queens Park Rangers,Alex McCarthy,24.0,Goalkeeper,Reading,€3.80m,in,Summer,3.8,Premier League,2014,2014/2015,England
Queens Park Rangers,Eduardo Vargas,24.0,Second Striker,SSC Napoli,Loan fee:€1.40m,in,Summer,1.4,Premier League,2014,2014/2015,England
Queens Park Rangers,Jack Robinson,20.0,Centre-Back,Liverpool,€1.25m,in,Summer,1.25,Premier League,2014,2014/2015,England
Queens Park Rangers,Mauricio Isla,26.0,Right-Back,Juventus,Loan fee:€1.20m,in,Summer,1.2,Premier League,2014,2014/2015,England
Southampton FC,Sadio Mané,22.0,Left Winger,RB Salzburg,€23.00m,in,Summer,23.0,Premier League,2014,2014/2015,England
Southampton FC,Shane Long,27.0,Centre-Forward,Hull City,€14.90m,in,Summer,14.9,Premier League,2014,2014/2015,England
Southampton FC,Dusan Tadić,25.0,Left Winger,Twente FC,€14.00m,in,Summer,14.0,Premier League,2014,2014/2015,England
Southampton FC,Fraser Forster,26.0,Goalkeeper,Celtic,€12.50m,in,Summer,12.5,Premier League,2014,2014/2015,England
Southampton FC,Graziano Pellè,28.0,Centre-Forward,Feyenoord,€11.00m,in,Summer,11.0,Premier League,2014,2014/2015,England
Southampton FC,Florin Gardos,25.0,Centre-Back,Steaua Bucharest,€6.80m,in,Summer,6.8,Premier League,2014,2014/2015,England
Stoke City,Bojan Krkic,23.0,Second Striker,Barcelona,€1.80m,in,Summer,1.8,Premier League,2014,2014/2015,England
Sunderland AFC,Jack Rodwell,23.0,Defensive Midfield,Man City,€12.50m,in,Summer,12.5,Premier League,2014,2014/2015,England
Sunderland AFC,Will Buckley,24.0,Right Winger,Brighton,€3.12m,in,Summer,3.12,Premier League,2014,2014/2015,England
Sunderland AFC,Patrick van Aanholt,23.0,Left-Back,Chelsea,€1.90m,in,Summer,1.9,Premier League,2014,2014/2015,England
Sunderland AFC,Ricardo Álvarez,26.0,Central Midfield,Inter,Loan fee:€1.50m,in,Summer,1.5,Premier League,2014,2014/2015,England
Swansea City,Gylfi Sigurdsson,24.0,Attacking Midfield,Spurs,€10.10m,in,Summer,10.1,Premier League,2014,2014/2015,England
Swansea City,Federico Fernández,25.0,Centre-Back,SSC Napoli,€10.00m,in,Summer,10.0,Premier League,2014,2014/2015,England
Swansea City,Jefferson Montero,24.0,Left Winger,Monarcas Morelia,€5.00m,in,Summer,5.0,Premier League,2014,2014/2015,England
Swansea City,Modou Barrow,21.0,Left Winger,Östersund,€1.89m,in,Summer,1.89,Premier League,2014,2014/2015,England
Swansea City,Marvin Emnes,26.0,Centre-Forward,Middlesbrough,€1.70m,in,Summer,1.7,Premier League,2014,2014/2015,England
Tottenham Hotspur,Ben Davies,21.0,Left-Back,Swansea,€12.65m,in,Summer,12.65,Premier League,2014,2014/2015,England
Tottenham Hotspur,Federico Fazio,27.0,Centre-Back,Sevilla FC,€10.00m,in,Summer,10.0,Premier League,2014,2014/2015,England
Tottenham Hotspur,Benjamin Stambouli,24.0,Defensive Midfield,Montpellier,€5.90m,in,Summer,5.9,Premier League,2014,2014/2015,England
Tottenham Hotspur,Michel Vorm,30.0,Goalkeeper,Swansea,€5.70m,in,Summer,5.7,Premier League,2014,2014/2015,England
Tottenham Hotspur,Eric Dier,20.0,Centre-Back,Sporting CP,€5.00m,in,Summer,5.0,Premier League,2014,2014/2015,England
Tottenham Hotspur,DeAndre Yedlin,21.0,Right-Back,Seattle,€2.60m,in,Summer,2.6,Premier League,2014,2014/2015,England
West Bromwich Albion,Brown Ideye,25.0,Centre-Forward,Dynamo Kyiv,€12.63m,in,Summer,12.63,Premier League,2014,2014/2015,England
West Bromwich Albion,Cristian Gamboa,24.0,Right-Back,Rosenborg,€2.40m,in,Summer,2.4,Premier League,2014,2014/2015,England
West Bromwich Albion,Sebastián Blanco,26.0,Attacking Midfield,Metalist,€2.00m,in,Summer,2.0,Premier League,2014,2014/2015,England
West Bromwich Albion,Sébastien Pocognoli,26.0,Left-Back,Hannover 96,€1.50m,in,Summer,1.5,Premier League,2014,2014/2015,England
West Ham United,Enner Valencia,24.0,Centre-Forward,Pachuca,€15.00m,in,Summer,15.0,Premier League,2014,2014/2015,England
West Ham United,Cheikhou Kouyaté,24.0,Defensive Midfield,RSC Anderlecht,€7.50m,in,Summer,7.5,Premier League,2014,2014/2015,England
West Ham United,Diafra Sakho,24.0,Centre-Forward,FC Metz,€5.00m,in,Summer,5.0,Premier League,2014,2014/2015,England
West Ham United,Aaron Cresswell,24.0,Left-Back,Ipswich,€4.75m,in,Summer,4.75,Premier League,2014,2014/2015,England
West Ham United,Morgan Amalfitano,29.0,Right Midfield,Marseille,€1.00m,in,Summer,1.0,Premier League,2014,2014/2015,England
Arsenal FC,Gabriel Paulista,24.0,Centre-Back,Villarreal,€15.00m,in,Winter,15.0,Premier League,2014,2014/2015,England
Arsenal FC,Krystian Bielik,17.0,Defensive Midfield,Legia Warszawa,€2.25m,in,Winter,2.25,Premier League,2014,2014/2015,England
Aston Villa,Carles Gil,22.0,Attacking Midfield,Valencia,€4.20m,in,Winter,4.2,Premier League,2014,2014/2015,England
Burnley FC,Michael Keane,22.0,Centre-Back,Man Utd U21,€2.56m,in,Winter,2.56,Premier League,2014,2014/2015,England
Chelsea FC,Juan Cuadrado,26.0,Right-Back,Fiorentina,€31.00m,in,Winter,31.0,Premier League,2014,2014/2015,England
Crystal Palace,Jordon Mutch,23.0,Central Midfield,QPR,€6.34m,in,Winter,6.34,Premier League,2014,2014/2015,England
Crystal Palace,Pape Souaré,24.0,Left-Back,LOSC Lille,€5.30m,in,Winter,5.3,Premier League,2014,2014/2015,England
Crystal Palace,Wilfried Zaha,22.0,Left Winger,Man Utd,€3.80m,in,Winter,3.8,Premier League,2014,2014/2015,England
Crystal Palace,Keshi Anderson,19.0,Right Winger,Barton Rovers,€40Th.,in,Winter,0.04,Premier League,2014,2014/2015,England
Hull City,Dame N'Doye,29.0,Centre-Forward,Loko Moscow,€3.96m,in,Winter,3.96,Premier League,2014,2014/2015,England
Leicester City,Andrej Kramaric,23.0,Centre-Forward,HNK Rijeka,€9.00m,in,Winter,9.0,Premier League,2014,2014/2015,England
Manchester City,Wilfried Bony,26.0,Centre-Forward,Swansea,€32.30m,in,Winter,32.3,Premier League,2014,2014/2015,England
Queens Park Rangers,Ryan Manning,18.0,Left-Back,Galway United,€68Th.,in,Winter,0.068,Premier League,2014,2014/2015,England
Southampton FC,Ryan Bertrand,25.0,Left-Back,Chelsea,€13.30m,in,Winter,13.3,Premier League,2014,2014/2015,England
Southampton FC,Eljero Elia,27.0,Left Winger,Werder Bremen,Loan fee:€500Th.,in,Winter,0.5,Premier League,2014,2014/2015,England
Sunderland AFC,Jermain Defoe,32.0,Centre-Forward,Toronto,€3.50m,in,Winter,3.5,Premier League,2014,2014/2015,England
Swansea City,Kyle Naughton,26.0,Right-Back,Spurs,€6.60m,in,Winter,6.6,Premier League,2014,2014/2015,England
Swansea City,Jack Cork,25.0,Defensive Midfield,Southampton,€4.00m,in,Winter,4.0,Premier League,2014,2014/2015,England
Swansea City,Matt Grimes,19.0,Central Midfield,Exeter City,€2.24m,in,Winter,2.24,Premier League,2014,2014/2015,England
Tottenham Hotspur,Dele Alli,18.0,Attacking Midfield,MK Dons,€6.63m,in,Winter,6.63,Premier League,2014,2014/2015,England
West Bromwich Albion,Callum McManaman,23.0,Right Winger,Wigan,€6.35m,in,Winter,6.35,Premier League,2014,2014/2015,England
West Ham United,Doneil Henry,21.0,Centre-Back,Apol. Limassol,€1.90m,in,Winter,1.9,Premier League,2014,2014/2015,England
Chelsea FC,Pedro,28.0,Right Winger,Barcelona,€27.00m,in,Summer,27.0,Premier League,2015,2015/2016,England
Chelsea FC,Abdul-Rahman Baba,21.0,Left-Back,FC Augsburg,€26.00m,in,Summer,26.0,Premier League,2015,2015/2016,England
Chelsea FC,Asmir Begovic,28.0,Goalkeeper,Stoke City,€11.00m,in,Summer,11.0,Premier League,2015,2015/2016,England
Chelsea FC,Kenedy,19.0,Left Midfield,Fluminense,€8.00m,in,Summer,8.0,Premier League,2015,2015/2016,England
Chelsea FC,Radamel Falcao,29.0,Centre-Forward,Monaco,Loan fee:€7.00m,in,Summer,7.0,Premier League,2015,2015/2016,England
Chelsea FC,Michael Hector,23.0,Centre-Back,Reading,€5.40m,in,Summer,5.4,Premier League,2015,2015/2016,England
Chelsea FC,Nathan,19.0,Attacking Midfield,Atlético-PR,€4.00m,in,Summer,4.0,Premier League,2015,2015/2016,England
Chelsea FC,Papy Djilobodji,26.0,Centre-Back,FC Nantes,€3.50m,in,Summer,3.5,Premier League,2015,2015/2016,England
Manchester City,Kevin De Bruyne,24.0,Attacking Midfield,VfL Wolfsburg,€76.00m,in,Summer,76.0,Premier League,2015,2015/2016,England
Manchester City,Raheem Sterling,20.0,Left Winger,Liverpool,€63.70m,in,Summer,63.7,Premier League,2015,2015/2016,England
Manchester City,Nicolás Otamendi,27.0,Centre-Back,Valencia,€44.50m,in,Summer,44.5,Premier League,2015,2015/2016,England
Manchester City,Fabian Delph,25.0,Central Midfield,Aston Villa,€11.50m,in,Summer,11.5,Premier League,2015,2015/2016,England
Manchester City,Patrick Roberts,18.0,Right Winger,Fulham,€7.20m,in,Summer,7.2,Premier League,2015,2015/2016,England
Manchester City,Enes Ünal,18.0,Centre-Forward,Bursaspor,€4.40m,in,Summer,4.4,Premier League,2015,2015/2016,England
Manchester City,Rubén Sobrino,23.0,Centre-Forward,Ponferradina,€550Th.,in,Summer,0.55,Premier League,2015,2015/2016,England
Manchester City,Florian Lejeune,24.0,Centre-Back,Girona,€300Th.,in,Summer,0.3,Premier League,2015,2015/2016,England
Arsenal FC,Petr Cech,33.0,Goalkeeper,Chelsea,€14.00m,in,Summer,14.0,Premier League,2015,2015/2016,England
Manchester United,Anthony Martial,19.0,Centre-Forward,Monaco,€60.00m,in,Summer,60.0,Premier League,2015,2015/2016,England
Manchester United,Morgan Schneiderlin,25.0,Defensive Midfield,Southampton,€35.00m,in,Summer,35.0,Premier League,2015,2015/2016,England
Manchester United,Memphis Depay,21.0,Centre-Forward,PSV Eindhoven,€34.00m,in,Summer,34.0,Premier League,2015,2015/2016,England
Manchester United,Matteo Darmian,25.0,Right-Back,Torino,€18.00m,in,Summer,18.0,Premier League,2015,2015/2016,England
Manchester United,Bastian Schweinsteiger,30.0,Central Midfield,Bayern Munich,€9.00m,in,Summer,9.0,Premier League,2015,2015/2016,England
Tottenham Hotspur,Heung-min Son,23.0,Left Winger,Bay. Leverkusen,€30.00m,in,Summer,30.0,Premier League,2015,2015/2016,England
Tottenham Hotspur,Toby Alderweireld,26.0,Centre-Back,Atlético Madrid,€16.00m,in,Summer,16.0,Premier League,2015,2015/2016,England
Tottenham Hotspur,Clinton N'Jie,22.0,Right Winger,Olympique Lyon,€14.10m,in,Summer,14.1,Premier League,2015,2015/2016,England
Tottenham Hotspur,Kevin Wimmer,22.0,Centre-Back,1. FC Köln,€6.00m,in,Summer,6.0,Premier League,2015,2015/2016,England
Tottenham Hotspur,Kieran Trippier,24.0,Right-Back,Burnley,€4.90m,in,Summer,4.9,Premier League,2015,2015/2016,England
Liverpool FC,Christian Benteke,24.0,Centre-Forward,Aston Villa,€46.50m,in,Summer,46.5,Premier League,2015,2015/2016,England
Liverpool FC,Roberto Firmino,23.0,Centre-Forward,TSG Hoffenheim,€41.00m,in,Summer,41.0,Premier League,2015,2015/2016,England
Liverpool FC,Nathaniel Clyne,24.0,Right-Back,Southampton,€17.70m,in,Summer,17.7,Premier League,2015,2015/2016,England
Liverpool FC,Danny Ings,22.0,Centre-Forward,Burnley,€8.30m,in,Summer,8.3,Premier League,2015,2015/2016,England
Liverpool FC,Joe Gomez,18.0,Centre-Back,Charlton,€4.90m,in,Summer,4.9,Premier League,2015,2015/2016,England
Liverpool FC,Taiwo Awoniyi,18.0,Centre-Forward,Imperial Acad.,€1.10m,in,Summer,1.1,Premier League,2015,2015/2016,England
Southampton FC,Virgil van Dijk,24.0,Centre-Back,Celtic,€15.70m,in,Summer,15.7,Premier League,2015,2015/2016,England
Southampton FC,Jordy Clasie,24.0,Defensive Midfield,Feyenoord,€15.00m,in,Summer,15.0,Premier League,2015,2015/2016,England
Southampton FC,Juanmi,22.0,Left Winger,Málaga CF,€7.00m,in,Summer,7.0,Premier League,2015,2015/2016,England
Southampton FC,Cédric Soares,23.0,Right-Back,Sporting CP,€7.00m,in,Summer,7.0,Premier League,2015,2015/2016,England
Southampton FC,Oriol Romeu,23.0,Defensive Midfield,Chelsea,€7.00m,in,Summer,7.0,Premier League,2015,2015/2016,England
Southampton FC,Steven Caulker,23.0,Centre-Back,QPR,Loan fee:€1.70m,in,Summer,1.7,Premier League,2015,2015/2016,England
Southampton FC,Cuco Martina,25.0,Right-Back,Twente FC,€1.50m,in,Summer,1.5,Premier League,2015,2015/2016,England
Swansea City,Éder,27.0,Centre-Forward,SC Braga,€6.70m,in,Summer,6.7,Premier League,2015,2015/2016,England
Swansea City,Franck Tabanou,26.0,Left-Back,Saint-Étienne,€4.90m,in,Summer,4.9,Premier League,2015,2015/2016,England
Swansea City,Kristoffer Nordfeldt,26.0,Goalkeeper,Heerenveen,€850Th.,in,Summer,0.85,Premier League,2015,2015/2016,England
Swansea City,Oliver McBurnie,19.0,Centre-Forward,Bradford,€350Th.,in,Summer,0.35,Premier League,2015,2015/2016,England
Swansea City,Botti Biabi,19.0,Centre-Forward,Falkirk,€210Th.,in,Summer,0.21,Premier League,2015,2015/2016,England
Stoke City,Xherdan Shaqiri,23.0,Right Winger,Inter,€17.00m,in,Summer,17.0,Premier League,2015,2015/2016,England
Stoke City,Joselu,25.0,Centre-Forward,Hannover 96,€8.00m,in,Summer,8.0,Premier League,2015,2015/2016,England
Stoke City,Philipp Wollscheid,26.0,Centre-Back,Bay. Leverkusen,€3.80m,in,Summer,3.8,Premier League,2015,2015/2016,England
Stoke City,Jakob Haugaard,23.0,Goalkeeper,FC Midtjylland,€600Th.,in,Summer,0.6,Premier League,2015,2015/2016,England
Crystal Palace,Yohan Cabaye,29.0,Central Midfield,Paris SG,€13.90m,in,Summer,13.9,Premier League,2015,2015/2016,England
Crystal Palace,Connor Wickham,22.0,Centre-Forward,Sunderland,€10.00m,in,Summer,10.0,Premier League,2015,2015/2016,England
Crystal Palace,Alex McCarthy,25.0,Goalkeeper,QPR,€4.90m,in,Summer,4.9,Premier League,2015,2015/2016,England
Everton FC,Ramiro Funes Mori,24.0,Centre-Back,River Plate,€12.90m,in,Summer,12.9,Premier League,2015,2015/2016,England
Everton FC,Gerard Deulofeu,21.0,Centre-Forward,Barcelona,€6.00m,in,Summer,6.0,Premier League,2015,2015/2016,England
Everton FC,Aaron Lennon,28.0,Right Winger,Spurs,€6.00m,in,Summer,6.0,Premier League,2015,2015/2016,England
Everton FC,Mason Holgate,18.0,Centre-Back,Barnsley FC,€1.40m,in,Summer,1.4,Premier League,2015,2015/2016,England
Everton FC,Leandro Rodríguez,22.0,Centre-Forward,River Plate,€700Th.,in,Summer,0.7,Premier League,2015,2015/2016,England
West Ham United,Dimitri Payet,28.0,Attacking Midfield,Marseille,€15.00m,in,Summer,15.0,Premier League,2015,2015/2016,England
West Ham United,Angelo Ogbonna,27.0,Centre-Back,Juventus,€11.00m,in,Summer,11.0,Premier League,2015,2015/2016,England
West Ham United,Michail Antonio,25.0,Centre-Forward,Nottm Forest,€9.50m,in,Summer,9.5,Premier League,2015,2015/2016,England
West Ham United,Pedro Obiang,23.0,Central Midfield,Sampdoria,€6.00m,in,Summer,6.0,Premier League,2015,2015/2016,England
West Ham United,Nikica Jelavic,30.0,Centre-Forward,Hull City,€4.10m,in,Summer,4.1,Premier League,2015,2015/2016,England
West Ham United,Stephen Hendrie,20.0,Left-Back,Hamilton Acad.,€1.30m,in,Summer,1.3,Premier League,2015,2015/2016,England
West Bromwich Albion,Salomón Rondón,25.0,Centre-Forward,Zenit S-Pb,€17.00m,in,Summer,17.0,Premier League,2015,2015/2016,England
West Bromwich Albion,James Chester,26.0,Centre-Back,Hull City,€11.30m,in,Summer,11.3,Premier League,2015,2015/2016,England
West Bromwich Albion,Jonny Evans,27.0,Centre-Back,Man Utd,€8.30m,in,Summer,8.3,Premier League,2015,2015/2016,England
West Bromwich Albion,Rickie Lambert,33.0,Centre-Forward,Liverpool,€4.20m,in,Summer,4.2,Premier League,2015,2015/2016,England
West Bromwich Albion,James McClean,26.0,Left Midfield,Wigan,€2.10m,in,Summer,2.1,Premier League,2015,2015/2016,England
Leicester City,Shinji Okazaki,29.0,Centre-Forward,1.FSV Mainz 05,€11.00m,in,Summer,11.0,Premier League,2015,2015/2016,England
Leicester City,N'Golo Kanté,24.0,Defensive Midfield,SM Caen,€9.00m,in,Summer,9.0,Premier League,2015,2015/2016,England
Leicester City,Gökhan Inler,31.0,Defensive Midfield,SSC Napoli,€7.00m,in,Summer,7.0,Premier League,2015,2015/2016,England
Leicester City,Yohan Benalouane,28.0,Centre-Back,Atalanta BC,€7.00m,in,Summer,7.0,Premier League,2015,2015/2016,England
Leicester City,Robert Huth,30.0,Centre-Back,Stoke City,€4.20m,in,Summer,4.2,Premier League,2015,2015/2016,England
Newcastle United,Georginio Wijnaldum,24.0,Central Midfield,PSV Eindhoven,€20.00m,in,Summer,20.0,Premier League,2015,2015/2016,England
Newcastle United,Aleksandar Mitrović,20.0,Centre-Forward,RSC Anderlecht,€18.50m,in,Summer,18.5,Premier League,2015,2015/2016,England
Newcastle United,Florian Thauvin,22.0,Right Winger,Marseille,€18.35m,in,Summer,18.35,Premier League,2015,2015/2016,England
Newcastle United,Chancel Mbemba,20.0,Centre-Back,RSC Anderlecht,€12.00m,in,Summer,12.0,Premier League,2015,2015/2016,England
Newcastle United,Ivan Toney,19.0,Centre-Forward,Northampton,€360Th.,in,Summer,0.36,Premier League,2015,2015/2016,England
Sunderland AFC,Jeremain Lens,27.0,Right Winger,Dynamo Kyiv,€11.40m,in,Summer,11.4,Premier League,2015,2015/2016,England
Sunderland AFC,Fabio Borini,24.0,Left Winger,Liverpool,€10.70m,in,Summer,10.7,Premier League,2015,2015/2016,England
Sunderland AFC,Ricardo Álvarez,27.0,Central Midfield,Inter,€10.50m,in,Summer,10.5,Premier League,2015,2015/2016,England
Sunderland AFC,Younès Kaboul,29.0,Centre-Back,Spurs,€4.30m,in,Summer,4.3,Premier League,2015,2015/2016,England
Sunderland AFC,Santiago Vergini,26.0,Centre-Back,Estudiantes,€2.85m,in,Summer,2.85,Premier League,2015,2015/2016,England
Sunderland AFC,Sebastián Coates,24.0,Centre-Back,Liverpool,€2.80m,in,Summer,2.8,Premier League,2015,2015/2016,England
Sunderland AFC,Adam Matthews,23.0,Right-Back,Celtic,€2.80m,in,Summer,2.8,Premier League,2015,2015/2016,England
Aston Villa,Jordan Ayew,23.0,Centre-Forward,FC Lorient,€12.00m,in,Summer,12.0,Premier League,2015,2015/2016,England
Aston Villa,Jordan Amavi,21.0,Left-Back,OGC Nice,€11.00m,in,Summer,11.0,Premier League,2015,2015/2016,England
Aston Villa,Adama Traoré,19.0,Right Winger,Barcelona B,€10.00m,in,Summer,10.0,Premier League,2015,2015/2016,England
Aston Villa,Jordan Veretout,22.0,Central Midfield,FC Nantes,€10.00m,in,Summer,10.0,Premier League,2015,2015/2016,England
Aston Villa,Idrissa Gueye,25.0,Central Midfield,LOSC Lille,€9.00m,in,Summer,9.0,Premier League,2015,2015/2016,England
Aston Villa,Rudy Gestede,26.0,Centre-Forward,Blackburn,€8.50m,in,Summer,8.5,Premier League,2015,2015/2016,England
Aston Villa,Scott Sinclair,26.0,Left Winger,Man City,€3.50m,in,Summer,3.5,Premier League,2015,2015/2016,England
Aston Villa,Joleon Lescott,33.0,Centre-Back,West Brom,€1.40m,in,Summer,1.4,Premier League,2015,2015/2016,England
Aston Villa,José Crespo,28.0,Centre-Back,Córdoba CF,€800Th.,in,Summer,0.8,Premier League,2015,2015/2016,England
Aston Villa,Tiago Ilori,22.0,Centre-Back,Liverpool,Loan fee:€350Th.,in,Summer,0.35,Premier League,2015,2015/2016,England
AFC Bournemouth,Tyrone Mings,22.0,Centre-Back,Ipswich,€11.30m,in,Summer,11.3,Premier League,2015,2015/2016,England
AFC Bournemouth,Max Gradel,27.0,Left Winger,Saint-Étienne,€10.00m,in,Summer,10.0,Premier League,2015,2015/2016,England
AFC Bournemouth,Glenn Murray,31.0,Centre-Forward,Crystal Palace,€5.40m,in,Summer,5.4,Premier League,2015,2015/2016,England
AFC Bournemouth,Lee Tomlin,26.0,Second Striker,Middlesbrough,€4.30m,in,Summer,4.3,Premier League,2015,2015/2016,England
Watford FC,Étienne Capoue,26.0,Defensive Midfield,Spurs,€8.90m,in,Summer,8.9,Premier League,2015,2015/2016,England
Watford FC,José Manuel Jurado,29.0,Attacking Midfield,Spartak Moscow,€8.60m,in,Summer,8.6,Premier League,2015,2015/2016,England
Watford FC,Matej Vydra,23.0,Centre-Forward,Udinese Calcio,€8.40m,in,Summer,8.4,Premier League,2015,2015/2016,England
Watford FC,Obbi Oulare,19.0,Centre-Forward,Club Brugge,€7.50m,in,Summer,7.5,Premier League,2015,2015/2016,England
Watford FC,Steven Berghuis,23.0,Attacking Midfield,AZ Alkmaar,€6.50m,in,Summer,6.5,Premier League,2015,2015/2016,England
Watford FC,Valon Behrami,30.0,Defensive Midfield,Hamburger SV,€3.50m,in,Summer,3.5,Premier League,2015,2015/2016,England
Watford FC,Jose Cholevas,31.0,Left-Back,AS Roma,€2.50m,in,Summer,2.5,Premier League,2015,2015/2016,England
Watford FC,Víctor Ibarbo,25.0,Second Striker,AS Roma,Loan fee:€2.00m,in,Summer,2.0,Premier League,2015,2015/2016,England
Norwich City,Robbie Brady,23.0,Left Midfield,Hull City,€9.90m,in,Summer,9.9,Premier League,2015,2015/2016,England
Norwich City,Graham Dorrans,28.0,Central Midfield,West Brom,€4.10m,in,Summer,4.1,Premier League,2015,2015/2016,England
Norwich City,Andre Wisdom,22.0,Right-Back,Liverpool,Loan fee:€1.80m,in,Summer,1.8,Premier League,2015,2015/2016,England
Chelsea FC,Matt Miazga,20.0,Centre-Back,New York RB,€4.60m,in,Winter,4.6,Premier League,2015,2015/2016,England
Manchester City,Anthony Cáceres,23.0,Central Midfield,Central Coast,€320Th.,in,Winter,0.32,Premier League,2015,2015/2016,England
Arsenal FC,Mohamed Elneny,23.0,Defensive Midfield,FC Basel,€12.50m,in,Winter,12.5,Premier League,2015,2015/2016,England
Liverpool FC,Marko Grujic,19.0,Central Midfield,Red Star,€7.00m,in,Winter,7.0,Premier League,2015,2015/2016,England
Southampton FC,Charlie Austin,26.0,Centre-Forward,QPR,€5.20m,in,Winter,5.2,Premier League,2015,2015/2016,England
Swansea City,Alberto Paloschi,26.0,Centre-Forward,Chievo Verona,€8.80m,in,Winter,8.8,Premier League,2015,2015/2016,England
Stoke City,Giannelli Imbula,23.0,Defensive Midfield,FC Porto,€24.25m,in,Winter,24.25,Premier League,2015,2015/2016,England
Everton FC,Oumar Niasse,25.0,Centre-Forward,Loko Moscow,€17.90m,in,Winter,17.9,Premier League,2015,2015/2016,England
Everton FC,Shani Tarashaj,20.0,Second Striker,Grasshoppers,€4.00m,in,Winter,4.0,Premier League,2015,2015/2016,England
West Ham United,Sam Byram,22.0,Right-Back,Leeds,€4.80m,in,Winter,4.8,Premier League,2015,2015/2016,England
West Ham United,Emmanuel Emenike,28.0,Centre-Forward,Fenerbahce,Loan fee:€1.00m,in,Winter,1.0,Premier League,2015,2015/2016,England
Leicester City,Daniel Amartey,21.0,Centre-Back,FC Copenhagen,€6.60m,in,Winter,6.6,Premier League,2015,2015/2016,England
Leicester City,Demarai Gray,19.0,Left Winger,Birmingham,€5.10m,in,Winter,5.1,Premier League,2015,2015/2016,England
Newcastle United,Jonjo Shelvey,23.0,Central Midfield,Swansea,€16.00m,in,Winter,16.0,Premier League,2015,2015/2016,England
Newcastle United,Andros Townsend,24.0,Right Winger,Spurs,€15.70m,in,Winter,15.7,Premier League,2015,2015/2016,England
Newcastle United,Henri Saivet,25.0,Attacking Midfield,G. Bordeaux,€6.00m,in,Winter,6.0,Premier League,2015,2015/2016,England
Newcastle United,Seydou Doumbia,28.0,Centre-Forward,AS Roma,Loan fee:€1.00m,in,Winter,1.0,Premier League,2015,2015/2016,England
Sunderland AFC,Wahbi Khazri,24.0,Centre-Forward,G. Bordeaux,€11.80m,in,Winter,11.8,Premier League,2015,2015/2016,England
Sunderland AFC,Lamine Koné,26.0,Centre-Back,FC Lorient,€6.50m,in,Winter,6.5,Premier League,2015,2015/2016,England
Sunderland AFC,Dame N'Doye,30.0,Centre-Forward,Trabzonspor,Loan fee:€1.40m,in,Winter,1.4,Premier League,2015,2015/2016,England
Sunderland AFC,Jan Kirchhoff,25.0,Centre-Back,Bayern Munich,€1.00m,in,Winter,1.0,Premier League,2015,2015/2016,England
AFC Bournemouth,Benik Afobe,22.0,Centre-Forward,Wolves,€13.30m,in,Winter,13.3,Premier League,2015,2015/2016,England
AFC Bournemouth,Lewis Grabban,27.0,Centre-Forward,Norwich,€9.35m,in,Winter,9.35,Premier League,2015,2015/2016,England
AFC Bournemouth,Juan Iturbe,22.0,Left Winger,AS Roma,Loan fee:€1.20m,in,Winter,1.2,Premier League,2015,2015/2016,England
AFC Bournemouth,Rhoys Wiggins,28.0,Left-Back,Sheff Wed,€260Th.,in,Winter,0.26,Premier League,2015,2015/2016,England
Watford FC,Adalberto Peñaranda,18.0,Centre-Forward,Udinese Calcio,€10.60m,in,Winter,10.6,Premier League,2015,2015/2016,England
Watford FC,Abdoulaye Doucouré,23.0,Central Midfield,Stade Rennais,€10.60m,in,Winter,10.6,Premier League,2015,2015/2016,England
Watford FC,Nordin Amrabat,28.0,Right Winger,Málaga CF,€8.40m,in,Winter,8.4,Premier League,2015,2015/2016,England
Watford FC,Mario Suárez,28.0,Centre-Back,Fiorentina,€5.30m,in,Winter,5.3,Premier League,2015,2015/2016,England
Norwich City,Steven Naismith,29.0,Second Striker,Everton,€11.00m,in,Winter,11.0,Premier League,2015,2015/2016,England
Norwich City,Timm Klose,27.0,Centre-Back,VfL Wolfsburg,€11.00m,in,Winter,11.0,Premier League,2015,2015/2016,England
Norwich City,Ivo Pinto,26.0,Right-Back,Dinamo Zagreb,€3.70m,in,Winter,3.7,Premier League,2015,2015/2016,England
Norwich City,Matt Jarvis,29.0,Left Winger,West Ham,€3.40m,in,Winter,3.4,Premier League,2015,2015/2016,England
Norwich City,Ben Godfrey,18.0,Centre-Back,York City,€2.95m,in,Winter,2.95,Premier League,2015,2015/2016,England
Norwich City,James Maddison,19.0,Attacking Midfield,Coventry,€2.65m,in,Winter,2.65,Premier League,2015,2015/2016,England
Leicester City,Islam Slimani,28.0,Centre-Forward,Sporting CP,€31.00m,in,Summer,31.0,Premier League,2016,2016/2017,England
Leicester City,Ahmed Musa,23.0,Right Winger,CSKA Moscow,€19.50m,in,Summer,19.5,Premier League,2016,2016/2017,England
Leicester City,Nampalys Mendy,24.0,Defensive Midfield,OGC Nice,€15.50m,in,Summer,15.5,Premier League,2016,2016/2017,England
Leicester City,Bartosz Kapustka,19.0,Attacking Midfield,Cracovia,€5.00m,in,Summer,5.0,Premier League,2016,2016/2017,England
Leicester City,Ron-Robert Zieler,27.0,Goalkeeper,Hannover 96,€3.50m,in,Summer,3.5,Premier League,2016,2016/2017,England
Arsenal FC,Granit Xhaka,23.0,Defensive Midfield,Bor. M'gladbach,€45.00m,in,Summer,45.0,Premier League,2016,2016/2017,England
Arsenal FC,Shkodran Mustafi,24.0,Centre-Back,Valencia,€41.00m,in,Summer,41.0,Premier League,2016,2016/2017,England
Arsenal FC,Lucas Pérez,27.0,Centre-Forward,Dep. La Coruña,€20.00m,in,Summer,20.0,Premier League,2016,2016/2017,England
Arsenal FC,Takuma Asano,21.0,Right Winger,Sanf. Hiroshima,€4.00m,in,Summer,4.0,Premier League,2016,2016/2017,England
Arsenal FC,Rob Holding,20.0,Centre-Back,Bolton,€3.00m,in,Summer,3.0,Premier League,2016,2016/2017,England
Tottenham Hotspur,Moussa Sissoko,27.0,Central Midfield,Newcastle,€35.00m,in,Summer,35.0,Premier League,2016,2016/2017,England
Tottenham Hotspur,Vincent Janssen,22.0,Centre-Forward,AZ Alkmaar,€22.00m,in,Summer,22.0,Premier League,2016,2016/2017,England
Tottenham Hotspur,Victor Wanyama,25.0,Defensive Midfield,Southampton,€14.40m,in,Summer,14.4,Premier League,2016,2016/2017,England
Tottenham Hotspur,Georges-Kevin N'Koudou,21.0,Left Winger,Marseille,€11.00m,in,Summer,11.0,Premier League,2016,2016/2017,England
Tottenham Hotspur,Pau López,21.0,Goalkeeper,Espanyol,Loan fee:€1.10m,in,Summer,1.1,Premier League,2016,2016/2017,England
Manchester City,John Stones,22.0,Centre-Back,Everton,€55.60m,in,Summer,55.6,Premier League,2016,2016/2017,England
Manchester City,Leroy Sané,20.0,Left Winger,FC Schalke 04,€52.00m,in,Summer,52.0,Premier League,2016,2016/2017,England
Manchester City,Ilkay Gündogan,25.0,Central Midfield,Bor. Dortmund,€27.00m,in,Summer,27.0,Premier League,2016,2016/2017,England
Manchester City,Claudio Bravo,33.0,Goalkeeper,Barcelona,€18.00m,in,Summer,18.0,Premier League,2016,2016/2017,England
Manchester City,Nolito,29.0,Left Winger,Celta de Vigo,€18.00m,in,Summer,18.0,Premier League,2016,2016/2017,England
Manchester City,Marlos Moreno,19.0,Right Winger,Atl. Nacional,€5.50m,in,Summer,5.5,Premier League,2016,2016/2017,England
Manchester City,Gerónimo Rulli,24.0,Goalkeeper,Maldonado,€4.70m,in,Summer,4.7,Premier League,2016,2016/2017,England
Manchester City,Oleksandr Zinchenko,19.0,Left-Back,Ufa,€2.00m,in,Summer,2.0,Premier League,2016,2016/2017,England
Manchester City,Pablo Marí,22.0,Centre-Back,Gimnàstic,€200Th.,in,Summer,0.2,Premier League,2016,2016/2017,England
Manchester United,Paul Pogba,23.0,Central Midfield,Juventus,€105.00m,in,Summer,105.0,Premier League,2016,2016/2017,England
Manchester United,Henrikh Mkhitaryan,27.0,Attacking Midfield,Bor. Dortmund,€42.00m,in,Summer,42.0,Premier League,2016,2016/2017,England
Manchester United,Eric Bailly,22.0,Centre-Back,Villarreal,€38.00m,in,Summer,38.0,Premier League,2016,2016/2017,England
Southampton FC,Sofiane Boufal,22.0,Left Winger,LOSC Lille,€18.70m,in,Summer,18.7,Premier League,2016,2016/2017,England
Southampton FC,Pierre-Emile Höjbjerg,20.0,Central Midfield,Bayern Munich,€15.00m,in,Summer,15.0,Premier League,2016,2016/2017,England
Southampton FC,Nathan Redmond,22.0,Left Winger,Norwich,€13.50m,in,Summer,13.5,Premier League,2016,2016/2017,England
Southampton FC,Alex McCarthy,26.0,Goalkeeper,Crystal Palace,€4.70m,in,Summer,4.7,Premier League,2016,2016/2017,England
West Ham United,André Ayew,26.0,Left Winger,Swansea,€24.10m,in,Summer,24.1,Premier League,2016,2016/2017,England
West Ham United,Manuel Lanzini,23.0,Attacking Midfield,Al-Jazira,€12.00m,in,Summer,12.0,Premier League,2016,2016/2017,England
West Ham United,Arthur Masuaku,22.0,Left-Back,Olympiacos,€7.10m,in,Summer,7.1,Premier League,2016,2016/2017,England
West Ham United,Edimilson Fernandes,20.0,Central Midfield,FC Sion,€6.40m,in,Summer,6.4,Premier League,2016,2016/2017,England
West Ham United,Simone Zaza,25.0,Centre-Forward,Juventus,Loan fee:€5.00m,in,Summer,5.0,Premier League,2016,2016/2017,England
West Ham United,Jonathan Calleri,22.0,Centre-Forward,Maldonado,Loan fee:€4.70m,in,Summer,4.7,Premier League,2016,2016/2017,England
West Ham United,Gökhan Töre,24.0,Right Winger,Besiktas,Loan fee:€3.00m,in,Summer,3.0,Premier League,2016,2016/2017,England
Liverpool FC,Sadio Mané,24.0,Left Winger,Southampton,€41.20m,in,Summer,41.2,Premier League,2016,2016/2017,England
Liverpool FC,Georginio Wijnaldum,25.0,Central Midfield,Newcastle,€27.50m,in,Summer,27.5,Premier League,2016,2016/2017,England
Liverpool FC,Loris Karius,23.0,Goalkeeper,1.FSV Mainz 05,€6.20m,in,Summer,6.2,Premier League,2016,2016/2017,England
Liverpool FC,Ragnar Klavan,30.0,Centre-Back,FC Augsburg,€5.00m,in,Summer,5.0,Premier League,2016,2016/2017,England
Stoke City,Joe Allen,26.0,Central Midfield,Liverpool,€15.50m,in,Summer,15.5,Premier League,2016,2016/2017,England
Stoke City,Ramadan Sobhi,19.0,Left Winger,El Ahly,€5.00m,in,Summer,5.0,Premier League,2016,2016/2017,England
Stoke City,Wilfried Bony,27.0,Centre-Forward,Man City,Loan fee:€2.35m,in,Summer,2.35,Premier League,2016,2016/2017,England
Stoke City,Ryan Sweeney,19.0,Centre-Back,AFC Wimbledon,€295Th.,in,Summer,0.295,Premier League,2016,2016/2017,England
Stoke City,Harry Souttar,17.0,Centre-Back,Dundee United,€230Th.,in,Summer,0.23,Premier League,2016,2016/2017,England
Chelsea FC,Michy Batshuayi,22.0,Centre-Forward,Marseille,€39.00m,in,Summer,39.0,Premier League,2016,2016/2017,England
Chelsea FC,N'Golo Kanté,25.0,Defensive Midfield,Leicester,€35.80m,in,Summer,35.8,Premier League,2016,2016/2017,England
Chelsea FC,David Luiz,29.0,Centre-Back,Paris SG,€35.00m,in,Summer,35.0,Premier League,2016,2016/2017,England
Chelsea FC,Marcos Alonso,25.0,Left-Back,Fiorentina,€23.00m,in,Summer,23.0,Premier League,2016,2016/2017,England
Everton FC,Yannick Bolasie,27.0,Left Winger,Crystal Palace,€28.90m,in,Summer,28.9,Premier League,2016,2016/2017,England
Everton FC,Ashley Williams,31.0,Centre-Back,Swansea,€14.00m,in,Summer,14.0,Premier League,2016,2016/2017,England
Everton FC,Idrissa Gueye,26.0,Central Midfield,Aston Villa,€8.50m,in,Summer,8.5,Premier League,2016,2016/2017,England
Everton FC,Dominic Calvert-Lewin,19.0,Centre-Forward,Sheff Utd,€1.80m,in,Summer,1.8,Premier League,2016,2016/2017,England
Everton FC,Maarten Stekelenburg,33.0,Goalkeeper,Fulham,€1.00m,in,Summer,1.0,Premier League,2016,2016/2017,England
Swansea City,Borja Bastón,23.0,Centre-Forward,Atlético Madrid,€18.00m,in,Summer,18.0,Premier League,2016,2016/2017,England
Swansea City,Alfie Mawson,22.0,Centre-Back,Barnsley FC,€5.90m,in,Summer,5.9,Premier League,2016,2016/2017,England
Swansea City,Fernando Llorente,31.0,Centre-Forward,Sevilla FC,€5.90m,in,Summer,5.9,Premier League,2016,2016/2017,England
Swansea City,Leroy Fer,26.0,Defensive Midfield,QPR,€5.60m,in,Summer,5.6,Premier League,2016,2016/2017,England
Swansea City,Mike van der Hoorn,23.0,Centre-Back,Ajax,€2.50m,in,Summer,2.5,Premier League,2016,2016/2017,England
Watford FC,Isaac Success,20.0,Centre-Forward,Granada CF,€15.00m,in,Summer,15.0,Premier League,2016,2016/2017,England
Watford FC,Roberto Pereyra,25.0,Attacking Midfield,Juventus,€13.50m,in,Summer,13.5,Premier League,2016,2016/2017,England
Watford FC,Sven Kums,28.0,Central Midfield,KAA Gent,€9.00m,in,Summer,9.0,Premier League,2016,2016/2017,England
Watford FC,Daryl Janmaat,27.0,Centre-Back,Newcastle,€8.90m,in,Summer,8.9,Premier League,2016,2016/2017,England
Watford FC,Christian Kabasele,25.0,Centre-Back,KRC Genk,€6.95m,in,Summer,6.95,Premier League,2016,2016/2017,England
Watford FC,Stefano Okaka,27.0,Centre-Forward,RSC Anderlecht,€6.00m,in,Summer,6.0,Premier League,2016,2016/2017,England
Watford FC,Younès Kaboul,30.0,Centre-Back,Sunderland,€4.00m,in,Summer,4.0,Premier League,2016,2016/2017,England
Watford FC,Brice Dja Djedje,25.0,Defensive Midfield,Marseille,€3.60m,in,Summer,3.6,Premier League,2016,2016/2017,England
West Bromwich Albion,Nacer Chadli,27.0,Left Winger,Spurs,€15.20m,in,Summer,15.2,Premier League,2016,2016/2017,England
West Bromwich Albion,Matt Phillips,25.0,Right Winger,QPR,€6.50m,in,Summer,6.5,Premier League,2016,2016/2017,England
West Bromwich Albion,Allan Nyom,28.0,Right-Back,Watford,€4.70m,in,Summer,4.7,Premier League,2016,2016/2017,England
Crystal Palace,Christian Benteke,25.0,Centre-Forward,Liverpool,€31.20m,in,Summer,31.2,Premier League,2016,2016/2017,England
Crystal Palace,Andros Townsend,24.0,Right Winger,Newcastle,€15.60m,in,Summer,15.6,Premier League,2016,2016/2017,England
Crystal Palace,James Tomkins,27.0,Centre-Back,West Ham,€11.70m,in,Summer,11.7,Premier League,2016,2016/2017,England
Crystal Palace,Loïc Rémy,29.0,Centre-Forward,Chelsea,Loan fee:€1.00m,in,Summer,1.0,Premier League,2016,2016/2017,England
AFC Bournemouth,Jordon Ibe,20.0,Right Winger,Liverpool,€18.00m,in,Summer,18.0,Premier League,2016,2016/2017,England
AFC Bournemouth,Lewis Cook,19.0,Central Midfield,Leeds,€7.00m,in,Summer,7.0,Premier League,2016,2016/2017,England
AFC Bournemouth,Lys Mousset,20.0,Centre-Forward,AC Le Havre,€6.50m,in,Summer,6.5,Premier League,2016,2016/2017,England
AFC Bournemouth,Brad Smith,22.0,Left-Back,Liverpool,€3.60m,in,Summer,3.6,Premier League,2016,2016/2017,England
AFC Bournemouth,Jack Wilshere,24.0,Central Midfield,Arsenal,Loan fee:€2.35m,in,Summer,2.35,Premier League,2016,2016/2017,England
AFC Bournemouth,Marc Wilson,28.0,Centre-Back,Stoke City,€2.30m,in,Summer,2.3,Premier League,2016,2016/2017,England
Sunderland AFC,Didier Ndong,22.0,Central Midfield,FC Lorient,€20.00m,in,Summer,20.0,Premier League,2016,2016/2017,England
Sunderland AFC,Papy Djilobodji,27.0,Centre-Back,Chelsea,€9.50m,in,Summer,9.5,Premier League,2016,2016/2017,England
Sunderland AFC,Paddy McNair,21.0,Centre-Back,Man Utd,€5.25m,in,Summer,5.25,Premier League,2016,2016/2017,England
Sunderland AFC,Mika,25.0,Goalkeeper,Boavista,€1.50m,in,Summer,1.5,Premier League,2016,2016/2017,England
Sunderland AFC,Donald Love,21.0,Right-Back,Man Utd U23,€1.15m,in,Summer,1.15,Premier League,2016,2016/2017,England
Burnley FC,Jeff Hendrick,24.0,Central Midfield,Derby,€11.80m,in,Summer,11.8,Premier League,2016,2016/2017,England
Burnley FC,Steven Defour,28.0,Defensive Midfield,RSC Anderlecht,€8.60m,in,Summer,8.6,Premier League,2016,2016/2017,England
Burnley FC,Jóhann Berg Gudmundsson,25.0,Right Winger,Charlton,€3.00m,in,Summer,3.0,Premier League,2016,2016/2017,England
Burnley FC,Nick Pope,24.0,Goalkeeper,Charlton,€1.30m,in,Summer,1.3,Premier League,2016,2016/2017,England
Middlesbrough FC,Marten de Roon,25.0,Defensive Midfield,Atalanta BC,€10.50m,in,Summer,10.5,Premier League,2016,2016/2017,England
Middlesbrough FC,Adama Traoré,20.0,Right Winger,Aston Villa,€8.25m,in,Summer,8.25,Premier League,2016,2016/2017,England
Middlesbrough FC,Viktor Fischer,22.0,Left Winger,Ajax,€5.00m,in,Summer,5.0,Premier League,2016,2016/2017,England
Middlesbrough FC,Antonio Barragán,29.0,Right-Back,Valencia,€2.70m,in,Summer,2.7,Premier League,2016,2016/2017,England
Middlesbrough FC,Fábio,26.0,Right-Back,Cardiff,€2.30m,in,Summer,2.3,Premier League,2016,2016/2017,England
Hull City,Ryan Mason,25.0,Central Midfield,Spurs,€15.40m,in,Summer,15.4,Premier League,2016,2016/2017,England
Hull City,David Marshall,31.0,Goalkeeper,Cardiff,€4.10m,in,Summer,4.1,Premier League,2016,2016/2017,England
Hull City,Will Keane,23.0,Centre-Forward,Man Utd,€1.20m,in,Summer,1.2,Premier League,2016,2016/2017,England
Hull City,James Weir,21.0,Central Midfield,Man Utd U23,€200Th.,in,Summer,0.2,Premier League,2016,2016/2017,England
Leicester City,Wilfred Ndidi,20.0,Defensive Midfield,KRC Genk,€17.60m,in,Winter,17.6,Premier League,2016,2016/2017,England
Manchester City,Gabriel Jesus,19.0,Centre-Forward,Palmeiras,€32.00m,in,Winter,32.0,Premier League,2016,2016/2017,England
Southampton FC,Manolo Gabbiadini,25.0,Centre-Forward,SSC Napoli,€17.00m,in,Winter,17.0,Premier League,2016,2016/2017,England
West Ham United,Robert Snodgrass,29.0,Right Winger,Hull City,€12.00m,in,Winter,12.0,Premier League,2016,2016/2017,England
West Ham United,José Fonte,33.0,Centre-Back,Southampton,€9.20m,in,Winter,9.2,Premier League,2016,2016/2017,England
Stoke City,Saido Berahino,23.0,Centre-Forward,West Brom,€13.90m,in,Winter,13.9,Premier League,2016,2016/2017,England
Stoke City,Lee Grant,33.0,Goalkeeper,Derby,€1.50m,in,Winter,1.5,Premier League,2016,2016/2017,England
Everton FC,Morgan Schneiderlin,27.0,Defensive Midfield,Man Utd,€23.00m,in,Winter,23.0,Premier League,2016,2016/2017,England
Everton FC,Ademola Lookman,19.0,Left Winger,Charlton,€8.80m,in,Winter,8.8,Premier League,2016,2016/2017,England
Swansea City,Jordan Ayew,25.0,Centre-Forward,Aston Villa,€5.80m,in,Winter,5.8,Premier League,2016,2016/2017,England
Swansea City,Tom Carroll,24.0,Central Midfield,Spurs,€5.20m,in,Winter,5.2,Premier League,2016,2016/2017,England
Swansea City,Luciano Narsingh,26.0,Right Winger,PSV Eindhoven,€4.60m,in,Winter,4.6,Premier League,2016,2016/2017,England
Swansea City,Martin Olsson,28.0,Left-Back,Norwich,€4.60m,in,Winter,4.6,Premier League,2016,2016/2017,England
Watford FC,Mauro Zárate,29.0,Second Striker,Fiorentina,€2.75m,in,Winter,2.75,Premier League,2016,2016/2017,England
Watford FC,M'Baye Niang,22.0,Centre-Forward,AC Milan,Loan fee:€750Th.,in,Winter,0.75,Premier League,2016,2016/2017,England
West Bromwich Albion,Jake Livermore,27.0,Defensive Midfield,Hull City,€11.50m,in,Winter,11.5,Premier League,2016,2016/2017,England
Crystal Palace,Luka Milivojevic,25.0,Defensive Midfield,Olympiacos,€15.10m,in,Winter,15.1,Premier League,2016,2016/2017,England
Crystal Palace,Jeffrey Schlupp,24.0,Left Midfield,Leicester,€13.80m,in,Winter,13.8,Premier League,2016,2016/2017,England
Crystal Palace,Patrick van Aanholt,26.0,Left-Back,Sunderland,€10.50m,in,Winter,10.5,Premier League,2016,2016/2017,England
Crystal Palace,Mamadou Sakho,26.0,Centre-Back,Liverpool,Loan fee:€2.30m,in,Winter,2.3,Premier League,2016,2016/2017,England
AFC Bournemouth,Aaron Ramsdale,18.0,Goalkeeper,Sheff Utd,€940Th.,in,Winter,0.94,Premier League,2016,2016/2017,England
Sunderland AFC,Darron Gibson,29.0,Central Midfield,Everton,€2.50m,in,Winter,2.5,Premier League,2016,2016/2017,England
Sunderland AFC,Bryan Oviedo,26.0,Left-Back,Everton,€2.00m,in,Winter,2.0,Premier League,2016,2016/2017,England
Burnley FC,Robbie Brady,25.0,Left Midfield,Norwich,€15.10m,in,Winter,15.1,Premier League,2016,2016/2017,England
Burnley FC,Ashley Westwood,26.0,Defensive Midfield,Aston Villa,€5.80m,in,Winter,5.8,Premier League,2016,2016/2017,England
Middlesbrough FC,Rudy Gestede,28.0,Centre-Forward,Aston Villa,€7.10m,in,Winter,7.1,Premier League,2016,2016/2017,England
Middlesbrough FC,Patrick Bamford,23.0,Centre-Forward,Chelsea,€6.90m,in,Winter,6.9,Premier League,2016,2016/2017,England
Middlesbrough FC,Adlène Guédioura,31.0,Central Midfield,Watford,€5.20m,in,Winter,5.2,Premier League,2016,2016/2017,England
Hull City,Kamil Grosicki,28.0,Left Winger,Stade Rennais,€9.00m,in,Winter,9.0,Premier League,2016,2016/2017,England
Hull City,Markus Henriksen,24.0,Central Midfield,AZ Alkmaar,€5.30m,in,Winter,5.3,Premier League,2016,2016/2017,England
Hull City,Evandro,30.0,Attacking Midfield,FC Porto,€2.50m,in,Winter,2.5,Premier League,2016,2016/2017,England
Hull City,Andrea Ranocchia,28.0,Centre-Back,Inter,Loan fee:€1.30m,in,Winter,1.3,Premier League,2016,2016/2017,England
Hull City,Omar Elabdellaoui,25.0,Right-Back,Olympiacos,Loan fee:€1.00m,in,Winter,1.0,Premier League,2016,2016/2017,England
Chelsea FC,Álvaro Morata,24.0,Centre-Forward,Real Madrid,€66.00m,in,Summer,66.0,Premier League,2017,2017/2018,England
Chelsea FC,Tiemoué Bakayoko,22.0,Defensive Midfield,Monaco,€40.00m,in,Summer,40.0,Premier League,2017,2017/2018,England
Chelsea FC,Danny Drinkwater,27.0,Central Midfield,Leicester,€37.90m,in,Summer,37.9,Premier League,2017,2017/2018,England
Chelsea FC,Antonio Rüdiger,24.0,Centre-Back,AS Roma,€35.00m,in,Summer,35.0,Premier League,2017,2017/2018,England
Chelsea FC,Davide Zappacosta,25.0,Right-Back,Torino,€25.00m,in,Summer,25.0,Premier League,2017,2017/2018,England
Chelsea FC,Ethan Ampadu,16.0,Centre-Back,Exeter City,€2.80m,in,Summer,2.8,Premier League,2017,2017/2018,England
Tottenham Hotspur,Davinson Sánchez,21.0,Centre-Back,Ajax,€42.00m,in,Summer,42.0,Premier League,2017,2017/2018,England
Tottenham Hotspur,Serge Aurier,24.0,Right-Back,Paris SG,€25.00m,in,Summer,25.0,Premier League,2017,2017/2018,England
Tottenham Hotspur,Fernando Llorente,32.0,Centre-Forward,Swansea,€15.10m,in,Summer,15.1,Premier League,2017,2017/2018,England
Tottenham Hotspur,Juan Foyth,19.0,Right-Back,Estudiantes,€13.00m,in,Summer,13.0,Premier League,2017,2017/2018,England
Manchester City,Benjamin Mendy,23.0,Left-Back,Monaco,€57.50m,in,Summer,57.5,Premier League,2017,2017/2018,England
Manchester City,Kyle Walker,27.0,Right-Back,Spurs,€52.70m,in,Summer,52.7,Premier League,2017,2017/2018,England
Manchester City,Bernardo Silva,22.0,Attacking Midfield,Monaco,€50.00m,in,Summer,50.0,Premier League,2017,2017/2018,England
Manchester City,Ederson,23.0,Goalkeeper,Benfica,€40.00m,in,Summer,40.0,Premier League,2017,2017/2018,England
Manchester City,Danilo,26.0,Right-Back,Real Madrid,€30.00m,in,Summer,30.0,Premier League,2017,2017/2018,England
Manchester City,Douglas Luiz,19.0,Defensive Midfield,Vasco da Gama,€12.00m,in,Summer,12.0,Premier League,2017,2017/2018,England
Manchester City,Olarenwaju Kayode,24.0,Centre-Forward,Austria Vienna,€3.80m,in,Summer,3.8,Premier League,2017,2017/2018,England
Manchester City,Luka Ilic,18.0,Attacking Midfield,Red Star,€2.50m,in,Summer,2.5,Premier League,2017,2017/2018,England
Liverpool FC,Mohamed Salah,25.0,Right Winger,AS Roma,€42.00m,in,Summer,42.0,Premier League,2017,2017/2018,England
Liverpool FC,Alex Oxlade-Chamberlain,24.0,Central Midfield,Arsenal,€38.00m,in,Summer,38.0,Premier League,2017,2017/2018,England
Liverpool FC,Andrew Robertson,23.0,Left-Back,Hull City,€9.00m,in,Summer,9.0,Premier League,2017,2017/2018,England
Arsenal FC,Alexandre Lacazette,26.0,Centre-Forward,Olympique Lyon,€53.00m,in,Summer,53.0,Premier League,2017,2017/2018,England
Manchester United,Romelu Lukaku,24.0,Centre-Forward,Everton,€84.70m,in,Summer,84.7,Premier League,2017,2017/2018,England
Manchester United,Nemanja Matić,28.0,Defensive Midfield,Chelsea,€44.70m,in,Summer,44.7,Premier League,2017,2017/2018,England
Manchester United,Victor Lindelöf,22.0,Centre-Back,Benfica,€35.00m,in,Summer,35.0,Premier League,2017,2017/2018,England
Everton FC,Gylfi Sigurdsson,27.0,Attacking Midfield,Swansea,€49.40m,in,Summer,49.4,Premier League,2017,2017/2018,England
Everton FC,Michael Keane,24.0,Centre-Back,Burnley,€28.50m,in,Summer,28.5,Premier League,2017,2017/2018,England
Everton FC,Jordan Pickford,23.0,Goalkeeper,Sunderland,€28.50m,in,Summer,28.5,Premier League,2017,2017/2018,England
Everton FC,Davy Klaassen,24.0,Attacking Midfield,Ajax,€27.00m,in,Summer,27.0,Premier League,2017,2017/2018,England
Everton FC,Nikola Vlasic,19.0,Attacking Midfield,Hajduk Split,€10.80m,in,Summer,10.8,Premier League,2017,2017/2018,England
Everton FC,Henry Onyekuru,20.0,Left Winger,KAS Eupen,€8.00m,in,Summer,8.0,Premier League,2017,2017/2018,England
Everton FC,Sandro Ramírez,21.0,Centre-Forward,Málaga CF,€6.00m,in,Summer,6.0,Premier League,2017,2017/2018,England
Southampton FC,Mario Lemina,23.0,Defensive Midfield,Juventus,€17.25m,in,Summer,17.25,Premier League,2017,2017/2018,England
Southampton FC,Wesley Hoedt,23.0,Centre-Back,Lazio,€16.00m,in,Summer,16.0,Premier League,2017,2017/2018,England
Southampton FC,Jan Bednarek,21.0,Centre-Back,Lech Poznan,€6.00m,in,Summer,6.0,Premier League,2017,2017/2018,England
AFC Bournemouth,Nathan Aké,22.0,Centre-Back,Chelsea,€22.80m,in,Summer,22.8,Premier League,2017,2017/2018,England
AFC Bournemouth,Asmir Begovic,30.0,Goalkeeper,Chelsea,€11.50m,in,Summer,11.5,Premier League,2017,2017/2018,England
West Bromwich Albion,Oliver Burke,20.0,Centre-Forward,RB Leipzig,€15.20m,in,Summer,15.2,Premier League,2017,2017/2018,England
West Bromwich Albion,Jay Rodríguez,27.0,Centre-Forward,Southampton,€13.70m,in,Summer,13.7,Premier League,2017,2017/2018,England
West Bromwich Albion,Kieran Gibbs,27.0,Left-Back,Arsenal,€7.50m,in,Summer,7.5,Premier League,2017,2017/2018,England
West Bromwich Albion,Yuning Zhang,20.0,Centre-Forward,Vitesse,€7.20m,in,Summer,7.2,Premier League,2017,2017/2018,England
West Bromwich Albion,Gareth Barry,36.0,Defensive Midfield,Everton,€1.10m,in,Summer,1.1,Premier League,2017,2017/2018,England
West Bromwich Albion,Ahmed Hegazy,26.0,Centre-Back,El Ahly,Loan fee:€1.00m,in,Summer,1.0,Premier League,2017,2017/2018,England
West Ham United,Marko Arnautovic,28.0,Centre-Forward,Stoke City,€22.30m,in,Summer,22.3,Premier League,2017,2017/2018,England
West Ham United,Chicharito,29.0,Centre-Forward,Bay. Leverkusen,€17.80m,in,Summer,17.8,Premier League,2017,2017/2018,England
West Ham United,Sead Haksabanovic,18.0,Left Winger,Halmstads BK,€3.00m,in,Summer,3.0,Premier League,2017,2017/2018,England
West Ham United,Joe Hart,30.0,Goalkeeper,Man City,Loan fee:€2.30m,in,Summer,2.3,Premier League,2017,2017/2018,England
Leicester City,Kelechi Iheanacho,20.0,Centre-Forward,Man City,€27.70m,in,Summer,27.7,Premier League,2017,2017/2018,England
Leicester City,Adrien Silva,28.0,Central Midfield,Sporting CP,€20.50m,in,Summer,20.5,Premier League,2017,2017/2018,England
Leicester City,Vicente Iborra,29.0,Central Midfield,Sevilla FC,€15.00m,in,Summer,15.0,Premier League,2017,2017/2018,England
Leicester City,Harry Maguire,24.0,Centre-Back,Hull City,€13.70m,in,Summer,13.7,Premier League,2017,2017/2018,England
Leicester City,Aleksandar Dragovic,26.0,Centre-Back,Bay. Leverkusen,Loan fee:€2.50m,in,Summer,2.5,Premier League,2017,2017/2018,England
Leicester City,Eldin Jakupovic,32.0,Goalkeeper,Hull City,€2.30m,in,Summer,2.3,Premier League,2017,2017/2018,England
Leicester City,Sam Hughes,20.0,Centre-Back,Chester,€145Th.,in,Summer,0.145,Premier League,2017,2017/2018,England
Stoke City,Kevin Wimmer,24.0,Centre-Back,Spurs,€19.40m,in,Summer,19.4,Premier League,2017,2017/2018,England
Stoke City,Kurt Zouma,22.0,Centre-Back,Chelsea,Loan fee:€7.80m,in,Summer,7.8,Premier League,2017,2017/2018,England
Stoke City,Bruno Martins Indi,25.0,Centre-Back,FC Porto,€7.70m,in,Summer,7.7,Premier League,2017,2017/2018,England
Crystal Palace,Mamadou Sakho,27.0,Centre-Back,Liverpool,€28.20m,in,Summer,28.2,Premier League,2017,2017/2018,England
Crystal Palace,Jairo Riedewald,20.0,Defensive Midfield,Ajax,€9.00m,in,Summer,9.0,Premier League,2017,2017/2018,England
Swansea City,Sam Clucas,26.0,Central Midfield,Hull City,€16.30m,in,Summer,16.3,Premier League,2017,2017/2018,England
Swansea City,Wilfried Bony,28.0,Centre-Forward,Man City,€13.00m,in,Summer,13.0,Premier League,2017,2017/2018,England
Swansea City,Roque Mesa,28.0,Central Midfield,UD Las Palmas,€12.50m,in,Summer,12.5,Premier League,2017,2017/2018,England
Swansea City,Renato Sanches,20.0,Central Midfield,Bayern Munich,Loan fee:€8.50m,in,Summer,8.5,Premier League,2017,2017/2018,England
Swansea City,Cian Harries,20.0,Centre-Back,Coventry,€285Th.,in,Summer,0.285,Premier League,2017,2017/2018,England
Burnley FC,Chris Wood,25.0,Centre-Forward,Leeds,€16.40m,in,Summer,16.4,Premier League,2017,2017/2018,England
Burnley FC,Jack Cork,28.0,Defensive Midfield,Swansea,€9.10m,in,Summer,9.1,Premier League,2017,2017/2018,England
Burnley FC,Nahki Wells,27.0,Centre-Forward,Huddersfield,€5.40m,in,Summer,5.4,Premier League,2017,2017/2018,England
Burnley FC,Jonathan Walters,33.0,Right Winger,Stoke City,€2.30m,in,Summer,2.3,Premier League,2017,2017/2018,England
Burnley FC,Phil Bardsley,32.0,Right-Back,Stoke City,€840Th.,in,Summer,0.84,Premier League,2017,2017/2018,England
Watford FC,Andre Gray,26.0,Centre-Forward,Burnley,€20.40m,in,Summer,20.4,Premier League,2017,2017/2018,England
Watford FC,Richarlison,20.0,Centre-Forward,Fluminense,€12.40m,in,Summer,12.4,Premier League,2017,2017/2018,England
Watford FC,Tom Cleverley,27.0,Central Midfield,Everton,€9.30m,in,Summer,9.3,Premier League,2017,2017/2018,England
Watford FC,Will Hughes,22.0,Central Midfield,Derby,€9.10m,in,Summer,9.1,Premier League,2017,2017/2018,England
Watford FC,Nathaniel Chalobah,22.0,Defensive Midfield,Chelsea,€6.30m,in,Summer,6.3,Premier League,2017,2017/2018,England
Watford FC,Marvin Zeegelaar,27.0,Left-Back,Sporting CP,€3.00m,in,Summer,3.0,Premier League,2017,2017/2018,England
Watford FC,Dimitri Foulquier,24.0,Right-Back,Granada CF,€2.00m,in,Summer,2.0,Premier League,2017,2017/2018,England
Watford FC,André Carrillo,26.0,Right Winger,Benfica,Loan fee:€1.00m,in,Summer,1.0,Premier League,2017,2017/2018,England
Newcastle United,Jacob Murphy,22.0,Right Winger,Norwich,€11.30m,in,Summer,11.3,Premier League,2017,2017/2018,England
Newcastle United,Florian Lejeune,26.0,Centre-Back,SD Eibar,€10.00m,in,Summer,10.0,Premier League,2017,2017/2018,England
Newcastle United,Christian Atsu,25.0,Left Winger,Chelsea,€7.50m,in,Summer,7.5,Premier League,2017,2017/2018,England
Newcastle United,Joselu,27.0,Centre-Forward,Stoke City,€5.50m,in,Summer,5.5,Premier League,2017,2017/2018,England
Newcastle United,Javier Manquillo,23.0,Right-Back,Atlético Madrid,€5.00m,in,Summer,5.0,Premier League,2017,2017/2018,England
Newcastle United,Mikel Merino,21.0,Central Midfield,Bor. Dortmund,Loan fee:€3.00m,in,Summer,3.0,Premier League,2017,2017/2018,England
Brighton & Hove Albion,José Izquierdo,25.0,Left Winger,Club Brugge,€14.50m,in,Summer,14.5,Premier League,2017,2017/2018,England
Brighton & Hove Albion,Davy Pröpper,25.0,Central Midfield,PSV Eindhoven,€13.00m,in,Summer,13.0,Premier League,2017,2017/2018,England
Brighton & Hove Albion,Mathew Ryan,25.0,Goalkeeper,Valencia,€6.00m,in,Summer,6.0,Premier League,2017,2017/2018,England
Brighton & Hove Albion,Markus Suttner,30.0,Left-Back,FC Ingolstadt,€4.50m,in,Summer,4.5,Premier League,2017,2017/2018,England
Brighton & Hove Albion,Pascal Groß,26.0,Central Midfield,FC Ingolstadt,€3.00m,in,Summer,3.0,Premier League,2017,2017/2018,England
Brighton & Hove Albion,Ezequiel Schelotto,28.0,Right-Back,Sporting CP,€3.00m,in,Summer,3.0,Premier League,2017,2017/2018,England
Brighton & Hove Albion,Ales Mateju,21.0,Right-Back,Viktoria Plzen,€2.50m,in,Summer,2.5,Premier League,2017,2017/2018,England
Brighton & Hove Albion,Mathias Normann,21.0,Defensive Midfield,Bodø/Glimt,€1.40m,in,Summer,1.4,Premier League,2017,2017/2018,England
Brighton & Hove Albion,Soufyan Ahannach,21.0,Left Winger,Almere City,€600Th.,in,Summer,0.6,Premier League,2017,2017/2018,England
Huddersfield Town,Steve Mounié,22.0,Centre-Forward,Montpellier,€13.00m,in,Summer,13.0,Premier League,2017,2017/2018,England
Huddersfield Town,Aaron Mooy,26.0,Central Midfield,Man City,€9.10m,in,Summer,9.1,Premier League,2017,2017/2018,England
Huddersfield Town,Tom Ince,25.0,Right Winger,Derby,€9.10m,in,Summer,9.1,Premier League,2017,2017/2018,England
Huddersfield Town,Scott Malone,26.0,Left-Back,Fulham,€3.90m,in,Summer,3.9,Premier League,2017,2017/2018,England
Huddersfield Town,Laurent Depoitre,28.0,Centre-Forward,FC Porto,€3.80m,in,Summer,3.8,Premier League,2017,2017/2018,England
Huddersfield Town,Zanka,27.0,Centre-Back,FC Copenhagen,€2.70m,in,Summer,2.7,Premier League,2017,2017/2018,England
Huddersfield Town,Abdelhamid Sabiri,20.0,Attacking Midfield,1.FC Nuremberg,€1.50m,in,Summer,1.5,Premier League,2017,2017/2018,England
Huddersfield Town,Elias Kachunga,25.0,Right Winger,FC Ingolstadt,€1.30m,in,Summer,1.3,Premier League,2017,2017/2018,England
Chelsea FC,Emerson,23.0,Left-Back,AS Roma,€20.00m,in,Winter,20.0,Premier League,2017,2017/2018,England
Chelsea FC,Olivier Giroud,31.0,Centre-Forward,Arsenal,€17.00m,in,Winter,17.0,Premier League,2017,2017/2018,England
Chelsea FC,Ross Barkley,24.0,Central Midfield,Everton,€16.80m,in,Winter,16.8,Premier League,2017,2017/2018,England
Tottenham Hotspur,Lucas Moura,25.0,Right Winger,Paris SG,€28.40m,in,Winter,28.4,Premier League,2017,2017/2018,England
Manchester City,Aymeric Laporte,23.0,Centre-Back,Athletic,€65.00m,in,Winter,65.0,Premier League,2017,2017/2018,England
Manchester City,Jack Harrison,21.0,Left Winger,New York City,€4.00m,in,Winter,4.0,Premier League,2017,2017/2018,England
Liverpool FC,Virgil van Dijk,26.0,Centre-Back,Southampton,€84.65m,in,Winter,84.65,Premier League,2017,2017/2018,England
Arsenal FC,Pierre-Emerick Aubameyang,28.0,Centre-Forward,Bor. Dortmund,€63.75m,in,Winter,63.75,Premier League,2017,2017/2018,England
Arsenal FC,Henrikh Mkhitaryan,29.0,Attacking Midfield,Man Utd,€34.00m,in,Winter,34.0,Premier League,2017,2017/2018,England
Arsenal FC,Konstantinos Mavropanos,20.0,Centre-Back,PAS Giannina,€2.10m,in,Winter,2.1,Premier League,2017,2017/2018,England
Manchester United,Alexis Sánchez,29.0,Centre-Forward,Arsenal,€34.00m,in,Winter,34.0,Premier League,2017,2017/2018,England
Everton FC,Cenk Tosun,26.0,Centre-Forward,Besiktas,€22.50m,in,Winter,22.5,Premier League,2017,2017/2018,England
Everton FC,Theo Walcott,28.0,Right Winger,Arsenal,€22.50m,in,Winter,22.5,Premier League,2017,2017/2018,England
Southampton FC,Guido Carrillo,26.0,Centre-Forward,Monaco,€22.00m,in,Winter,22.0,Premier League,2017,2017/2018,England
West Bromwich Albion,Ahmed Hegazy,26.0,Centre-Back,El Ahly,€5.00m,in,Winter,5.0,Premier League,2017,2017/2018,England
West Bromwich Albion,Daniel Sturridge,28.0,Centre-Forward,Liverpool,Loan fee:€2.30m,in,Winter,2.3,Premier League,2017,2017/2018,England
West Bromwich Albion,Ali Gabr,29.0,Centre-Back,Zamalek,Loan fee:€500Th.,in,Winter,0.5,Premier League,2017,2017/2018,England
West Ham United,Jordan Hugill,25.0,Centre-Forward,Preston,€10.20m,in,Winter,10.2,Premier League,2017,2017/2018,England
West Ham United,João Mário,25.0,Central Midfield,Inter,Loan fee:€1.20m,in,Winter,1.2,Premier League,2017,2017/2018,England
Leicester City,Fousseni Diabaté,22.0,Right Winger,G. Ajaccio,€2.00m,in,Winter,2.0,Premier League,2017,2017/2018,England
Stoke City,Badou Ndiaye,27.0,Central Midfield,Galatasaray,€16.00m,in,Winter,16.0,Premier League,2017,2017/2018,England
Stoke City,Moritz Bauer,25.0,Right-Back,Rubin Kazan,€6.20m,in,Winter,6.2,Premier League,2017,2017/2018,England
Stoke City,Konstantinos Stafylidis,24.0,Left-Back,FC Augsburg,Loan fee:€600Th.,in,Winter,0.6,Premier League,2017,2017/2018,England
Crystal Palace,Alexander Sörloth,22.0,Centre-Forward,FC Midtjylland,€9.00m,in,Winter,9.0,Premier League,2017,2017/2018,England
Crystal Palace,Jaroslaw Jach,23.0,Centre-Back,Zaglebie Lubin,€2.75m,in,Winter,2.75,Premier League,2017,2017/2018,England
Swansea City,André Ayew,28.0,Left Winger,West Ham,€22.80m,in,Winter,22.8,Premier League,2017,2017/2018,England
Burnley FC,Aaron Lennon,30.0,Right Winger,Everton,€1.70m,in,Winter,1.7,Premier League,2017,2017/2018,England
Watford FC,Dodi Lukébakio,20.0,Right Winger,RSC Charleroi,€5.00m,in,Winter,5.0,Premier League,2017,2017/2018,England
Watford FC,Pontus Dahlberg,19.0,Goalkeeper,IFK Göteborg,€3.90m,in,Winter,3.9,Premier League,2017,2017/2018,England
Watford FC,Gerard Deulofeu,23.0,Centre-Forward,Barcelona,Loan fee:€1.00m,in,Winter,1.0,Premier League,2017,2017/2018,England
Newcastle United,Islam Slimani,29.0,Centre-Forward,Leicester,Loan fee:€2.20m,in,Winter,2.2,Premier League,2017,2017/2018,England
Newcastle United,Martin Dubravka,29.0,Goalkeeper,Sparta Prague,Loan fee:€2.00m,in,Winter,2.0,Premier League,2017,2017/2018,England
Brighton & Hove Albion,Jürgen Locadia,24.0,Centre-Forward,PSV Eindhoven,€17.00m,in,Winter,17.0,Premier League,2017,2017/2018,England
Brighton & Hove Albion,Viktor Gyökeres,19.0,Centre-Forward,Brommapojkarna,€1.00m,in,Winter,1.0,Premier League,2017,2017/2018,England
Huddersfield Town,Alex Pritchard,24.0,Attacking Midfield,Norwich,€12.35m,in,Winter,12.35,Premier League,2017,2017/2018,England
Manchester City,Riyad Mahrez,27.0,Right Winger,Leicester,€67.80m,in,Summer,67.8,Premier League,2018,2018/2019,England
Manchester City,Philippe Sandler,21.0,Centre-Back,PEC Zwolle,€2.50m,in,Summer,2.5,Premier League,2018,2018/2019,England
Manchester City,Daniel Arzani,19.0,Left Winger,Melbourne City,€890Th.,in,Summer,0.89,Premier League,2018,2018/2019,England
Manchester United,Fred,25.0,Central Midfield,Shakhtar D.,€59.00m,in,Summer,59.0,Premier League,2018,2018/2019,England
Manchester United,Diogo Dalot,19.0,Right-Back,FC Porto,€22.00m,in,Summer,22.0,Premier League,2018,2018/2019,England
Manchester United,Lee Grant,35.0,Goalkeeper,Stoke City,€1.70m,in,Summer,1.7,Premier League,2018,2018/2019,England
Liverpool FC,Alisson,25.0,Goalkeeper,AS Roma,€62.50m,in,Summer,62.5,Premier League,2018,2018/2019,England
Liverpool FC,Naby Keïta,23.0,Central Midfield,RB Leipzig,€60.00m,in,Summer,60.0,Premier League,2018,2018/2019,England
Liverpool FC,Fabinho,24.0,Defensive Midfield,Monaco,€45.00m,in,Summer,45.0,Premier League,2018,2018/2019,England
Liverpool FC,Xherdan Shaqiri,26.0,Right Winger,Stoke City,€14.70m,in,Summer,14.7,Premier League,2018,2018/2019,England
Chelsea FC,Kepa Arrizabalaga,23.0,Goalkeeper,Athletic,€80.00m,in,Summer,80.0,Premier League,2018,2018/2019,England
Chelsea FC,Jorginho,26.0,Defensive Midfield,SSC Napoli,€57.00m,in,Summer,57.0,Premier League,2018,2018/2019,England
Arsenal FC,Lucas Torreira,22.0,Defensive Midfield,Sampdoria,€28.65m,in,Summer,28.65,Premier League,2018,2018/2019,England
Arsenal FC,Bernd Leno,26.0,Goalkeeper,Bay. Leverkusen,€25.00m,in,Summer,25.0,Premier League,2018,2018/2019,England
Arsenal FC,Sokratis Papastathopoulos,30.0,Centre-Back,Bor. Dortmund,€16.00m,in,Summer,16.0,Premier League,2018,2018/2019,England
Arsenal FC,Mattéo Guendouzi,19.0,Central Midfield,FC Lorient,€8.00m,in,Summer,8.0,Premier League,2018,2018/2019,England
Burnley FC,Ben Gibson,25.0,Centre-Back,Middlesbrough,€16.90m,in,Summer,16.9,Premier League,2018,2018/2019,England
Burnley FC,Matej Vydra,26.0,Centre-Forward,Derby,€12.20m,in,Summer,12.2,Premier League,2018,2018/2019,England
Burnley FC,Joe Hart,31.0,Goalkeeper,Man City,€3.90m,in,Summer,3.9,Premier League,2018,2018/2019,England
Everton FC,Richarlison,21.0,Centre-Forward,Watford,€39.20m,in,Summer,39.2,Premier League,2018,2018/2019,England
Everton FC,Yerry Mina,23.0,Centre-Back,Barcelona,€30.25m,in,Summer,30.25,Premier League,2018,2018/2019,England
Everton FC,Lucas Digne,25.0,Left-Back,Barcelona,€20.20m,in,Summer,20.2,Premier League,2018,2018/2019,England
Everton FC,Kurt Zouma,23.0,Centre-Back,Chelsea,Loan fee:€7.90m,in,Summer,7.9,Premier League,2018,2018/2019,England
Everton FC,André Gomes,25.0,Central Midfield,Barcelona,Loan fee:€2.25m,in,Summer,2.25,Premier League,2018,2018/2019,England
Leicester City,James Maddison,21.0,Attacking Midfield,Norwich,€25.00m,in,Summer,25.0,Premier League,2018,2018/2019,England
Leicester City,Ricardo Pereira,24.0,Right-Back,FC Porto,€22.00m,in,Summer,22.0,Premier League,2018,2018/2019,England
Leicester City,Caglar Söyüncü,22.0,Centre-Back,SC Freiburg,€21.10m,in,Summer,21.1,Premier League,2018,2018/2019,England
Leicester City,Filip Benkovic,21.0,Centre-Back,Dinamo Zagreb,€14.50m,in,Summer,14.5,Premier League,2018,2018/2019,England
Leicester City,Rachid Ghezzal,26.0,Right Winger,Monaco,€14.00m,in,Summer,14.0,Premier League,2018,2018/2019,England
Leicester City,Danny Ward,25.0,Goalkeeper,Liverpool,€14.00m,in,Summer,14.0,Premier League,2018,2018/2019,England
Leicester City,Jonny Evans,30.0,Centre-Back,West Brom,€4.00m,in,Summer,4.0,Premier League,2018,2018/2019,England
Newcastle United,Yoshinori Muto,26.0,Centre-Forward,1.FSV Mainz 05,€10.70m,in,Summer,10.7,Premier League,2018,2018/2019,England
Newcastle United,Mikel Merino,22.0,Central Midfield,Bor. Dortmund,€7.00m,in,Summer,7.0,Premier League,2018,2018/2019,England
Newcastle United,Federico Fernández,29.0,Centre-Back,Swansea,€6.70m,in,Summer,6.7,Premier League,2018,2018/2019,England
Newcastle United,Fabian Schär,26.0,Centre-Back,Dep. La Coruña,€4.00m,in,Summer,4.0,Premier League,2018,2018/2019,England
Newcastle United,Martin Dubravka,29.0,Goalkeeper,Sparta Prague,€4.00m,in,Summer,4.0,Premier League,2018,2018/2019,England
Newcastle United,Salomón Rondón,28.0,Centre-Forward,West Brom,Loan fee:€2.20m,in,Summer,2.2,Premier League,2018,2018/2019,England
Crystal Palace,Cheikhou Kouyaté,28.0,Defensive Midfield,West Ham,€10.70m,in,Summer,10.7,Premier League,2018,2018/2019,England
AFC Bournemouth,Jefferson Lerma,23.0,Defensive Midfield,Levante,€28.00m,in,Summer,28.0,Premier League,2018,2018/2019,England
AFC Bournemouth,Diego Rico,25.0,Left-Back,CD Leganés,€15.00m,in,Summer,15.0,Premier League,2018,2018/2019,England
AFC Bournemouth,David Brooks,20.0,Right Winger,Sheff Utd,€11.30m,in,Summer,11.3,Premier League,2018,2018/2019,England
West Ham United,Felipe Anderson,25.0,Right Winger,Lazio,€38.00m,in,Summer,38.0,Premier League,2018,2018/2019,England
West Ham United,Issa Diop,21.0,Centre-Back,Toulouse,€25.00m,in,Summer,25.0,Premier League,2018,2018/2019,England
West Ham United,Andriy Yarmolenko,28.0,Right Winger,Bor. Dortmund,€20.00m,in,Summer,20.0,Premier League,2018,2018/2019,England
West Ham United,Lukasz Fabianski,33.0,Goalkeeper,Swansea,€8.00m,in,Summer,8.0,Premier League,2018,2018/2019,England
West Ham United,Lucas Pérez,29.0,Centre-Forward,Arsenal,€4.40m,in,Summer,4.4,Premier League,2018,2018/2019,England
West Ham United,Fabián Balbuena,26.0,Centre-Back,Corinthians,€4.00m,in,Summer,4.0,Premier League,2018,2018/2019,England
West Ham United,Xande Silva,21.0,Right Winger,Vit. Guimarães,€1.50m,in,Summer,1.5,Premier League,2018,2018/2019,England
Watford FC,Gerard Deulofeu,24.0,Centre-Forward,Barcelona,€13.00m,in,Summer,13.0,Premier League,2018,2018/2019,England
Watford FC,Adam Masina,24.0,Left-Back,Bologna,€5.00m,in,Summer,5.0,Premier League,2018,2018/2019,England
Watford FC,Ben Foster,35.0,Goalkeeper,West Brom,€2.80m,in,Summer,2.8,Premier League,2018,2018/2019,England
Watford FC,Ken Sema,24.0,Left Midfield,Östersund,€2.25m,in,Summer,2.25,Premier League,2018,2018/2019,England
Watford FC,Marc Navarro,22.0,Right-Back,Espanyol,€2.00m,in,Summer,2.0,Premier League,2018,2018/2019,England
Watford FC,Ben Wilmot,18.0,Centre-Back,Stevenage,€1.70m,in,Summer,1.7,Premier League,2018,2018/2019,England
Watford FC,Domingos Quina,18.0,Central Midfield,West Ham U23,€1.10m,in,Summer,1.1,Premier League,2018,2018/2019,England
Brighton & Hove Albion,Alireza Jahanbakhsh,24.0,Right Winger,AZ Alkmaar,€19.00m,in,Summer,19.0,Premier League,2018,2018/2019,England
Brighton & Hove Albion,Yves Bissouma,21.0,Central Midfield,LOSC Lille,€16.80m,in,Summer,16.8,Premier League,2018,2018/2019,England
Brighton & Hove Albion,Bernardo,23.0,Left-Back,RB Leipzig,€10.00m,in,Summer,10.0,Premier League,2018,2018/2019,England
Brighton & Hove Albion,Martín Montoya,27.0,Right-Back,Valencia,€7.00m,in,Summer,7.0,Premier League,2018,2018/2019,England
Brighton & Hove Albion,Florin Andone,25.0,Centre-Forward,Dep. La Coruña,€6.00m,in,Summer,6.0,Premier League,2018,2018/2019,England
Brighton & Hove Albion,David Button,29.0,Goalkeeper,Fulham,€4.50m,in,Summer,4.5,Premier League,2018,2018/2019,England
Brighton & Hove Albion,Dan Burn,26.0,Centre-Back,Wigan,€3.55m,in,Summer,3.55,Premier League,2018,2018/2019,England
Brighton & Hove Albion,Percy Tau,24.0,Right Winger,Sundowns,€3.20m,in,Summer,3.2,Premier League,2018,2018/2019,England
Brighton & Hove Albion,Anders Dreyer,20.0,Right Winger,Esbjerg fB,€2.20m,in,Summer,2.2,Premier League,2018,2018/2019,England
Brighton & Hove Albion,Billy Arce,20.0,Left Winger,Independiente,€860Th.,in,Summer,0.86,Premier League,2018,2018/2019,England
Brighton & Hove Albion,Leo Östigard,18.0,Centre-Back,Molde,€110Th.,in,Summer,0.11,Premier League,2018,2018/2019,England
Huddersfield Town,Terence Kongolo,24.0,Centre-Back,Monaco,€20.00m,in,Summer,20.0,Premier League,2018,2018/2019,England
Huddersfield Town,Adama Diakhaby,22.0,Left Winger,Monaco,€10.00m,in,Summer,10.0,Premier League,2018,2018/2019,England
Huddersfield Town,Ramadan Sobhi,21.0,Left Winger,Stoke City,€6.50m,in,Summer,6.5,Premier League,2018,2018/2019,England
Huddersfield Town,Florent Hadergjonaj,23.0,Right-Back,FC Ingolstadt,€5.00m,in,Summer,5.0,Premier League,2018,2018/2019,England
Huddersfield Town,Juninho Bacuna,20.0,Central Midfield,FC Groningen,€2.50m,in,Summer,2.5,Premier League,2018,2018/2019,England
Huddersfield Town,Jonas Lössl,29.0,Goalkeeper,1.FSV Mainz 05,€2.50m,in,Summer,2.5,Premier League,2018,2018/2019,England
Huddersfield Town,Isaac Mbenza,22.0,Right Winger,Montpellier,Loan fee:€2.50m,in,Summer,2.5,Premier League,2018,2018/2019,England
Southampton FC,Jannik Vestergaard,25.0,Centre-Back,Bor. M'gladbach,€25.00m,in,Summer,25.0,Premier League,2018,2018/2019,England
Southampton FC,Mohamed Elyounoussi,23.0,Left Winger,FC Basel,€18.00m,in,Summer,18.0,Premier League,2018,2018/2019,England
Southampton FC,Angus Gunn,22.0,Goalkeeper,Man City,€11.30m,in,Summer,11.3,Premier League,2018,2018/2019,England
Southampton FC,Stuart Armstrong,26.0,Central Midfield,Celtic,€7.95m,in,Summer,7.95,Premier League,2018,2018/2019,England
Wolverhampton Wanderers,Adama Traoré,22.0,Right Winger,Middlesbrough,€20.00m,in,Summer,20.0,Premier League,2018,2018/2019,England
Wolverhampton Wanderers,Rui Patrício,30.0,Goalkeeper,Sporting CP,€18.00m,in,Summer,18.0,Premier League,2018,2018/2019,England
Wolverhampton Wanderers,Diogo Jota,21.0,Left Winger,Atlético Madrid,€14.00m,in,Summer,14.0,Premier League,2018,2018/2019,England
Wolverhampton Wanderers,Willy Boly,27.0,Centre-Back,FC Porto,€12.00m,in,Summer,12.0,Premier League,2018,2018/2019,England
Wolverhampton Wanderers,Benik Afobe,25.0,Centre-Forward,Bournemouth,€11.40m,in,Summer,11.4,Premier League,2018,2018/2019,England
Wolverhampton Wanderers,João Moutinho,31.0,Central Midfield,Monaco,€5.60m,in,Summer,5.6,Premier League,2018,2018/2019,England
Wolverhampton Wanderers,Léo Bonatini,24.0,Centre-Forward,Al-Hilal SFC,€4.00m,in,Summer,4.0,Premier League,2018,2018/2019,England
Wolverhampton Wanderers,Raúl Jiménez,27.0,Centre-Forward,Benfica,Loan fee:€3.00m,in,Summer,3.0,Premier League,2018,2018/2019,England
Wolverhampton Wanderers,Rúben Vinagre,19.0,Left-Back,Monaco,€2.25m,in,Summer,2.25,Premier League,2018,2018/2019,England
Wolverhampton Wanderers,Leander Dendoncker,23.0,Defensive Midfield,RSC Anderlecht,Loan fee:€1.50m,in,Summer,1.5,Premier League,2018,2018/2019,England
Cardiff City,Josh Murphy,23.0,Left Winger,Norwich,€11.40m,in,Summer,11.4,Premier League,2018,2018/2019,England
Cardiff City,Bobby Reid,25.0,Attacking Midfield,Bristol City,€11.35m,in,Summer,11.35,Premier League,2018,2018/2019,England
Cardiff City,Greg Cunningham,27.0,Left-Back,Preston,€4.00m,in,Summer,4.0,Premier League,2018,2018/2019,England
Cardiff City,Alex Smithies,28.0,Goalkeeper,QPR,€4.00m,in,Summer,4.0,Premier League,2018,2018/2019,England
Fulham FC,Jean Michaël Seri,26.0,Central Midfield,OGC Nice,€30.00m,in,Summer,30.0,Premier League,2018,2018/2019,England
Fulham FC,André Zambo Anguissa,22.0,Defensive Midfield,Marseille,€24.85m,in,Summer,24.85,Premier League,2018,2018/2019,England
Fulham FC,Aleksandar Mitrović,23.0,Centre-Forward,Newcastle,€24.70m,in,Summer,24.7,Premier League,2018,2018/2019,England
Fulham FC,Alfie Mawson,24.0,Centre-Back,Swansea,€16.85m,in,Summer,16.85,Premier League,2018,2018/2019,England
Fulham FC,Joe Bryan,24.0,Left-Back,Bristol City,€6.70m,in,Summer,6.7,Premier League,2018,2018/2019,England
Fulham FC,Fabri,30.0,Goalkeeper,Besiktas,€6.00m,in,Summer,6.0,Premier League,2018,2018/2019,England
Fulham FC,Maxime Le Marchand,28.0,Centre-Back,OGC Nice,€4.00m,in,Summer,4.0,Premier League,2018,2018/2019,England
Fulham FC,André Schürrle,27.0,Left Winger,Bor. Dortmund,Loan fee:€400Th.,in,Summer,0.4,Premier League,2018,2018/2019,England
Manchester City,Ante Palaversa,18.0,Central Midfield,Hajduk Split,€6.30m,in,Winter,6.3,Premier League,2018,2018/2019,England
Manchester City,Ko Itakura,21.0,Defensive Midfield,Kawasaki Front.,€1.10m,in,Winter,1.1,Premier League,2018,2018/2019,England
Chelsea FC,Christian Pulisic,20.0,Right Winger,Bor. Dortmund,€64.00m,in,Winter,64.0,Premier League,2018,2018/2019,England
Chelsea FC,Gonzalo Higuaín,31.0,Centre-Forward,Juventus,Loan fee:€7.80m,in,Winter,7.8,Premier League,2018,2018/2019,England
Arsenal FC,Denis Suárez,25.0,Attacking Midfield,Barcelona,Loan fee:€2.50m,in,Winter,2.5,Premier League,2018,2018/2019,England
Newcastle United,Miguel Almirón,24.0,Attacking Midfield,Atlanta,€24.00m,in,Winter,24.0,Premier League,2018,2018/2019,England
Newcastle United,Antonio Barreca,23.0,Left-Back,Monaco,Loan fee:€1.15m,in,Winter,1.15,Premier League,2018,2018/2019,England
Crystal Palace,Michy Batshuayi,25.0,Centre-Forward,Chelsea,Loan fee:€1.15m,in,Winter,1.15,Premier League,2018,2018/2019,England
AFC Bournemouth,Dominic Solanke,21.0,Centre-Forward,Liverpool,€21.20m,in,Winter,21.2,Premier League,2018,2018/2019,England
AFC Bournemouth,Chris Mepham,21.0,Centre-Back,Brentford,€13.60m,in,Winter,13.6,Premier League,2018,2018/2019,England
Watford FC,Filip Stuparevic,18.0,Centre-Forward,Vozdovac,€2.25m,in,Winter,2.25,Premier League,2018,2018/2019,England
Brighton & Hove Albion,Alexis Mac Allister,20.0,Attacking Midfield,Argentinos Jrs.,€8.00m,in,Winter,8.0,Premier League,2018,2018/2019,England
Brighton & Hove Albion,Jan Mlakar,20.0,Centre-Forward,NK Maribor,€3.00m,in,Winter,3.0,Premier League,2018,2018/2019,England
Brighton & Hove Albion,Tudor Baluta,19.0,Defensive Midfield,FC Viitorul,€2.90m,in,Winter,2.9,Premier League,2018,2018/2019,England
Huddersfield Town,Karlan Grant,21.0,Centre-Forward,Charlton,€1.70m,in,Winter,1.7,Premier League,2018,2018/2019,England
Wolverhampton Wanderers,Jonny Otto,24.0,Left-Back,Atlético Madrid,€21.00m,in,Winter,21.0,Premier League,2018,2018/2019,England
Cardiff City,Emiliano Sala,24.0,Centre-Forward,FC Nantes,€17.00m,in,Winter,17.0,Premier League,2018,2018/2019,England
Cardiff City,Leandro Bacuna,27.0,Central Midfield,Reading,€3.45m,in,Winter,3.45,Premier League,2018,2018/2019,England
Fulham FC,Ryan Babel,32.0,Left Winger,Besiktas,€2.00m,in,Winter,2.0,Premier League,2018,2018/2019,England
Fulham FC,Havard Nordtveit,28.0,Centre-Back,TSG Hoffenheim,Loan fee:€1.00m,in,Winter,1.0,Premier League,2018,2018/2019,England
Manchester City,João Cancelo,25.0,Right-Back,Juventus,€65.00m,in,Summer,65.0,Premier League,2019,2019/2020,England
Manchester City,Rodri,23.0,Defensive Midfield,Atlético Madrid,€62.70m,in,Summer,62.7,Premier League,2019,2019/2020,England
Manchester City,Pedro Porro,19.0,Right-Back,Girona,€12.00m,in,Summer,12.0,Premier League,2019,2019/2020,England
Manchester City,Angeliño,22.0,Left-Back,PSV Eindhoven,€12.00m,in,Summer,12.0,Premier League,2019,2019/2020,England
Manchester City,Zack Steffen,24.0,Goalkeeper,Columbus Crew,€6.82m,in,Summer,6.82,Premier League,2019,2019/2020,England
Manchester City,Ryotaro Meshino,21.0,Left Winger,Gamba Osaka,€1.00m,in,Summer,1.0,Premier League,2019,2019/2020,England
Liverpool FC,Sepp van den Berg,17.0,Centre-Back,PEC Zwolle,€1.90m,in,Summer,1.9,Premier League,2019,2019/2020,England
Chelsea FC,Mateo Kovacic,25.0,Central Midfield,Real Madrid,€45.00m,in,Summer,45.0,Premier League,2019,2019/2020,England
Tottenham Hotspur,Tanguy Ndombélé,22.0,Central Midfield,Olympique Lyon,€60.00m,in,Summer,60.0,Premier League,2019,2019/2020,England
Tottenham Hotspur,Ryan Sessegnon,19.0,Left Midfield,Fulham,€27.00m,in,Summer,27.0,Premier League,2019,2019/2020,England
Tottenham Hotspur,Giovani Lo Celso,23.0,Central Midfield,Real Betis,Loan fee:€16.00m,in,Summer,16.0,Premier League,2019,2019/2020,England
Tottenham Hotspur,Jack Clarke,18.0,Right Winger,Leeds,€11.00m,in,Summer,11.0,Premier League,2019,2019/2020,England
Arsenal FC,Nicolas Pépé,24.0,Right Winger,LOSC Lille,€80.00m,in,Summer,80.0,Premier League,2019,2019/2020,England
Arsenal FC,William Saliba,18.0,Centre-Back,Saint-Étienne,€30.00m,in,Summer,30.0,Premier League,2019,2019/2020,England
Arsenal FC,Kieran Tierney,22.0,Left-Back,Celtic,€27.00m,in,Summer,27.0,Premier League,2019,2019/2020,England
Arsenal FC,David Luiz,32.0,Centre-Back,Chelsea,€8.70m,in,Summer,8.7,Premier League,2019,2019/2020,England
Arsenal FC,Gabriel Martinelli,18.0,Left Winger,Ituano,€7.10m,in,Summer,7.1,Premier League,2019,2019/2020,England
Manchester United,Harry Maguire,26.0,Centre-Back,Leicester,€87.00m,in,Summer,87.0,Premier League,2019,2019/2020,England
Manchester United,Aaron Wan-Bissaka,21.0,Right-Back,Crystal Palace,€55.00m,in,Summer,55.0,Premier League,2019,2019/2020,England
Manchester United,Daniel James,21.0,Right Winger,Swansea,€17.80m,in,Summer,17.8,Premier League,2019,2019/2020,England
Wolverhampton Wanderers,Raúl Jiménez,28.0,Centre-Forward,Benfica,€38.00m,in,Summer,38.0,Premier League,2019,2019/2020,England
Wolverhampton Wanderers,Patrick Cutrone,21.0,Centre-Forward,AC Milan,€18.00m,in,Summer,18.0,Premier League,2019,2019/2020,England
Wolverhampton Wanderers,Pedro Neto,19.0,Left Winger,Lazio,€17.90m,in,Summer,17.9,Premier League,2019,2019/2020,England
Wolverhampton Wanderers,Leander Dendoncker,24.0,Defensive Midfield,RSC Anderlecht,€13.80m,in,Summer,13.8,Premier League,2019,2019/2020,England
Wolverhampton Wanderers,Bruno Jordão,20.0,Central Midfield,Lazio,€8.90m,in,Summer,8.9,Premier League,2019,2019/2020,England
Wolverhampton Wanderers,Renat Dadashov,20.0,Centre-Forward,Estoril Praia,€500Th.,in,Summer,0.5,Premier League,2019,2019/2020,England
Everton FC,Alex Iwobi,23.0,Left Winger,Arsenal,€30.40m,in,Summer,30.4,Premier League,2019,2019/2020,England
Everton FC,Moise Kean,19.0,Centre-Forward,Juventus,€27.50m,in,Summer,27.5,Premier League,2019,2019/2020,England
Everton FC,Jean-Philippe Gbamin,23.0,Defensive Midfield,1.FSV Mainz 05,€25.00m,in,Summer,25.0,Premier League,2019,2019/2020,England
Everton FC,André Gomes,25.0,Central Midfield,Barcelona,€25.00m,in,Summer,25.0,Premier League,2019,2019/2020,England
Everton FC,Fabian Delph,29.0,Central Midfield,Man City,€9.50m,in,Summer,9.5,Premier League,2019,2019/2020,England
Everton FC,Djibril Sidibé,27.0,Right-Back,Monaco,Loan fee:€2.50m,in,Summer,2.5,Premier League,2019,2019/2020,England
Leicester City,Youri Tielemans,22.0,Central Midfield,Monaco,€45.00m,in,Summer,45.0,Premier League,2019,2019/2020,England
Leicester City,Ayoze Pérez,25.0,Second Striker,Newcastle,€33.40m,in,Summer,33.4,Premier League,2019,2019/2020,England
Leicester City,Dennis Praet,25.0,Central Midfield,Sampdoria,€19.20m,in,Summer,19.2,Premier League,2019,2019/2020,England
Leicester City,James Justin,21.0,Right-Back,Luton,€6.70m,in,Summer,6.7,Premier League,2019,2019/2020,England
West Ham United,Sébastien Haller,25.0,Centre-Forward,E. Frankfurt,€50.00m,in,Summer,50.0,Premier League,2019,2019/2020,England
West Ham United,Pablo Fornals,23.0,Attacking Midfield,Villarreal,€28.00m,in,Summer,28.0,Premier League,2019,2019/2020,England
West Ham United,Albian Ajeti,22.0,Centre-Forward,FC Basel,€11.30m,in,Summer,11.3,Premier League,2019,2019/2020,England
Watford FC,Ismaïla Sarr,21.0,Right Winger,Stade Rennais,€30.00m,in,Summer,30.0,Premier League,2019,2019/2020,England
Watford FC,Craig Dawson,29.0,Centre-Back,West Brom,€6.00m,in,Summer,6.0,Premier League,2019,2019/2020,England
Crystal Palace,James McCarthy,28.0,Central Midfield,Everton,€3.30m,in,Summer,3.3,Premier League,2019,2019/2020,England
Crystal Palace,Jordan Ayew,27.0,Centre-Forward,Swansea,€2.80m,in,Summer,2.8,Premier League,2019,2019/2020,England
Crystal Palace,Víctor Camarasa,25.0,Central Midfield,Real Betis,Loan fee:€1.50m,in,Summer,1.5,Premier League,2019,2019/2020,England
Newcastle United,Joelinton,22.0,Attacking Midfield,TSG Hoffenheim,€44.00m,in,Summer,44.0,Premier League,2019,2019/2020,England
Newcastle United,Allan Saint-Maximin,22.0,Left Winger,OGC Nice,€18.00m,in,Summer,18.0,Premier League,2019,2019/2020,England
Newcastle United,Emil Krafth,25.0,Right-Back,Amiens SC,€5.40m,in,Summer,5.4,Premier League,2019,2019/2020,England
Newcastle United,Jetro Willems,25.0,Left-Back,E. Frankfurt,Loan fee:€1.00m,in,Summer,1.0,Premier League,2019,2019/2020,England
AFC Bournemouth,Philip Billing,23.0,Central Midfield,Huddersfield,€16.50m,in,Summer,16.5,Premier League,2019,2019/2020,England
AFC Bournemouth,Arnaut Danjuma,22.0,Centre-Forward,Club Brugge,€16.46m,in,Summer,16.46,Premier League,2019,2019/2020,England
AFC Bournemouth,Lloyd Kelly,20.0,Centre-Back,Bristol City,€14.80m,in,Summer,14.8,Premier League,2019,2019/2020,England
AFC Bournemouth,Jack Stacey,23.0,Right-Back,Luton,€4.45m,in,Summer,4.45,Premier League,2019,2019/2020,England
AFC Bournemouth,Harry Wilson,22.0,Right Winger,Liverpool,Loan fee:€2.70m,in,Summer,2.7,Premier League,2019,2019/2020,England
Burnley FC,Jay Rodríguez,29.0,Centre-Forward,West Brom,€10.00m,in,Summer,10.0,Premier League,2019,2019/2020,England
Burnley FC,Bailey Peacock-Farrell,22.0,Goalkeeper,Leeds,€2.75m,in,Summer,2.75,Premier League,2019,2019/2020,England
Burnley FC,Erik Pieters,30.0,Left-Back,Stoke City,€1.10m,in,Summer,1.1,Premier League,2019,2019/2020,England
Southampton FC,Danny Ings,26.0,Centre-Forward,Liverpool,€25.10m,in,Summer,25.1,Premier League,2019,2019/2020,England
Southampton FC,Ché Adams,22.0,Centre-Forward,Birmingham,€16.70m,in,Summer,16.7,Premier League,2019,2019/2020,England
Southampton FC,Moussa Djenepo,21.0,Left Winger,Standard Liège,€15.70m,in,Summer,15.7,Premier League,2019,2019/2020,England
Southampton FC,Kevin Danso,20.0,Centre-Back,FC Augsburg,Loan fee:€4.00m,in,Summer,4.0,Premier League,2019,2019/2020,England
Brighton & Hove Albion,Adam Webster,24.0,Centre-Back,Bristol City,€22.22m,in,Summer,22.22,Premier League,2019,2019/2020,England
Brighton & Hove Albion,Neal Maupay,22.0,Centre-Forward,Brentford,€22.22m,in,Summer,22.22,Premier League,2019,2019/2020,England
Brighton & Hove Albion,Leandro Trossard,24.0,Left Winger,KRC Genk,€15.56m,in,Summer,15.56,Premier League,2019,2019/2020,England
Brighton & Hove Albion,Matt Clarke,22.0,Centre-Back,Portsmouth,€3.90m,in,Summer,3.9,Premier League,2019,2019/2020,England
Norwich City,Ralf Fährmann,30.0,Goalkeeper,FC Schalke 04,Loan fee:€3.00m,in,Summer,3.0,Premier League,2019,2019/2020,England
Norwich City,Sam Byram,25.0,Right-Back,West Ham,€830Th.,in,Summer,0.83,Premier League,2019,2019/2020,England
Norwich City,Daniel Adshead,17.0,Central Midfield,Rochdale,€335Th.,in,Summer,0.335,Premier League,2019,2019/2020,England
Sheffield United,Oliver McBurnie,23.0,Centre-Forward,Swansea,€19.10m,in,Summer,19.1,Premier League,2019,2019/2020,England
Sheffield United,Lys Mousset,23.0,Centre-Forward,Bournemouth,€11.10m,in,Summer,11.1,Premier League,2019,2019/2020,England
Sheffield United,Callum Robinson,24.0,Left Winger,Preston,€7.80m,in,Summer,7.8,Premier League,2019,2019/2020,England
Sheffield United,Luke Freeman,27.0,Attacking Midfield,QPR,€5.60m,in,Summer,5.6,Premier League,2019,2019/2020,England
Sheffield United,Ben Osborn,24.0,Left Midfield,Nottm Forest,€3.90m,in,Summer,3.9,Premier League,2019,2019/2020,England
Aston Villa,Wesley,22.0,Centre-Forward,Club Brugge,€25.00m,in,Summer,25.0,Premier League,2019,2019/2020,England
Aston Villa,Tyrone Mings,26.0,Centre-Back,Bournemouth,€22.30m,in,Summer,22.3,Premier League,2019,2019/2020,England
Aston Villa,Douglas Luiz,21.0,Defensive Midfield,Man City,€16.80m,in,Summer,16.8,Premier League,2019,2019/2020,England
Aston Villa,Matt Targett,23.0,Left-Back,Southampton,€15.50m,in,Summer,15.5,Premier League,2019,2019/2020,England
Aston Villa,Ezri Konsa,21.0,Centre-Back,Brentford,€13.30m,in,Summer,13.3,Premier League,2019,2019/2020,England
Aston Villa,Marvelous Nakamba,25.0,Defensive Midfield,Club Brugge,€12.00m,in,Summer,12.0,Premier League,2019,2019/2020,England
Aston Villa,Trezeguet,24.0,Left Winger,Kasimpasa,€10.00m,in,Summer,10.0,Premier League,2019,2019/2020,England
Aston Villa,Anwar El Ghazi,24.0,Right Winger,LOSC Lille,€9.00m,in,Summer,9.0,Premier League,2019,2019/2020,England
Aston Villa,Tom Heaton,33.0,Goalkeeper,Burnley,€8.80m,in,Summer,8.8,Premier League,2019,2019/2020,England
Aston Villa,Björn Engels,24.0,Centre-Back,Stade Reims,€8.00m,in,Summer,8.0,Premier League,2019,2019/2020,England
Aston Villa,Jota Peleteiro,28.0,Right Winger,Birmingham,€4.50m,in,Summer,4.5,Premier League,2019,2019/2020,England
Aston Villa,Kortney Hause,23.0,Centre-Back,Wolves,€3.40m,in,Summer,3.4,Premier League,2019,2019/2020,England
Liverpool FC,Takumi Minamino,24.0,Left Winger,RB Salzburg,€8.50m,in,Winter,8.5,Premier League,2019,2019/2020,England
Tottenham Hotspur,Steven Bergwijn,22.0,Left Winger,PSV Eindhoven,€30.00m,in,Winter,30.0,Premier League,2019,2019/2020,England
Tottenham Hotspur,Gedson Fernandes,21.0,Central Midfield,Benfica,Loan fee:€4.50m,in,Winter,4.5,Premier League,2019,2019/2020,England
Arsenal FC,Pablo Marí,26.0,Centre-Back,Flamengo,Loan fee:€8.00m,in,Winter,8.0,Premier League,2019,2019/2020,England
Manchester United,Bruno Fernandes,25.0,Attacking Midfield,Sporting CP,€63.00m,in,Winter,63.0,Premier League,2019,2019/2020,England
Manchester United,Odion Ighalo,30.0,Centre-Forward,SH Shenhua,Loan fee:€12.00m,in,Winter,12.0,Premier League,2019,2019/2020,England
Wolverhampton Wanderers,Daniel Podence,24.0,Right Winger,Olympiacos,€19.60m,in,Winter,19.6,Premier League,2019,2019/2020,England
Everton FC,Jarrad Branthwaite,17.0,Centre-Back,Carlisle United,€1.10m,in,Winter,1.1,Premier League,2019,2019/2020,England
West Ham United,Jarrod Bowen,23.0,Right Winger,Hull City,€21.30m,in,Winter,21.3,Premier League,2019,2019/2020,England
West Ham United,Darren Randolph,32.0,Goalkeeper,Middlesbrough,€4.70m,in,Winter,4.7,Premier League,2019,2019/2020,England
West Ham United,Tomas Soucek,24.0,Defensive Midfield,Slavia Prague,Loan fee:€4.50m,in,Winter,4.5,Premier League,2019,2019/2020,England
Watford FC,Ignacio Pussetto,24.0,Right Winger,Udinese Calcio,€8.50m,in,Winter,8.5,Premier League,2019,2019/2020,England
Watford FC,João Pedro,18.0,Centre-Forward,Fluminense,€4.00m,in,Winter,4.0,Premier League,2019,2019/2020,England
Newcastle United,Danny Rose,29.0,Left-Back,Spurs,Loan fee:€2.00m,in,Winter,2.0,Premier League,2019,2019/2020,England
Newcastle United,Valentino Lazaro,23.0,Right-Back,Inter,Loan fee:€1.50m,in,Winter,1.5,Premier League,2019,2019/2020,England
Newcastle United,Nabil Bentaleb,25.0,Central Midfield,FC Schalke 04,Loan fee:€1.00m,in,Winter,1.0,Premier League,2019,2019/2020,England
Burnley FC,Josh Brownhill,24.0,Central Midfield,Bristol City,€10.00m,in,Winter,10.0,Premier League,2019,2019/2020,England
Brighton & Hove Albion,Aaron Mooy,29.0,Central Midfield,Huddersfield,€3.30m,in,Winter,3.3,Premier League,2019,2019/2020,England
Brighton & Hove Albion,Tariq Lamptey,19.0,Right-Back,Chelsea U23,€1.20m,in,Winter,1.2,Premier League,2019,2019/2020,England
Norwich City,Sam McCallum,19.0,Left-Back,Coventry,€4.15m,in,Winter,4.15,Premier League,2019,2019/2020,England
Norwich City,Lukas Rupp,29.0,Central Midfield,TSG Hoffenheim,€500Th.,in,Winter,0.5,Premier League,2019,2019/2020,England
Sheffield United,Sander Berge,21.0,Defensive Midfield,KRC Genk,€23.00m,in,Winter,23.0,Premier League,2019,2019/2020,England
Aston Villa,Ally Samatta,27.0,Centre-Forward,KRC Genk,€10.50m,in,Winter,10.5,Premier League,2019,2019/2020,England
Aston Villa,Pepe Reina,37.0,Goalkeeper,AC Milan,Loan fee:€400Th.,in,Winter,0.4,Premier League,2019,2019/2020,England
Arsenal FC,Thomas Partey,27.0,Defensive Midfield,Atlético Madrid,€50.00m,in,Summer,50.0,Premier League,2020,2020/2021,England
Arsenal FC,Gabriel Magalhães,22.0,Centre-Back,LOSC Lille,€26.00m,in,Summer,26.0,Premier League,2020,2020/2021,England
Arsenal FC,Pablo Marí,26.0,Centre-Back,Flamengo,€6.00m,in,Summer,6.0,Premier League,2020,2020/2021,England
Arsenal FC,Rúnar Alex Rúnarsson,25.0,Goalkeeper,Dijon,€2.00m,in,Summer,2.0,Premier League,2020,2020/2021,England
Aston Villa,Ollie Watkins,24.0,Centre-Forward,Brentford,€34.00m,in,Summer,34.0,Premier League,2020,2020/2021,England
Aston Villa,Bertrand Traoré,25.0,Right Winger,Olympique Lyon,€18.40m,in,Summer,18.4,Premier League,2020,2020/2021,England
Aston Villa,Emiliano Martínez,28.0,Goalkeeper,Arsenal,€17.40m,in,Summer,17.4,Premier League,2020,2020/2021,England
Aston Villa,Matty Cash,23.0,Right-Back,Nottm Forest,€15.75m,in,Summer,15.75,Premier League,2020,2020/2021,England
Brighton & Hove Albion,Jakub Moder,21.0,Central Midfield,Lech Poznan,€11.00m,in,Summer,11.0,Premier League,2020,2020/2021,England
Brighton & Hove Albion,Michal Karbownik,19.0,Right-Back,Legia Warszawa,€5.50m,in,Summer,5.5,Premier League,2020,2020/2021,England
Brighton & Hove Albion,Andi Zeqiri,21.0,Centre-Forward,Lausanne-Sport,€4.00m,in,Summer,4.0,Premier League,2020,2020/2021,England
Brighton & Hove Albion,Jan Paul van Hecke,20.0,Centre-Back,NAC Breda,€2.00m,in,Summer,2.0,Premier League,2020,2020/2021,England
Brighton & Hove Albion,Joël Veltman,28.0,Right-Back,Ajax,€1.00m,in,Summer,1.0,Premier League,2020,2020/2021,England
Burnley FC,Dale Stephens,31.0,Central Midfield,Brighton,€1.10m,in,Summer,1.1,Premier League,2020,2020/2021,England
Chelsea FC,Kai Havertz,21.0,Attacking Midfield,Bay. Leverkusen,€80.00m,in,Summer,80.0,Premier League,2020,2020/2021,England
Chelsea FC,Timo Werner,24.0,Centre-Forward,RB Leipzig,€53.00m,in,Summer,53.0,Premier League,2020,2020/2021,England
Chelsea FC,Ben Chilwell,23.0,Left-Back,Leicester,€50.20m,in,Summer,50.2,Premier League,2020,2020/2021,England
Chelsea FC,Hakim Ziyech,27.0,Attacking Midfield,Ajax,€40.00m,in,Summer,40.0,Premier League,2020,2020/2021,England
Chelsea FC,Edouard Mendy,28.0,Goalkeeper,Stade Rennais,€24.00m,in,Summer,24.0,Premier League,2020,2020/2021,England
Crystal Palace,Eberechi Eze,22.0,Attacking Midfield,QPR,€17.80m,in,Summer,17.8,Premier League,2020,2020/2021,England
Crystal Palace,Jack Butland,27.0,Goalkeeper,Stoke City,€1.10m,in,Summer,1.1,Premier League,2020,2020/2021,England
Everton FC,Ben Godfrey,22.0,Centre-Back,Norwich,€27.50m,in,Summer,27.5,Premier League,2020,2020/2021,England
Everton FC,Allan,29.0,Defensive Midfield,SSC Napoli,€23.60m,in,Summer,23.6,Premier League,2020,2020/2021,England
Everton FC,Abdoulaye Doucouré,27.0,Central Midfield,Watford,€22.00m,in,Summer,22.0,Premier League,2020,2020/2021,England
Everton FC,Niels Nkounkou,19.0,Left-Back,Marseille B,€270Th.,in,Summer,0.27,Premier League,2020,2020/2021,England
Fulham FC,Anthony Knockaert,28.0,Right Winger,Brighton,€11.70m,in,Summer,11.7,Premier League,2020,2020/2021,England
Fulham FC,Harrison Reed,25.0,Central Midfield,Southampton,€6.50m,in,Summer,6.5,Premier League,2020,2020/2021,England
Fulham FC,Terence Kongolo,26.0,Centre-Back,Huddersfield,€4.40m,in,Summer,4.4,Premier League,2020,2020/2021,England
Fulham FC,Kenny Tete,24.0,Right-Back,Olympique Lyon,€3.20m,in,Summer,3.2,Premier League,2020,2020/2021,England
Fulham FC,Ola Aina,23.0,Right-Back,Torino,Loan fee:€2.50m,in,Summer,2.5,Premier League,2020,2020/2021,England
Fulham FC,Mario Lemina,26.0,Defensive Midfield,Southampton,Loan fee:€2.20m,in,Summer,2.2,Premier League,2020,2020/2021,England
Fulham FC,Antonee Robinson,23.0,Left-Back,Wigan,€2.10m,in,Summer,2.1,Premier League,2020,2020/2021,England
Fulham FC,Ademola Lookman,22.0,Left Winger,RB Leipzig,Loan fee:€2.00m,in,Summer,2.0,Premier League,2020,2020/2021,England
Fulham FC,Tosin Adarabioyo,23.0,Centre-Back,Man City,€1.65m,in,Summer,1.65,Premier League,2020,2020/2021,England
Fulham FC,Joachim Andersen,24.0,Centre-Back,Olympique Lyon,Loan fee:€1.00m,in,Summer,1.0,Premier League,2020,2020/2021,England
Leeds United,Rodrigo,29.0,Second Striker,Valencia,€30.00m,in,Summer,30.0,Premier League,2020,2020/2021,England
Leeds United,Diego Llorente,27.0,Centre-Back,Real Sociedad,€20.00m,in,Summer,20.0,Premier League,2020,2020/2021,England
Leeds United,Raphinha,23.0,Right Winger,Stade Rennais,€18.60m,in,Summer,18.6,Premier League,2020,2020/2021,England
Leeds United,Hélder Costa,26.0,Right Winger,Wolves,€17.70m,in,Summer,17.7,Premier League,2020,2020/2021,England
Leeds United,Robin Koch,24.0,Centre-Back,SC Freiburg,€13.00m,in,Summer,13.0,Premier League,2020,2020/2021,England
Leeds United,Illan Meslier,20.0,Goalkeeper,FC Lorient,€6.50m,in,Summer,6.5,Premier League,2020,2020/2021,England
Leeds United,Joe Gelhardt,18.0,Centre-Forward,Wigan,€1.00m,in,Summer,1.0,Premier League,2020,2020/2021,England
Leicester City,Wesley Fofana,19.0,Centre-Back,Saint-Étienne,€35.00m,in,Summer,35.0,Premier League,2020,2020/2021,England
Leicester City,Timothy Castagne,24.0,Right-Back,Atalanta BC,€20.90m,in,Summer,20.9,Premier League,2020,2020/2021,England
Leicester City,Cengiz Ünder,23.0,Right Winger,AS Roma,Loan fee:€3.50m,in,Summer,3.5,Premier League,2020,2020/2021,England
Liverpool FC,Diogo Jota,23.0,Left Winger,Wolves,€44.70m,in,Summer,44.7,Premier League,2020,2020/2021,England
Liverpool FC,Thiago,29.0,Central Midfield,Bayern Munich,€22.00m,in,Summer,22.0,Premier League,2020,2020/2021,England
Liverpool FC,Konstantinos Tsimikas,24.0,Left-Back,Olympiacos,€13.00m,in,Summer,13.0,Premier League,2020,2020/2021,England
Manchester City,Rúben Dias,23.0,Centre-Back,Benfica,€68.00m,in,Summer,68.0,Premier League,2020,2020/2021,England
Manchester City,Nathan Aké,25.0,Centre-Back,Bournemouth,€45.30m,in,Summer,45.3,Premier League,2020,2020/2021,England
Manchester City,Ferran Torres,20.0,Left Winger,Valencia,€33.50m,in,Summer,33.5,Premier League,2020,2020/2021,England
Manchester City,Nahuel Bustos,22.0,Centre-Forward,CA Talleres,€6.50m,in,Summer,6.5,Premier League,2020,2020/2021,England
Manchester City,Issa Kaboré,19.0,Right-Back,KV Mechelen,€4.50m,in,Summer,4.5,Premier League,2020,2020/2021,England
Manchester United,Donny van de Beek,23.0,Central Midfield,Ajax,€39.00m,in,Summer,39.0,Premier League,2020,2020/2021,England
Manchester United,Alex Telles,27.0,Left-Back,FC Porto,€15.00m,in,Summer,15.0,Premier League,2020,2020/2021,England
Manchester United,Facundo Pellistri,18.0,Right Winger,Peñarol,€8.50m,in,Summer,8.5,Premier League,2020,2020/2021,England
Newcastle United,Callum Wilson,28.0,Centre-Forward,Bournemouth,€22.25m,in,Summer,22.25,Premier League,2020,2020/2021,England
Newcastle United,Jamal Lewis,22.0,Left-Back,Norwich,€16.50m,in,Summer,16.5,Premier League,2020,2020/2021,England
Newcastle United,Rodrigo Vilca,21.0,Attacking Midfield,Dep. Municipal,€250Th.,in,Summer,0.25,Premier League,2020,2020/2021,England
Sheffield United,Rhian Brewster,20.0,Centre-Forward,Liverpool U23,€26.00m,in,Summer,26.0,Premier League,2020,2020/2021,England
Sheffield United,Aaron Ramsdale,22.0,Goalkeeper,Bournemouth,€20.50m,in,Summer,20.5,Premier League,2020,2020/2021,England
Sheffield United,Oliver Burke,23.0,Centre-Forward,West Brom,€6.50m,in,Summer,6.5,Premier League,2020,2020/2021,England
Sheffield United,Jayden Bogle,20.0,Right-Back,Derby,€3.85m,in,Summer,3.85,Premier League,2020,2020/2021,England
Sheffield United,Max Lowe,23.0,Left-Back,Derby,€3.85m,in,Summer,3.85,Premier League,2020,2020/2021,England
Sheffield United,Ismaila Coulibaly,19.0,Central Midfield,Sarpsborg 08,€2.00m,in,Summer,2.0,Premier League,2020,2020/2021,England
Southampton FC,Kyle Walker-Peters,23.0,Right-Back,Spurs,€13.30m,in,Summer,13.3,Premier League,2020,2020/2021,England
Southampton FC,Ibrahima Diallo,21.0,Defensive Midfield,Stade Brestois,€12.00m,in,Summer,12.0,Premier League,2020,2020/2021,England
Southampton FC,Mohammed Salisu,21.0,Centre-Back,Real Valladolid,€12.00m,in,Summer,12.0,Premier League,2020,2020/2021,England
Tottenham Hotspur,Giovani Lo Celso,24.0,Central Midfield,Real Betis,€32.00m,in,Summer,32.0,Premier League,2020,2020/2021,England
Tottenham Hotspur,Sergio Reguilón,23.0,Left-Back,Real Madrid,€30.00m,in,Summer,30.0,Premier League,2020,2020/2021,England
Tottenham Hotspur,Matt Doherty,28.0,Right-Back,Wolves,€16.80m,in,Summer,16.8,Premier League,2020,2020/2021,England
Tottenham Hotspur,Pierre-Emile Höjbjerg,25.0,Central Midfield,Southampton,€16.60m,in,Summer,16.6,Premier League,2020,2020/2021,England
Tottenham Hotspur,Joe Rodon,22.0,Centre-Back,Swansea,€12.10m,in,Summer,12.1,Premier League,2020,2020/2021,England
Tottenham Hotspur,Carlos Vinícius,25.0,Centre-Forward,Benfica,Loan fee:€3.00m,in,Summer,3.0,Premier League,2020,2020/2021,England
West Bromwich Albion,Karlan Grant,23.0,Centre-Forward,Huddersfield,€16.50m,in,Summer,16.5,Premier League,2020,2020/2021,England
West Bromwich Albion,Grady Diangana,22.0,Right Winger,West Ham,€13.50m,in,Summer,13.5,Premier League,2020,2020/2021,England
West Bromwich Albion,Matheus Pereira,24.0,Attacking Midfield,Sporting CP,€8.25m,in,Summer,8.25,Premier League,2020,2020/2021,England
West Bromwich Albion,Cédric Kipré,23.0,Centre-Back,Wigan,€1.10m,in,Summer,1.1,Premier League,2020,2020/2021,England
West Bromwich Albion,David Button,31.0,Goalkeeper,Brighton,€1.10m,in,Summer,1.1,Premier League,2020,2020/2021,England
West Ham United,Tomas Soucek,25.0,Defensive Midfield,Slavia Prague,€16.20m,in,Summer,16.2,Premier League,2020,2020/2021,England
West Ham United,Vladimir Coufal,28.0,Right-Back,Slavia Prague,€6.00m,in,Summer,6.0,Premier League,2020,2020/2021,England
West Ham United,Saïd Benrahma,25.0,Left Winger,Brentford,Loan fee:€4.40m,in,Summer,4.4,Premier League,2020,2020/2021,England
West Ham United,Craig Dawson,30.0,Centre-Back,Watford,Loan fee:€1.10m,in,Summer,1.1,Premier League,2020,2020/2021,England
Wolverhampton Wanderers,Fábio Silva,18.0,Centre-Forward,FC Porto,€40.00m,in,Summer,40.0,Premier League,2020,2020/2021,England
Wolverhampton Wanderers,Nélson Semedo,26.0,Right-Back,Barcelona,€32.00m,in,Summer,32.0,Premier League,2020,2020/2021,England
Wolverhampton Wanderers,Ki-Jana Hoever,18.0,Right-Back,Liverpool U23,€9.80m,in,Summer,9.8,Premier League,2020,2020/2021,England
Wolverhampton Wanderers,Marçal,31.0,Left-Back,Olympique Lyon,€2.00m,in,Summer,2.0,Premier League,2020,2020/2021,England
Wolverhampton Wanderers,Toti,21.0,Centre-Back,Estoril Praia,€1.00m,in,Summer,1.0,Premier League,2020,2020/2021,England
Arsenal FC,Martin Ødegaard,22.0,Attacking Midfield,Real Madrid,Loan fee:€2.00m,in,Winter,2.0,Premier League,2020,2020/2021,England
Aston Villa,Morgan Sanson,26.0,Central Midfield,Marseille,€15.80m,in,Winter,15.8,Premier League,2020,2020/2021,England
Brighton & Hove Albion,Moisés Caicedo,19.0,Central Midfield,Independiente,€5.00m,in,Winter,5.0,Premier League,2020,2020/2021,England
Crystal Palace,Jean-Philippe Mateta,23.0,Centre-Forward,1.FSV Mainz 05,Loan fee:€3.50m,in,Winter,3.5,Premier League,2020,2020/2021,England
Liverpool FC,Ben Davies,25.0,Centre-Back,Preston,€1.85m,in,Winter,1.85,Premier League,2020,2020/2021,England
Liverpool FC,Ozan Kabak,20.0,Centre-Back,FC Schalke 04,Loan fee:€1.10m,in,Winter,1.1,Premier League,2020,2020/2021,England
Manchester City,Filip Stevanovic,18.0,Left Winger,Partizan,€8.50m,in,Winter,8.5,Premier League,2020,2020/2021,England
Manchester City,Diego Rosa,18.0,Central Midfield,Grêmio,€6.00m,in,Winter,6.0,Premier League,2020,2020/2021,England
Manchester United,Amad Diallo,18.0,Right Winger,Atalanta BC,€21.30m,in,Winter,21.3,Premier League,2020,2020/2021,England
West Bromwich Albion,Mbaye Diagne,29.0,Centre-Forward,Galatasaray,Loan fee:€1.58m,in,Winter,1.58,Premier League,2020,2020/2021,England
West Bromwich Albion,Robert Snodgrass,33.0,Right Winger,West Ham,€110Th.,in,Winter,0.11,Premier League,2020,2020/2021,England
West Ham United,Saïd Benrahma,25.0,Left Winger,Brentford,€23.10m,in,Winter,23.1,Premier League,2020,2020/2021,England
West Ham United,Jesse Lingard,28.0,Attacking Midfield,Man Utd,Loan fee:€2.30m,in,Winter,2.3,Premier League,2020,2020/2021,England
West Ham United,Frederik Alves,21.0,Centre-Back,Silkeborg IF,€1.60m,in,Winter,1.6,Premier League,2020,2020/2021,England
Wolverhampton Wanderers,Willian José,29.0,Centre-Forward,Real Sociedad,Loan fee:€3.00m,in,Winter,3.0,Premier League,2020,2020/2021,England
Arsenal FC,Ben White,23.0,Centre-Back,Brighton,€58.50m,in,Summer,58.5,Premier League,2021,2021/2022,England
Arsenal FC,Martin Ødegaard,22.0,Attacking Midfield,Real Madrid,€35.00m,in,Summer,35.0,Premier League,2021,2021/2022,England
Arsenal FC,Aaron Ramsdale,23.0,Goalkeeper,Sheff Utd,€28.00m,in,Summer,28.0,Premier League,2021,2021/2022,England
Arsenal FC,Takehiro Tomiyasu,22.0,Right-Back,Bologna,€18.60m,in,Summer,18.6,Premier League,2021,2021/2022,England
Arsenal FC,Albert Sambi Lokonga,21.0,Central Midfield,RSC Anderlecht,€17.50m,in,Summer,17.5,Premier League,2021,2021/2022,England
Arsenal FC,Nuno Tavares,21.0,Left-Back,Benfica,€8.00m,in,Summer,8.0,Premier League,2021,2021/2022,England
Aston Villa,Emiliano Buendía,24.0,Right Winger,Norwich,€38.40m,in,Summer,38.4,Premier League,2021,2021/2022,England
Aston Villa,Leon Bailey,23.0,Left Winger,Bay. Leverkusen,€32.00m,in,Summer,32.0,Premier League,2021,2021/2022,England
Aston Villa,Danny Ings,29.0,Centre-Forward,Southampton,€29.42m,in,Summer,29.42,Premier League,2021,2021/2022,England
Brentford FC,Kristoffer Ajer,23.0,Centre-Back,Celtic,€15.70m,in,Summer,15.7,Premier League,2021,2021/2022,England
Brentford FC,Yoane Wissa,24.0,Left Winger,FC Lorient,€10.00m,in,Summer,10.0,Premier League,2021,2021/2022,England
Brentford FC,Frank Onyeka,23.0,Central Midfield,FC Midtjylland,€10.00m,in,Summer,10.0,Premier League,2021,2021/2022,England
Brentford FC,Álvaro Fernández,23.0,Goalkeeper,SD Huesca,Loan fee:€1.00m,in,Summer,1.0,Premier League,2021,2021/2022,England
Brighton & Hove Albion,Enock Mwepu,23.0,Central Midfield,RB Salzburg,€23.00m,in,Summer,23.0,Premier League,2021,2021/2022,England
Brighton & Hove Albion,Marc Cucurella,23.0,Left-Back,Getafe,€18.00m,in,Summer,18.0,Premier League,2021,2021/2022,England
Brighton & Hove Albion,Abdallah Sima,20.0,Right Winger,Slavia Prague,€8.00m,in,Summer,8.0,Premier League,2021,2021/2022,England
Brighton & Hove Albion,Kjell Scherpen,21.0,Goalkeeper,Ajax,€5.00m,in,Summer,5.0,Premier League,2021,2021/2022,England
Brighton & Hove Albion,Kaoru Mitoma,24.0,Left Winger,Kawasaki Front.,€3.00m,in,Summer,3.0,Premier League,2021,2021/2022,England
Burnley FC,Maxwel Cornet,24.0,Left Winger,Olympique Lyon,€15.00m,in,Summer,15.0,Premier League,2021,2021/2022,England
Burnley FC,Nathan Collins,20.0,Centre-Back,Stoke City,€14.00m,in,Summer,14.0,Premier League,2021,2021/2022,England
Burnley FC,Connor Roberts,25.0,Right-Back,Swansea,€2.90m,in,Summer,2.9,Premier League,2021,2021/2022,England
Chelsea FC,Romelu Lukaku,28.0,Centre-Forward,Inter,€113.00m,in,Summer,113.0,Premier League,2021,2021/2022,England
Chelsea FC,Saúl Ñíguez,26.0,Central Midfield,Atlético Madrid,Loan fee:€5.00m,in,Summer,5.0,Premier League,2021,2021/2022,England
Crystal Palace,Marc Guéhi,21.0,Centre-Back,Chelsea U23,€23.34m,in,Summer,23.34,Premier League,2021,2021/2022,England
Crystal Palace,Joachim Andersen,25.0,Centre-Back,Olympique Lyon,€17.50m,in,Summer,17.5,Premier League,2021,2021/2022,England
Crystal Palace,Odsonne Edouard,23.0,Centre-Forward,Celtic,€16.30m,in,Summer,16.3,Premier League,2021,2021/2022,England
Crystal Palace,Michael Olise,19.0,Right Midfield,Reading,€9.30m,in,Summer,9.3,Premier League,2021,2021/2022,England
Crystal Palace,Will Hughes,26.0,Central Midfield,Watford,€7.00m,in,Summer,7.0,Premier League,2021,2021/2022,England
Everton FC,Demarai Gray,25.0,Left Winger,Bay. Leverkusen,€2.00m,in,Summer,2.0,Premier League,2021,2021/2022,England
Leeds United,Daniel James,23.0,Right Winger,Man Utd,€29.10m,in,Summer,29.1,Premier League,2021,2021/2022,England
Leeds United,Junior Firpo,24.0,Left-Back,Barcelona,€15.00m,in,Summer,15.0,Premier League,2021,2021/2022,England
Leeds United,Jack Harrison,24.0,Left Winger,Man City,€12.80m,in,Summer,12.8,Premier League,2021,2021/2022,England
Leeds United,Kristoffer Klaesson,20.0,Goalkeeper,Vålerenga,€2.00m,in,Summer,2.0,Premier League,2021,2021/2022,England
Leicester City,Patson Daka,22.0,Centre-Forward,RB Salzburg,€30.00m,in,Summer,30.0,Premier League,2021,2021/2022,England
Leicester City,Boubakary Soumaré,22.0,Defensive Midfield,LOSC Lille,€20.00m,in,Summer,20.0,Premier League,2021,2021/2022,England
Leicester City,Jannik Vestergaard,29.0,Centre-Back,Southampton,€17.60m,in,Summer,17.6,Premier League,2021,2021/2022,England
Liverpool FC,Ibrahima Konaté,22.0,Centre-Back,RB Leipzig,€40.00m,in,Summer,40.0,Premier League,2021,2021/2022,England
Manchester City,Jack Grealish,25.0,Left Winger,Aston Villa,€117.50m,in,Summer,117.5,Premier League,2021,2021/2022,England
Manchester United,Jadon Sancho,21.0,Left Winger,Bor. Dortmund,€85.00m,in,Summer,85.0,Premier League,2021,2021/2022,England
Manchester United,Raphaël Varane,28.0,Centre-Back,Real Madrid,€40.00m,in,Summer,40.0,Premier League,2021,2021/2022,England
Manchester United,Cristiano Ronaldo,36.0,Centre-Forward,Juventus,€15.00m,in,Summer,15.0,Premier League,2021,2021/2022,England
Newcastle United,Joe Willock,21.0,Central Midfield,Arsenal,€29.40m,in,Summer,29.4,Premier League,2021,2021/2022,England
Norwich City,Christos Tzolis,19.0,Left Winger,PAOK Salonika,€11.00m,in,Summer,11.0,Premier League,2021,2021/2022,England
Norwich City,Milot Rashica,25.0,Right Winger,Werder Bremen,€11.00m,in,Summer,11.0,Premier League,2021,2021/2022,England
Norwich City,Josh Sargent,21.0,Centre-Forward,Werder Bremen,€9.50m,in,Summer,9.5,Premier League,2021,2021/2022,England
Norwich City,Ben Gibson,28.0,Centre-Back,Burnley,€9.30m,in,Summer,9.3,Premier League,2021,2021/2022,England
Norwich City,Dimitrios Giannoulis,25.0,Left-Back,PAOK Salonika,€7.50m,in,Summer,7.5,Premier League,2021,2021/2022,England
Norwich City,Angus Gunn,25.0,Goalkeeper,Southampton,€5.85m,in,Summer,5.85,Premier League,2021,2021/2022,England
Norwich City,Ozan Kabak,21.0,Centre-Back,FC Schalke 04,Loan fee:€4.00m,in,Summer,4.0,Premier League,2021,2021/2022,England
Norwich City,Pierre Lees-Melou,28.0,Central Midfield,OGC Nice,€3.90m,in,Summer,3.9,Premier League,2021,2021/2022,England
Norwich City,Mathias Normann,25.0,Defensive Midfield,Rostov,Loan fee:€2.00m,in,Summer,2.0,Premier League,2021,2021/2022,England
Southampton FC,Adam Armstrong,24.0,Centre-Forward,Blackburn,€17.70m,in,Summer,17.7,Premier League,2021,2021/2022,England
Southampton FC,Romain Perraud,23.0,Left-Back,Stade Brestois,€12.00m,in,Summer,12.0,Premier League,2021,2021/2022,England
Southampton FC,Lyanco,24.0,Centre-Back,Torino,€7.50m,in,Summer,7.5,Premier League,2021,2021/2022,England
Southampton FC,Tino Livramento,18.0,Right-Back,Chelsea U23,€5.90m,in,Summer,5.9,Premier League,2021,2021/2022,England
Tottenham Hotspur,Emerson Royal,22.0,Right-Back,Barcelona,€25.00m,in,Summer,25.0,Premier League,2021,2021/2022,England
Tottenham Hotspur,Bryan Gil,20.0,Left Winger,Sevilla FC,€25.00m,in,Summer,25.0,Premier League,2021,2021/2022,England
Tottenham Hotspur,Pape Matar Sarr,18.0,Central Midfield,FC Metz,€16.90m,in,Summer,16.9,Premier League,2021,2021/2022,England
Watford FC,Imrân Louza,22.0,Central Midfield,FC Nantes,€10.00m,in,Summer,10.0,Premier League,2021,2021/2022,England
Watford FC,Emmanuel Dennis,23.0,Centre-Forward,Club Brugge,€4.00m,in,Summer,4.0,Premier League,2021,2021/2022,England
Watford FC,Moussa Sissoko,32.0,Central Midfield,Spurs,€3.50m,in,Summer,3.5,Premier League,2021,2021/2022,England
Watford FC,Ozan Tufan,26.0,Central Midfield,Fenerbahce,Loan fee:€1.00m,in,Summer,1.0,Premier League,2021,2021/2022,England
Watford FC,Mattie Pollock,19.0,Centre-Back,Grimsby Town,€300Th.,in,Summer,0.3,Premier League,2021,2021/2022,England
West Ham United,Kurt Zouma,26.0,Centre-Back,Chelsea,€35.00m,in,Summer,35.0,Premier League,2021,2021/2022,England
West Ham United,Nikola Vlasic,23.0,Attacking Midfield,CSKA Moscow,€30.00m,in,Summer,30.0,Premier League,2021,2021/2022,England
West Ham United,Alex Kral,23.0,Defensive Midfield,Spartak Moscow,Loan fee:€5.20m,in,Summer,5.2,Premier League,2021,2021/2022,England
West Ham United,Craig Dawson,31.0,Centre-Back,Watford,€2.30m,in,Summer,2.3,Premier League,2021,2021/2022,England
West Ham United,Alphonse Areola,28.0,Goalkeeper,Paris SG,Loan fee:€2.00m,in,Summer,2.0,Premier League,2021,2021/2022,England
Wolverhampton Wanderers,Rayan Aït-Nouri,20.0,Left-Back,Angers SCO,€11.10m,in,Summer,11.1,Premier League,2021,2021/2022,England
Wolverhampton Wanderers,José Sá,28.0,Goalkeeper,Olympiacos,€8.00m,in,Summer,8.0,Premier League,2021,2021/2022,England
Wolverhampton Wanderers,Francisco Trincão,21.0,Right Winger,Barcelona,Loan fee:€6.00m,in,Summer,6.0,Premier League,2021,2021/2022,England
Wolverhampton Wanderers,Yerson Mosquera,20.0,Centre-Back,Atl. Nacional,€5.20m,in,Summer,5.2,Premier League,2021,2021/2022,England
Wolverhampton Wanderers,Bendegúz Bolla,21.0,Right-Back,Fehérvár,€2.00m,in,Summer,2.0,Premier League,2021,2021/2022,England
Arsenal FC,Auston Trusty,23.0,Centre-Back,Colorado,€1.82m,in,Winter,1.82,Premier League,2021,2021/2022,England
Aston Villa,Lucas Digne,28.0,Left-Back,Everton,€30.00m,in,Winter,30.0,Premier League,2021,2021/2022,England
Brighton & Hove Albion,Kacper Kozlowski,18.0,Central Midfield,Pogon Szczecin,€11.00m,in,Winter,11.0,Premier League,2021,2021/2022,England
Brighton & Hove Albion,Deniz Undav,25.0,Centre-Forward,Union SG,€7.00m,in,Winter,7.0,Premier League,2021,2021/2022,England
Burnley FC,Wout Weghorst,29.0,Centre-Forward,VfL Wolfsburg,€17.50m,in,Winter,17.5,Premier League,2021,2021/2022,England
Crystal Palace,Jean-Philippe Mateta,24.0,Centre-Forward,1.FSV Mainz 05,€11.00m,in,Winter,11.0,Premier League,2021,2021/2022,England
Crystal Palace,Luke Plange,19.0,Centre-Forward,Derby,€1.18m,in,Winter,1.18,Premier League,2021,2021/2022,England
Everton FC,Vitaliy Mykolenko,22.0,Left-Back,Dynamo Kyiv,€23.50m,in,Winter,23.5,Premier League,2021,2021/2022,England
Everton FC,Nathan Patterson,20.0,Right-Back,Rangers,€14.00m,in,Winter,14.0,Premier League,2021,2021/2022,England
Liverpool FC,Luis Díaz,25.0,Left Winger,FC Porto,€47.00m,in,Winter,47.0,Premier League,2021,2021/2022,England
Manchester City,Julián Álvarez,22.0,Centre-Forward,River Plate,€17.00m,in,Winter,17.0,Premier League,2021,2021/2022,England
Newcastle United,Bruno Guimarães,24.0,Defensive Midfield,Olympique Lyon,€42.10m,in,Winter,42.1,Premier League,2021,2021/2022,England
Newcastle United,Kieran Trippier,31.0,Right-Back,Atlético Madrid,€30.00m,in,Winter,30.0,Premier League,2021,2021/2022,England
Newcastle United,Chris Wood,30.0,Centre-Forward,Burnley,€30.00m,in,Winter,30.0,Premier League,2021,2021/2022,England
Newcastle United,Dan Burn,29.0,Centre-Back,Brighton,€15.00m,in,Winter,15.0,Premier League,2021,2021/2022,England
Tottenham Hotspur,Rodrigo Bentancur,24.0,Central Midfield,Juventus,€19.00m,in,Winter,19.0,Premier League,2021,2021/2022,England
Tottenham Hotspur,Dejan Kulusevski,21.0,Right Winger,Juventus,Loan fee:€10.00m,in,Winter,10.0,Premier League,2021,2021/2022,England
Watford FC,Maduka Okoye,22.0,Goalkeeper,Sparta R.,€5.00m,in,Winter,5.0,Premier League,2021,2021/2022,England
Watford FC,Samir,27.0,Centre-Back,Udinese Calcio,€5.00m,in,Winter,5.0,Premier League,2021,2021/2022,England
Watford FC,Edo Kayembe,23.0,Defensive Midfield,KAS Eupen,€4.70m,in,Winter,4.7,Premier League,2021,2021/2022,England
Watford FC,Hassane Kamara,27.0,Left-Back,OGC Nice,€4.00m,in,Winter,4.0,Premier League,2021,2021/2022,England
Watford FC,Yaser Asprilla,18.0,Attacking Midfield,Envigado,€3.00m,in,Winter,3.0,Premier League,2021,2021/2022,England
Watford FC,Samuel Kalu,24.0,Right Winger,G. Bordeaux,€3.00m,in,Winter,3.0,Premier League,2021,2021/2022,England
Wolverhampton Wanderers,Chiquinho,21.0,Left Winger,Estoril Praia,€3.50m,in,Winter,3.5,Premier League,2021,2021/2022,England
Wolverhampton Wanderers,Sang-bin Jeong,19.0,Right Winger,Suwon Bluewings,€1.20m,in,Winter,1.2,Premier League,2021,2021/2022,England
Wolverhampton Wanderers,Hayao Kawabe,26.0,Central Midfield,Grasshoppers,€600Th.,in,Winter,0.6,Premier League,2021,2021/2022,England
Arsenal FC,Gabriel Jesus,25.0,Centre-Forward,Man City,€52.20m,in,Summer,52.2,Premier League,2022,2022/2023,England
Arsenal FC,Oleksandr Zinchenko,25.0,Left-Back,Man City,€35.00m,in,Summer,35.0,Premier League,2022,2022/2023,England
Arsenal FC,Fábio Vieira,22.0,Attacking Midfield,FC Porto,€35.00m,in,Summer,35.0,Premier League,2022,2022/2023,England
Arsenal FC,Matt Turner,28.0,Goalkeeper,New England,€6.36m,in,Summer,6.36,Premier League,2022,2022/2023,England
Arsenal FC,Marquinhos,19.0,Right Winger,São Paulo,€3.50m,in,Summer,3.5,Premier League,2022,2022/2023,England
Aston Villa,Diego Carlos,29.0,Centre-Back,Sevilla FC,€31.00m,in,Summer,31.0,Premier League,2022,2022/2023,England
Aston Villa,Philippe Coutinho,30.0,Left Winger,Barcelona,€20.00m,in,Summer,20.0,Premier League,2022,2022/2023,England
Aston Villa,Leander Dendoncker,27.0,Defensive Midfield,Wolves,€15.00m,in,Summer,15.0,Premier League,2022,2022/2023,England
Aston Villa,Robin Olsen,32.0,Goalkeeper,AS Roma,€3.50m,in,Summer,3.5,Premier League,2022,2022/2023,England
Aston Villa,Ludwig Augustinsson,28.0,Left-Back,Sevilla FC,Loan fee:€500Th.,in,Summer,0.5,Premier League,2022,2022/2023,England
AFC Bournemouth,Marcos Senesi,25.0,Centre-Back,Feyenoord,€15.00m,in,Summer,15.0,Premier League,2022,2022/2023,England
AFC Bournemouth,Marcus Tavernier,23.0,Central Midfield,Middlesbrough,€11.90m,in,Summer,11.9,Premier League,2022,2022/2023,England
Brentford FC,Keane Lewis-Potter,21.0,Left Winger,Hull City,€19.00m,in,Summer,19.0,Premier League,2022,2022/2023,England
Brentford FC,Aaron Hickey,20.0,Left-Back,Bologna,€16.50m,in,Summer,16.5,Premier League,2022,2022/2023,England
Brentford FC,Mikkel Damsgaard,22.0,Left Winger,Sampdoria,€15.00m,in,Summer,15.0,Premier League,2022,2022/2023,England
Brighton & Hove Albion,Pervis Estupiñán,24.0,Left-Back,Villarreal,€17.80m,in,Summer,17.8,Premier League,2022,2022/2023,England
Brighton & Hove Albion,Julio Enciso,18.0,Second Striker,Libertad,€11.60m,in,Summer,11.6,Premier League,2022,2022/2023,England
Brighton & Hove Albion,Billy Gilmour,21.0,Central Midfield,Chelsea,€10.40m,in,Summer,10.4,Premier League,2022,2022/2023,England
Brighton & Hove Albion,Simon Adingra,20.0,Left Winger,Nordsjaelland,€8.00m,in,Summer,8.0,Premier League,2022,2022/2023,England
Chelsea FC,Wesley Fofana,21.0,Centre-Back,Leicester,€80.40m,in,Summer,80.4,Premier League,2022,2022/2023,England
Chelsea FC,Marc Cucurella,24.0,Left-Back,Brighton,€65.30m,in,Summer,65.3,Premier League,2022,2022/2023,England
Chelsea FC,Raheem Sterling,27.0,Left Winger,Man City,€56.20m,in,Summer,56.2,Premier League,2022,2022/2023,England
Chelsea FC,Kalidou Koulibaly,31.0,Centre-Back,SSC Napoli,€38.00m,in,Summer,38.0,Premier League,2022,2022/2023,England
Chelsea FC,Carney Chukwuemeka,18.0,Central Midfield,Aston Villa,€18.00m,in,Summer,18.0,Premier League,2022,2022/2023,England
Chelsea FC,Pierre-Emerick Aubameyang,33.0,Centre-Forward,Barcelona,€12.00m,in,Summer,12.0,Premier League,2022,2022/2023,England
Chelsea FC,Gabriel Slonina,18.0,Goalkeeper,Chicago,€9.09m,in,Summer,9.09,Premier League,2022,2022/2023,England
Chelsea FC,Denis Zakaria,25.0,Defensive Midfield,Juventus,Loan fee:€3.00m,in,Summer,3.0,Premier League,2022,2022/2023,England
Crystal Palace,Cheick Doucouré,22.0,Defensive Midfield,Lens,€22.60m,in,Summer,22.6,Premier League,2022,2022/2023,England
Crystal Palace,Chris Richards,22.0,Centre-Back,Bayern Munich,€12.00m,in,Summer,12.0,Premier League,2022,2022/2023,England
Everton FC,Amadou Onana,20.0,Defensive Midfield,LOSC Lille,€35.00m,in,Summer,35.0,Premier League,2022,2022/2023,England
Everton FC,Dwight McNeil,22.0,Left Winger,Burnley,€24.00m,in,Summer,24.0,Premier League,2022,2022/2023,England
Everton FC,Neal Maupay,26.0,Centre-Forward,Brighton,€11.80m,in,Summer,11.8,Premier League,2022,2022/2023,England
Everton FC,James Garner,21.0,Defensive Midfield,Man Utd U21,€10.40m,in,Summer,10.4,Premier League,2022,2022/2023,England
Everton FC,Idrissa Gueye,32.0,Central Midfield,Paris SG,€4.00m,in,Summer,4.0,Premier League,2022,2022/2023,England
Fulham FC,João Palhinha,26.0,Defensive Midfield,Sporting CP,€20.00m,in,Summer,20.0,Premier League,2022,2022/2023,England
Fulham FC,Issa Diop,25.0,Centre-Back,West Ham,€17.80m,in,Summer,17.8,Premier League,2022,2022/2023,England
Fulham FC,Andreas Pereira,26.0,Attacking Midfield,Man Utd,€9.50m,in,Summer,9.5,Premier League,2022,2022/2023,England
Fulham FC,Kevin Mbabu,27.0,Right-Back,VfL Wolfsburg,€5.50m,in,Summer,5.5,Premier League,2022,2022/2023,England
Fulham FC,Carlos Vinícius,27.0,Centre-Forward,Benfica,€5.00m,in,Summer,5.0,Premier League,2022,2022/2023,England
Fulham FC,Bernd Leno,30.0,Goalkeeper,Arsenal,€3.60m,in,Summer,3.6,Premier League,2022,2022/2023,England
Leeds United,Brenden Aaronson,21.0,Attacking Midfield,RB Salzburg,€32.84m,in,Summer,32.84,Premier League,2022,2022/2023,England
Leeds United,Luis Sinisterra,23.0,Left Winger,Feyenoord,€25.00m,in,Summer,25.0,Premier League,2022,2022/2023,England
Leeds United,Tyler Adams,23.0,Defensive Midfield,RB Leipzig,€17.00m,in,Summer,17.0,Premier League,2022,2022/2023,England
Leeds United,Rasmus Kristensen,24.0,Right-Back,RB Salzburg,€13.00m,in,Summer,13.0,Premier League,2022,2022/2023,England
Leeds United,Marc Roca,25.0,Defensive Midfield,Bayern Munich,€12.00m,in,Summer,12.0,Premier League,2022,2022/2023,England
Leeds United,Darko Gyabi,18.0,Central Midfield,Man City U21,€5.80m,in,Summer,5.8,Premier League,2022,2022/2023,England
Leeds United,Wilfried Gnonto,18.0,Second Striker,FC Zürich,€4.50m,in,Summer,4.5,Premier League,2022,2022/2023,England
Leicester City,Wout Faes,24.0,Centre-Back,Stade Reims,€17.00m,in,Summer,17.0,Premier League,2022,2022/2023,England
Liverpool FC,Darwin Núñez,23.0,Centre-Forward,Benfica,€75.00m,in,Summer,75.0,Premier League,2022,2022/2023,England
Liverpool FC,Fábio Carvalho,19.0,Attacking Midfield,Fulham,€5.90m,in,Summer,5.9,Premier League,2022,2022/2023,England
Liverpool FC,Calvin Ramsay,18.0,Right-Back,Aberdeen FC,€4.90m,in,Summer,4.9,Premier League,2022,2022/2023,England
Liverpool FC,Arthur Melo,26.0,Central Midfield,Juventus,Loan fee:€4.50m,in,Summer,4.5,Premier League,2022,2022/2023,England
Manchester City,Erling Haaland,21.0,Centre-Forward,Bor. Dortmund,€60.00m,in,Summer,60.0,Premier League,2022,2022/2023,England
Manchester City,Kalvin Phillips,26.0,Defensive Midfield,Leeds,€49.00m,in,Summer,49.0,Premier League,2022,2022/2023,England
Manchester City,Manuel Akanji,27.0,Centre-Back,Bor. Dortmund,€17.50m,in,Summer,17.5,Premier League,2022,2022/2023,England
Manchester City,Sergio Gómez,21.0,Left-Back,RSC Anderlecht,€13.00m,in,Summer,13.0,Premier League,2022,2022/2023,England
Manchester United,Antony,22.0,Right Winger,Ajax,€95.00m,in,Summer,95.0,Premier League,2022,2022/2023,England
Manchester United,Casemiro,30.0,Defensive Midfield,Real Madrid,€70.65m,in,Summer,70.65,Premier League,2022,2022/2023,England
Manchester United,Lisandro Martínez,24.0,Centre-Back,Ajax,€57.37m,in,Summer,57.37,Premier League,2022,2022/2023,England
Manchester United,Tyrell Malacia,22.0,Left-Back,Feyenoord,€15.00m,in,Summer,15.0,Premier League,2022,2022/2023,England
Manchester United,Martin Dúbravka,33.0,Goalkeeper,Newcastle,Loan fee:€2.31m,in,Summer,2.31,Premier League,2022,2022/2023,England
Newcastle United,Alexander Isak,22.0,Centre-Forward,Real Sociedad,€70.00m,in,Summer,70.0,Premier League,2022,2022/2023,England
Newcastle United,Sven Botman,22.0,Centre-Back,LOSC Lille,€37.00m,in,Summer,37.0,Premier League,2022,2022/2023,England
Newcastle United,Matt Targett,26.0,Left-Back,Aston Villa,€17.50m,in,Summer,17.5,Premier League,2022,2022/2023,England
Newcastle United,Nick Pope,30.0,Goalkeeper,Burnley,€11.50m,in,Summer,11.5,Premier League,2022,2022/2023,England
Nottingham Forest,Morgan Gibbs-White,22.0,Attacking Midfield,Wolves,€29.50m,in,Summer,29.5,Premier League,2022,2022/2023,England
Nottingham Forest,Taiwo Awoniyi,24.0,Centre-Forward,Union Berlin,€20.50m,in,Summer,20.5,Premier League,2022,2022/2023,England
Nottingham Forest,Neco Williams,21.0,Right-Back,Liverpool,€20.00m,in,Summer,20.0,Premier League,2022,2022/2023,England
Nottingham Forest,Emmanuel Dennis,24.0,Centre-Forward,Watford,€14.80m,in,Summer,14.8,Premier League,2022,2022/2023,England
Nottingham Forest,Orel Mangala,24.0,Central Midfield,VfB Stuttgart,€13.00m,in,Summer,13.0,Premier League,2022,2022/2023,England
Nottingham Forest,Moussa Niakhaté,26.0,Centre-Back,1.FSV Mainz 05,€10.00m,in,Summer,10.0,Premier League,2022,2022/2023,England
Nottingham Forest,Giulian Biancone,22.0,Right-Back,Troyes,€10.00m,in,Summer,10.0,Premier League,2022,2022/2023,England
Nottingham Forest,Lewis O'Brien,23.0,Central Midfield,Huddersfield,€9.40m,in,Summer,9.4,Premier League,2022,2022/2023,England
Nottingham Forest,Remo Freuler,30.0,Central Midfield,Atalanta BC,€9.00m,in,Summer,9.0,Premier League,2022,2022/2023,England
Nottingham Forest,Omar Richards,24.0,Left-Back,Bayern Munich,€8.50m,in,Summer,8.5,Premier League,2022,2022/2023,England
Nottingham Forest,Renan Lodi,24.0,Left-Back,Atlético Madrid,Loan fee:€5.00m,in,Summer,5.0,Premier League,2022,2022/2023,England
Nottingham Forest,Ui-jo Hwang,29.0,Centre-Forward,G. Bordeaux,€4.00m,in,Summer,4.0,Premier League,2022,2022/2023,England
Nottingham Forest,Willy Boly,31.0,Centre-Back,Wolves,€2.60m,in,Summer,2.6,Premier League,2022,2022/2023,England
Nottingham Forest,Harry Toffolo,26.0,Left-Back,Huddersfield,€2.40m,in,Summer,2.4,Premier League,2022,2022/2023,England
Nottingham Forest,Josh Bowler,23.0,Right Winger,Blackpool,€2.30m,in,Summer,2.3,Premier League,2022,2022/2023,England
Nottingham Forest,Brandon Aguilera,19.0,Attacking Midfield,LD Alajuelense,€950Th.,in,Summer,0.95,Premier League,2022,2022/2023,England
Southampton FC,Gavin Bazunu,20.0,Goalkeeper,Man City U21,€14.00m,in,Summer,14.0,Premier League,2022,2022/2023,England
Southampton FC,Sékou Mara,19.0,Centre-Forward,G. Bordeaux,€13.00m,in,Summer,13.0,Premier League,2022,2022/2023,England
Southampton FC,Roméo Lavia,18.0,Defensive Midfield,Man City U21,€12.30m,in,Summer,12.3,Premier League,2022,2022/2023,England
Southampton FC,Duje Caleta-Car,25.0,Centre-Back,Marseille,€10.00m,in,Summer,10.0,Premier League,2022,2022/2023,England
Southampton FC,Armel Bella-Kotchap,20.0,Centre-Back,VfL Bochum,€10.00m,in,Summer,10.0,Premier League,2022,2022/2023,England
Southampton FC,Joe Aribo,25.0,Central Midfield,Rangers,€7.10m,in,Summer,7.1,Premier League,2022,2022/2023,England
Southampton FC,Juan Larios,18.0,Left-Back,Man City U21,€7.00m,in,Summer,7.0,Premier League,2022,2022/2023,England
Tottenham Hotspur,Richarlison,25.0,Centre-Forward,Everton,€58.00m,in,Summer,58.0,Premier League,2022,2022/2023,England
Tottenham Hotspur,Cristian Romero,24.0,Centre-Back,Atalanta BC,€50.00m,in,Summer,50.0,Premier League,2022,2022/2023,England
Tottenham Hotspur,Yves Bissouma,25.0,Central Midfield,Brighton,€29.20m,in,Summer,29.2,Premier League,2022,2022/2023,England
Tottenham Hotspur,Destiny Udogie,19.0,Left-Back,Udinese Calcio,€18.00m,in,Summer,18.0,Premier League,2022,2022/2023,England
Tottenham Hotspur,Djed Spence,21.0,Right-Back,Middlesbrough,€14.70m,in,Summer,14.7,Premier League,2022,2022/2023,England
West Ham United,Lucas Paquetá,25.0,Attacking Midfield,Olympique Lyon,€42.95m,in,Summer,42.95,Premier League,2022,2022/2023,England
West Ham United,Gianluca Scamacca,23.0,Centre-Forward,Sassuolo,€36.00m,in,Summer,36.0,Premier League,2022,2022/2023,England
West Ham United,Nayef Aguerd,26.0,Centre-Back,Stade Rennais,€35.00m,in,Summer,35.0,Premier League,2022,2022/2023,England
West Ham United,Maxwel Cornet,25.0,Left Winger,Burnley,€20.70m,in,Summer,20.7,Premier League,2022,2022/2023,England
West Ham United,Emerson,28.0,Left-Back,Chelsea,€15.40m,in,Summer,15.4,Premier League,2022,2022/2023,England
West Ham United,Thilo Kehrer,25.0,Centre-Back,Paris SG,€12.00m,in,Summer,12.0,Premier League,2022,2022/2023,England
West Ham United,Flynn Downes,23.0,Central Midfield,Swansea,€10.65m,in,Summer,10.65,Premier League,2022,2022/2023,England
West Ham United,Alphonse Areola,29.0,Goalkeeper,Paris SG,€9.30m,in,Summer,9.3,Premier League,2022,2022/2023,England
Wolverhampton Wanderers,Matheus Nunes,23.0,Central Midfield,Sporting CP,€45.00m,in,Summer,45.0,Premier League,2022,2022/2023,England
Wolverhampton Wanderers,Gonçalo Guedes,25.0,Left Winger,Valencia,€32.60m,in,Summer,32.6,Premier League,2022,2022/2023,England
Wolverhampton Wanderers,Nathan Collins,21.0,Centre-Back,Burnley,€24.30m,in,Summer,24.3,Premier League,2022,2022/2023,England
Wolverhampton Wanderers,Sasa Kalajdzic,25.0,Centre-Forward,VfB Stuttgart,€18.00m,in,Summer,18.0,Premier League,2022,2022/2023,England
Wolverhampton Wanderers,Hee-chan Hwang,26.0,Centre-Forward,RB Leipzig,€16.70m,in,Summer,16.7,Premier League,2022,2022/2023,England
Arsenal FC,Jakub Kiwior,22.0,Centre-Back,Spezia Calcio,€25.00m,in,Winter,25.0,Premier League,2022,2022/2023,England
Arsenal FC,Leandro Trossard,28.0,Left Winger,Brighton,€24.00m,in,Winter,24.0,Premier League,2022,2022/2023,England
Arsenal FC,Jorginho,31.0,Defensive Midfield,Chelsea,€11.30m,in,Winter,11.3,Premier League,2022,2022/2023,England
Aston Villa,Jhon Durán,19.0,Centre-Forward,Chicago,€16.64m,in,Winter,16.64,Premier League,2022,2022/2023,England
Aston Villa,Álex Moreno,29.0,Left-Back,Real Betis,€13.50m,in,Winter,13.5,Premier League,2022,2022/2023,England
AFC Bournemouth,Ilya Zabarnyi,20.0,Centre-Back,Dynamo Kyiv,€22.70m,in,Winter,22.7,Premier League,2022,2022/2023,England
AFC Bournemouth,Dango Ouattara,20.0,Right Winger,FC Lorient,€22.50m,in,Winter,22.5,Premier League,2022,2022/2023,England
AFC Bournemouth,Antoine Semenyo,23.0,Centre-Forward,Bristol City,€10.25m,in,Winter,10.25,Premier League,2022,2022/2023,England
AFC Bournemouth,Matías Viña,25.0,Left-Back,AS Roma,Loan fee:€750k,in,Winter,0.75,Premier League,2022,2022/2023,England
Brentford FC,Kevin Schade,21.0,Right Winger,SC Freiburg,Loan fee:€1.00m,in,Winter,1.0,Premier League,2022,2022/2023,England
Brighton & Hove Albion,Facundo Buonanotte,18.0,Attacking Midfield,Rosario Central,€6.00m,in,Winter,6.0,Premier League,2022,2022/2023,England
Brighton & Hove Albion,Yasin Ayari,19.0,Central Midfield,AIK,€4.00m,in,Winter,4.0,Premier League,2022,2022/2023,England
Chelsea FC,Enzo Fernández,22.0,Central Midfield,Benfica,€121.00m,in,Winter,121.0,Premier League,2022,2022/2023,England
Chelsea FC,Mykhaylo Mudryk,22.0,Left Winger,Shakhtar D.,€70.00m,in,Winter,70.0,Premier League,2022,2022/2023,England
Chelsea FC,Benoît Badiashile,21.0,Centre-Back,Monaco,€38.00m,in,Winter,38.0,Premier League,2022,2022/2023,England
Chelsea FC,Noni Madueke,20.0,Right Winger,PSV Eindhoven,€35.00m,in,Winter,35.0,Premier League,2022,2022/2023,England
Chelsea FC,Malo Gusto,19.0,Right-Back,Olympique Lyon,€30.00m,in,Winter,30.0,Premier League,2022,2022/2023,England
Chelsea FC,Andrey Santos,18.0,Central Midfield,Vasco da Gama,€12.50m,in,Winter,12.5,Premier League,2022,2022/2023,England
Chelsea FC,David Datro Fofana,20.0,Centre-Forward,Molde,€12.00m,in,Winter,12.0,Premier League,2022,2022/2023,England
Chelsea FC,João Félix,23.0,Second Striker,Atlético Madrid,Loan fee:€11.00m,in,Winter,11.0,Premier League,2022,2022/2023,England
Crystal Palace,Naouirou Ahamada,20.0,Central Midfield,VfB Stuttgart,€12.00m,in,Winter,12.0,Premier League,2022,2022/2023,England
Fulham FC,Sasa Lukic,26.0,Central Midfield,Torino,€9.10m,in,Winter,9.1,Premier League,2022,2022/2023,England
Leeds United,Georginio Rutter,20.0,Centre-Forward,TSG Hoffenheim,€28.00m,in,Winter,28.0,Premier League,2022,2022/2023,England
Leeds United,Maximilian Wöber,24.0,Centre-Back,RB Salzburg,€12.00m,in,Winter,12.0,Premier League,2022,2022/2023,England
Leeds United,Weston McKennie,24.0,Central Midfield,Juventus,Loan fee:€1.25m,in,Winter,1.25,Premier League,2022,2022/2023,England
Leicester City,Harry Souttar,24.0,Centre-Back,Stoke City,€17.00m,in,Winter,17.0,Premier League,2022,2022/2023,England
Leicester City,Victor Kristiansen,20.0,Left-Back,FC Copenhagen,€14.00m,in,Winter,14.0,Premier League,2022,2022/2023,England
Liverpool FC,Cody Gakpo,23.0,Left Winger,PSV Eindhoven,€42.00m,in,Winter,42.0,Premier League,2022,2022/2023,England
Manchester City,Máximo Perrone,20.0,Defensive Midfield,Vélez Sarsfield,€11.00m,in,Winter,11.0,Premier League,2022,2022/2023,England
Manchester United,Wout Weghorst,30.0,Centre-Forward,Burnley,Loan fee:€2.96m,in,Winter,2.96,Premier League,2022,2022/2023,England
Newcastle United,Anthony Gordon,21.0,Left Winger,Everton,€45.60m,in,Winter,45.6,Premier League,2022,2022/2023,England
Newcastle United,Harrison Ashby,21.0,Right-Back,West Ham U21,€3.40m,in,Winter,3.4,Premier League,2022,2022/2023,England
Newcastle United,Garang Kuol,18.0,Right Winger,Central Coast,€350k,in,Winter,0.35,Premier League,2022,2022/2023,England
Nottingham Forest,Danilo,21.0,Defensive Midfield,Palmeiras,€20.00m,in,Winter,20.0,Premier League,2022,2022/2023,England
Nottingham Forest,Felipe,33.0,Centre-Back,Atlético Madrid,€2.30m,in,Winter,2.3,Premier League,2022,2022/2023,England
Southampton FC,Kamaldeen Sulemana,20.0,Left Winger,Rennes,€25.00m,in,Winter,25.0,Premier League,2022,2022/2023,England
Southampton FC,Paul Onuachu,28.0,Centre-Forward,KRC Genk,€18.00m,in,Winter,18.0,Premier League,2022,2022/2023,England
Southampton FC,Carlos Alcaraz,20.0,Central Midfield,Racing Club,€13.65m,in,Winter,13.65,Premier League,2022,2022/2023,England
Southampton FC,Mislav Orsic,30.0,Left Winger,Dinamo Zagreb,€5.75m,in,Winter,5.75,Premier League,2022,2022/2023,England
Southampton FC,James Bree,25.0,Right-Back,Luton,€850k,in,Winter,0.85,Premier League,2022,2022/2023,England
Tottenham Hotspur,Pedro Porro,23.0,Right-Back,Sporting CP,Loan fee:€5.00m,in,Winter,5.0,Premier League,2022,2022/2023,England
Tottenham Hotspur,Arnaut Danjuma,25.0,Left Winger,Villarreal,Loan fee:€3.00m,in,Winter,3.0,Premier League,2022,2022/2023,England
West Ham United,Danny Ings,30.0,Centre-Forward,Aston Villa,€12.00m,in,Winter,12.0,Premier League,2022,2022/2023,England
Wolverhampton Wanderers,João Gomes,21.0,Central Midfield,Flamengo,€18.70m,in,Winter,18.7,Premier League,2022,2022/2023,England
Wolverhampton Wanderers,Mario Lemina,29.0,Defensive Midfield,OGC Nice,€11.00m,in,Winter,11.0,Premier League,2022,2022/2023,England
Wolverhampton Wanderers,Pablo Sarabia,30.0,Right Winger,Paris SG,€5.00m,in,Winter,5.0,Premier League,2022,2022/2023,England
Wolverhampton Wanderers,Craig Dawson,32.0,Centre-Back,West Ham,€3.75m,in,Winter,3.75,Premier League,2022,2022/2023,England
Wolverhampton Wanderers,Daniel Bentley,29.0,Goalkeeper,Bristol City,€57k,in,Winter,0.057,Premier League,2022,2022/2023,England
